filepath,label
data/original_images/ballpoint/DBBAPAB2KVCF.jpg,ballpoint
data/original_images/files/RRBNJVJEFMJF_aug.jpg,files
data/original_images/mouse/2MTJ2MYUX7BD.jpg,mouse
data/original_images/files/7JZOQYT3NK5E.jpg,files
data/original_images/mug/I5ZBHRUH18KB.jpg,mug
data/original_images/binder/SHBXB6NOCOGE.jpg,binder
data/original_images/headphone/E0VQCSTA64S7_aug.jpg,headphone
data/original_images/binder/1IM92LTNX55A.jpg,binder
data/original_images/mug/19LYBJDK8MW8.jpg,mug
data/original_images/files/SPN2E5K53NPH.jpg,files
data/original_images/headphone/EY78Z4KRQMRE.jpg,headphone
data/original_images/ballpoint/WCHV0AEARZCV.jpg,ballpoint
data/original_images/headphone/H1UHI2GIT99U_aug.jpg,headphone
data/original_images/mug/9665HVYKORQT.jpg,mug
data/original_images/mug/images - 2022-03-30T094206.802.jpg,mug
data/original_images/ballpoint/3CEDY271E5WE.jpg,ballpoint
data/original_images/files/YFRW4VB2SF81.jpg,files
data/original_images/mouse/UM3QZ5CCD2I9.jpg,mouse
data/original_images/headphone/GHIQPLYO7TFW_aug.jpg,headphone
data/original_images/headphone/N077LH95R93D.jpg,headphone
data/original_images/mouse/WHWRKOHBO0UE.jpg,mouse
data/original_images/binder/P8DEYVT9KAYL.jpg,binder
data/original_images/binder/65JJRNVP7EV5.jpg,binder
data/original_images/binder/PXTKM4TC9XG9_aug.jpg,binder
data/original_images/ballpoint/8JBEYTZIRMIB.jpg,ballpoint
data/original_images/mouse/VQCG4U8S6E9E.jpg,mouse
data/original_images/mug/images - 2022-03-29T161629.333.jpg,mug
data/original_images/mug/W1D6DB9JSH9G.jpg,mug
data/original_images/mug/images (60).jpg,mug
data/original_images/mouse/M9SJYX8R46ST.jpg,mouse
data/original_images/mug/3909CD9N29DD.jpg,mug
data/original_images/binder/C9A8LWZE1J4F.jpg,binder
data/original_images/mouse/LTKLC4QRNFVO.jpg,mouse
data/original_images/mouse/SM4EDX57E09D.jpg,mouse
data/original_images/binder/ZA0GW6FTDS8K.jpg,binder
data/original_images/headphone/NZOX4G7Z9VEL_aug.jpg,headphone
data/original_images/mouse/MP5E5BJ7SPEX.jpg,mouse
data/original_images/mouse/KL9PH58SCN8Q.jpg,mouse
data/original_images/ballpoint/USD2QDQL3HJ1.jpg,ballpoint
data/original_images/ballpoint/I2M9AHNEO364.jpg,ballpoint
data/original_images/binder/ZQRVIHEP9H1I_aug.jpg,binder
data/original_images/mug/LFE4B7LVG82T.jpg,mug
data/original_images/headphone/T1Q8KORL6LKM.jpg,headphone
data/original_images/files/1HU2Y0A40GFM.jpg,files
data/original_images/headphone/T410541ZXACX.jpg,headphone
data/original_images/binder/CN33MVSQV28B_aug.jpg,binder
data/original_images/headphone/55KOIVZR4FRI.jpg,headphone
data/original_images/mouse/R92SU5F3MPSH.jpg,mouse
data/original_images/headphone/EI9Q1RFAM3MH_aug.jpg,headphone
data/original_images/binder/M7O07GELMDLJ.jpg,binder
data/original_images/binder/ZR2CMNN9QOON.jpg,binder
data/original_images/headphone/IW63VPD005W3_aug.jpg,headphone
data/original_images/headphone/PCAHCKMILTNT.jpg,headphone
data/original_images/files/PAU8CI7QI6CN.jpg,files
data/original_images/mug/images - 2022-03-29T161201.005.jpg,mug
data/original_images/files/9H06BEBYIEZN.jpg,files
data/original_images/files/L26RKPHN26QF.jpg,files
data/original_images/headphone/XEX6I47MLA31.jpg,headphone
data/original_images/mug/Screenshot 2022-03-30 102620sdfsdfdf.png,mug
data/original_images/mug/images - 2022-03-30T094636.119.jpg,mug
data/original_images/headphone/images (140).jpeg,headphone
data/original_images/files/G0MGU9ZMI91F.jpg,files
data/original_images/headphone/F82MGV6FZ3H8.jpg,headphone
data/original_images/mug/images - 2022-03-30T104352.924.jpg,mug
data/original_images/mug/TQLKBPOI0K18.jpg,mug
data/original_images/mouse/G2Q217TD4FAV.jpg,mouse
data/original_images/files/4FFOHS37N4KL.jpg,files
data/original_images/files/JXRSENO293HW.jpg,files
data/original_images/files/YTIRD4S998NJ.jpg,files
data/original_images/binder/RF1ABRZGQL1E.jpg,binder
data/original_images/mouse/ORK6MNEJ3XON.jpg,mouse
data/original_images/mug/images - 2022-03-30T094243.423.jpg,mug
data/original_images/binder/89RSQ1PO5OT5_aug.jpg,binder
data/original_images/mug/YH6WSTXNA9UL.jpg,mug
data/original_images/binder/F7FSWXZV2DOP.jpg,binder
data/original_images/files/3DQPXO16KKJ1.jpg,files
data/original_images/binder/75NH295TD7XO.jpg,binder
data/original_images/ballpoint/WNG1J859ZOSN.jpg,ballpoint
data/original_images/headphone/TBOJETF1YMK1.jpg,headphone
data/original_images/mug/ODNGWBWC2NAR_aug.jpg,mug
data/original_images/binder/T5V7ETU8F4KN_aug.jpg,binder
data/original_images/binder/F306AVNZV1MK.jpg,binder
data/original_images/mouse/VYJ07GIRS69F.jpg,mouse
data/original_images/files/2JGRR7FCLQGS.jpg,files
data/original_images/mouse/4O5RC0CTCX47.jpg,mouse
data/original_images/files/LI0JCSW7VNV5.jpg,files
data/original_images/files/O3ZDFJPY0WOK.jpg,files
data/original_images/headphone/2NRZ2QKO57TA.jpg,headphone
data/original_images/headphone/11F6EPZYAGZU.jpg,headphone
data/original_images/binder/ZJEJE1YJQ5LI_aug.jpg,binder
data/original_images/mouse/7KR1YV6FVDST.jpg,mouse
data/original_images/binder/E9GLFVVABBP7.jpg,binder
data/original_images/files/QLCX2FYWKRGP.jpg,files
data/original_images/mouse/CX9DU79R3H8U.jpg,mouse
data/original_images/binder/DEFIDWKNX2HR.jpg,binder
data/original_images/mug/28OD46YCPG2L.jpg,mug
data/original_images/mug/images - 2022-03-30T094243.391.jpg,mug
data/original_images/mug/K3ESHWKG9T0S_aug.jpg,mug
data/original_images/mug/images (17).jpg,mug
data/original_images/headphone/5KNERQXHRAZC.jpg,headphone
data/original_images/headphone/8NK668IWT4KS.jpg,headphone
data/original_images/headphone/VC63NMJZT2EC.jpg,headphone
data/original_images/mug/images (73).jpg,mug
data/original_images/ballpoint/RIEAWMCAMQZO.jpg,ballpoint
data/original_images/files/T7KI9VO6NBS3.jpg,files
data/original_images/binder/ERX3FMQWF2WP_aug.jpg,binder
data/original_images/mouse/HPBHNNE5VDCQ.jpg,mouse
data/original_images/files/QTUDN3M7II2X.jpg,files
data/original_images/ballpoint/AHRTT70O9T2R.jpg,ballpoint
data/original_images/files/SYADF86SADYQ.jpg,files
data/original_images/mug/X3VTNNU7NVP9_aug.jpg,mug
data/original_images/ballpoint/H4EK82Y9Y4KB.jpg,ballpoint
data/original_images/files/CNVYAHBWJUXS.jpg,files
data/original_images/headphone/JS2E794FTH2C.jpg,headphone
data/original_images/files/9R7NP6D7B3JO.jpg,files
data/original_images/mouse/LUNDF55HONKA.jpg,mouse
data/original_images/files/7E8KZ1T0J0QQ.jpg,files
data/original_images/mouse/1120UXUI1S7R.jpg,mouse
data/original_images/headphone/05IHYWTGML52_aug.jpg,headphone
data/original_images/mouse/ZK9OYYFZIMU1.jpg,mouse
data/original_images/binder/ZNNYCFB350OY_aug.jpg,binder
data/original_images/mouse/0FLI0LRQ7MZI.jpg,mouse
data/original_images/files/PRS0WXVUO7G6_aug.jpg,files
data/original_images/ballpoint/G2XRF17TYDPD.jpg,ballpoint
data/original_images/binder/IM0W6UKKCHO7.jpg,binder
data/original_images/mug/3909CD9N29DD_aug.jpg,mug
data/original_images/ballpoint/W33E18FDXYAD.jpg,ballpoint
data/original_images/mouse/BDC7J9P5APYV.jpg,mouse
data/original_images/ballpoint/L2OI54WE65QN.jpg,ballpoint
data/original_images/mug/images - 2022-03-29T155402.850.jpg,mug
data/original_images/binder/Q83NQGL1NGSY.jpg,binder
data/original_images/mouse/1F9U7EKXHFZ8.jpg,mouse
data/original_images/files/Y8N38CQHF45W.jpg,files
data/original_images/ballpoint/4V7ZI8H8FCXJ.jpg,ballpoint
data/original_images/files/X5SZSGF028D4_aug.jpg,files
data/original_images/headphone/images (115).jpeg,headphone
data/original_images/files/D0YFZ9F0Y9S0.jpg,files
data/original_images/mug/DUJFLMXNBGBV.jpg,mug
data/original_images/binder/L3025JFWGT2V.jpg,binder
data/original_images/headphone/8E2PUB1G33K6.jpg,headphone
data/original_images/binder/3ZDNZBFA7CU0.jpg,binder
data/original_images/mouse/SCH6OZ54SAR5.jpg,mouse
data/original_images/binder/Q51OIH3HDKXW.jpg,binder
data/original_images/files/YJFQVAHV2HGE_aug.jpg,files
data/original_images/mug/Screenshot 2022-03-30 101540asddddddd.png,mug
data/original_images/ballpoint/PHBHJQSF570I.jpg,ballpoint
data/original_images/binder/NDGOHOYUX1MP.jpg,binder
data/original_images/ballpoint/PW1D2Z5YYKPI.jpg,ballpoint
data/original_images/files/XCG0EJIXEODE_aug.jpg,files
data/original_images/files/M2JEO2JWM2OX.jpg,files
data/original_images/mouse/SBLN5IOA84T4.jpg,mouse
data/original_images/mouse/9LABM4J3Z5FJ.jpg,mouse
data/original_images/ballpoint/HMUG3TXRVCCV.jpg,ballpoint
data/original_images/headphone/images (145).jpeg,headphone
data/original_images/ballpoint/42HIRQUILMMS.jpg,ballpoint
data/original_images/mouse/62RXSZOB2IFD.jpg,mouse
data/original_images/mug/OUB8FNC3M24E.jpg,mug
data/original_images/ballpoint/YQSY0YAAFN3M.jpg,ballpoint
data/original_images/ballpoint/L68DQDE5S2RZ.jpg,ballpoint
data/original_images/mug/images - 2022-03-29T155402.476.jpg,mug
data/original_images/binder/9I7THNZ4JAX4.jpg,binder
data/original_images/mouse/AR5VRAY039UT.jpg,mouse
data/original_images/mug/images (61).jpg,mug
data/original_images/files/ZFZWTK14N0UO.jpg,files
data/original_images/mug/42TXNHTDN7VO.jpg,mug
data/original_images/headphone/images (93).jpeg,headphone
data/original_images/binder/U864PB62FKK4.jpg,binder
data/original_images/binder/AWWZP5WHYIL0.jpg,binder
data/original_images/mug/MM0TTJNQWHX0.jpg,mug
data/original_images/files/YLHQ6IRG5HOX_aug.jpg,files
data/original_images/files/689WFXESE9MD.jpg,files
data/original_images/ballpoint/28UBMMO2ZRRM.jpg,ballpoint
data/original_images/mug/JGDXO7JNCIRH_aug.jpg,mug
data/original_images/ballpoint/3ZJUMNWB2O56.jpg,ballpoint
data/original_images/headphone/F7KF0ML5DIC2.jpg,headphone
data/original_images/mouse/CW7NPB02DGN9.jpg,mouse
data/original_images/mug/images (15).jpg,mug
data/original_images/binder/SAS6BXN82DKA.jpg,binder
data/original_images/binder/8YP5CWC0EIYT.jpg,binder
data/original_images/mug/TZ72NU4OQO00_aug.jpg,mug
data/original_images/binder/S5V42E40R087.jpg,binder
data/original_images/binder/IUTAETPLV4HX.jpg,binder
data/original_images/ballpoint/H461NRP4YAJJ.jpg,ballpoint
data/original_images/ballpoint/7I00TPKCWVE0.jpg,ballpoint
data/original_images/ballpoint/E65G4YD452S3.jpg,ballpoint
data/original_images/binder/KU6JK8S1DUTS.jpg,binder
data/original_images/mug/UJXZLKC4H3IM.jpg,mug
data/original_images/ballpoint/XHYYUIVUS0BX.jpg,ballpoint
data/original_images/files/OR48M4D53GX0.jpg,files
data/original_images/headphone/CLTKIHE030UM.jpg,headphone
data/original_images/files/VCPUB6ANH4DR.jpg,files
data/original_images/mouse/TYY3GU5KPDX1.jpg,mouse
data/original_images/headphone/VVZYTBBQ1YVQ_aug.jpg,headphone
data/original_images/mug/ZDH0XQ222Y3S_aug.jpg,mug
data/original_images/mouse/SFNMN4B7DJZN.jpg,mouse
data/original_images/headphone/PTK3PUFLO8OU.jpg,headphone
data/original_images/binder/L624DISBWZV3_aug.jpg,binder
data/original_images/mug/images - 2022-03-30T094206.803.jpg,mug
data/original_images/binder/THJ6AWELTTD7.jpg,binder
data/original_images/mouse/AIUFYEZBDT9U.jpg,mouse
data/original_images/files/BJD5EBQRRZ5P.jpg,files
data/original_images/files/L4S07OK35NSC.jpg,files
data/original_images/binder/6G1J1DCGBH71.jpg,binder
data/original_images/mug/S38BSI0MDJQL_aug.jpg,mug
data/original_images/headphone/images (92).jpeg,headphone
data/original_images/binder/TT0LQ6VIFQHK.jpg,binder
data/original_images/binder/8BKLH56580IE.jpg,binder
data/original_images/binder/00CL5DCIVXV3.jpg,binder
data/original_images/headphone/9O78QRD0T7QA_aug.jpg,headphone
data/original_images/mug/4DQ2J1U176X0.jpg,mug
data/original_images/binder/AK8VKL3R7FMH_aug.jpg,binder
data/original_images/headphone/MGSRTW02XBB2.jpg,headphone
data/original_images/mug/WK2PNWOD30LR_aug.jpg,mug
data/original_images/mug/images (79).jpg,mug
data/original_images/headphone/IL3ITHWC9EKE.jpg,headphone
data/original_images/files/8LW5QUWEGFSH.jpg,files
data/original_images/headphone/KV0Z0M5GDJHP.jpg,headphone
data/original_images/headphone/BT5SXBCMV0T9.jpg,headphone
data/original_images/binder/BA5YNQ84Z2N1.jpg,binder
data/original_images/ballpoint/JAOFGC7CCRYZ.jpg,ballpoint
data/original_images/mouse/1BX80DCIV47N.jpg,mouse
data/original_images/mouse/Y4PV2GF4TAVF.jpg,mouse
data/original_images/mouse/WSYCUP41UAS2.jpg,mouse
data/original_images/mug/TODCSLIYRTVC.jpg,mug
data/original_images/binder/TT9VG6A0A3ZV.jpg,binder
data/original_images/mug/images - 2022-03-30T094104.870.jpg,mug
data/original_images/headphone/REJJ0BFL9856_aug.jpg,headphone
data/original_images/headphone/images (25).jpeg,headphone
data/original_images/ballpoint/ZARGV8YBVSN8.jpg,ballpoint
data/original_images/ballpoint/U70P7J9SA0OQ.jpg,ballpoint
data/original_images/ballpoint/2ZOG3S91U2MS.jpg,ballpoint
data/original_images/files/ZK3Z72SYEGTX.jpg,files
data/original_images/binder/SFUSF2TNMLHX.jpg,binder
data/original_images/mouse/QF38B8XA89B7.jpg,mouse
data/original_images/mug/QQUC1RP5HSLQ.jpg,mug
data/original_images/mouse/Y3APSJP41WWK.jpg,mouse
data/original_images/headphone/NPQXESOW425Q.jpg,headphone
data/original_images/mug/images - 2022-03-29T160531.950.jpg,mug
data/original_images/mug/V9LQIB3RQM3R.jpg,mug
data/original_images/headphone/28EE97ZSZJ2F.jpg,headphone
data/original_images/binder/8275BGKQ7ZXJ_aug.jpg,binder
data/original_images/binder/K09D2RNG29GE.jpg,binder
data/original_images/mouse/63PFJH8FHWO5.jpg,mouse
data/original_images/mug/images - 2022-03-29T161629.240.jpg,mug
data/original_images/headphone/images (2).jpeg,headphone
data/original_images/mouse/D3N9EUMCV6VC.jpg,mouse
data/original_images/binder/NT74VO3TIZ2E.jpg,binder
data/original_images/mouse/TTG63E9AYEGU.jpg,mouse
data/original_images/headphone/KFCXL6OAHF7M.jpg,headphone
data/original_images/mug/841GMVFU8THD.jpg,mug
data/original_images/binder/546KEDSQ4YZJ.jpg,binder
data/original_images/ballpoint/1I79MS0B68V4.jpg,ballpoint
data/original_images/files/QA54PZ38GH0D_aug.jpg,files
data/original_images/mug/NGYTEK660E3Y.jpg,mug
data/original_images/mug/3ZK619MHY37T.jpg,mug
data/original_images/binder/K5M5JYUVRZMS.jpg,binder
data/original_images/mug/DBOQHGW005X5.jpg,mug
data/original_images/headphone/W8C72Z2YO6I8.jpg,headphone
data/original_images/files/33KZ3WBIS59N.jpg,files
data/original_images/mug/2ERLS9JH8APE.jpg,mug
data/original_images/mouse/MIL07R07CHWH.jpg,mouse
data/original_images/headphone/QXXDSI9AXEQM.jpg,headphone
data/original_images/ballpoint/6QU8FFG6NSO6.jpg,ballpoint
data/original_images/files/VU5YZHPB6M6S_aug.jpg,files
data/original_images/binder/PYAWAEWGU617.jpg,binder
data/original_images/files/PMGI409B7Z3Z.jpg,files
data/original_images/ballpoint/I2R5TWQ6LHB6.jpg,ballpoint
data/original_images/mouse/GLAPO7INQ0HW.jpg,mouse
data/original_images/ballpoint/VRIWP4S278QJ.jpg,ballpoint
data/original_images/files/CO10AAR226VP.jpg,files
data/original_images/binder/MEC8UQI1S7HS.jpg,binder
data/original_images/headphone/W6UYB78U2CYD.jpg,headphone
data/original_images/mouse/35RFJJANHLSQ.jpg,mouse
data/original_images/mug/images - 2022-03-29T161200.821.jpg,mug
data/original_images/files/TAQK8XQVXNUF.jpg,files
data/original_images/headphone/images (105).jpeg,headphone
data/original_images/binder/ME1NP71L828U.jpg,binder
data/original_images/ballpoint/RZVBXTIGTCRQ.jpg,ballpoint
data/original_images/mug/IGKGQYVOR5W5.jpg,mug
data/original_images/headphone/7F0AHJ3PZA5Y_aug.jpg,headphone
data/original_images/mouse/QKEL0AYV0E34.jpg,mouse
data/original_images/files/52MN60HGGGAP.jpg,files
data/original_images/files/ZL3IEIL1WQMH.jpg,files
data/original_images/mug/W4BUKSCBWVZO.jpg,mug
data/original_images/headphone/PQXS1ETZGDDB.jpg,headphone
data/original_images/mug/1OIYABLYUNYI.jpg,mug
data/original_images/binder/RKISFS2Z94YY.jpg,binder
data/original_images/binder/YLD1ZHYVIEBA.jpg,binder
data/original_images/files/OLU9OUHRK9X9.jpg,files
data/original_images/mouse/7N1GE8UCO2O0.jpg,mouse
data/original_images/mug/Screenshot 2022-03-30 101452wqeeew.png,mug
data/original_images/ballpoint/Y4O945EWNCJE.jpg,ballpoint
data/original_images/files/F0XU78NAXQ1S.jpg,files
data/original_images/mug/Screenshot 2022-03-30 104759nnnnn.png,mug
data/original_images/ballpoint/ZYGP0KURGRZP.jpg,ballpoint
data/original_images/mouse/JG90IJNEB6IS.jpg,mouse
data/original_images/mouse/KB0D1R0YYEB7.jpg,mouse
data/original_images/mouse/UQC22BP7Y42M.jpg,mouse
data/original_images/binder/AYUVYRUVWFCG_aug.jpg,binder
data/original_images/ballpoint/1H2UI70VBB6P.jpg,ballpoint
data/original_images/binder/IX13GBGNSJVI.jpg,binder
data/original_images/ballpoint/MKZK9AELRRRN.jpg,ballpoint
data/original_images/mouse/A4P4UUKMA8NK.jpg,mouse
data/original_images/mouse/WRHEVDJCHTJC.jpg,mouse
data/original_images/headphone/8D1HHT2NEQJ1.jpg,headphone
data/original_images/ballpoint/K6G9WJ1DWI6S.jpg,ballpoint
data/original_images/mug/X0TLJ96FXDIX.jpg,mug
data/original_images/mug/6G1U10XM1WA7.jpg,mug
data/original_images/binder/MLGVNUTPZY5H_aug.jpg,binder
data/original_images/mug/images (9).png,mug
data/original_images/mug/images - 2022-03-30T093740.094.jpg,mug
data/original_images/ballpoint/0UQ82BPWR3X9.jpg,ballpoint
data/original_images/files/S51HLA3OX88H.jpg,files
data/original_images/ballpoint/YCKCQXXLKG8J.jpg,ballpoint
data/original_images/ballpoint/FKZ1JHXDEHL5.jpg,ballpoint
data/original_images/binder/COZ30TEV1MC9.jpg,binder
data/original_images/mug/3OBE2DAKNGN3.jpg,mug
data/original_images/mouse/C5FH3JGHFQ6U.jpg,mouse
data/original_images/mug/BEHZWQUSTQ9F.jpg,mug
data/original_images/mug/34UMJ3N96AMK.jpg,mug
data/original_images/mug/images - 2022-03-30T093958.702.jpg,mug
data/original_images/mouse/ZS72JFEL7KD9.jpg,mouse
data/original_images/binder/Q9L8D6OO6UYN.jpg,binder
data/original_images/binder/6K745LDXD00F.jpg,binder
data/original_images/headphone/CG0E6YJJCQRE.jpg,headphone
data/original_images/mug/K9OXGVRX4QMO.jpg,mug
data/original_images/binder/NW2WH3V4QDUK.jpg,binder
data/original_images/binder/F58QXLAFTRN3.jpg,binder
data/original_images/ballpoint/O8C71SAPCMAO.jpg,ballpoint
data/original_images/ballpoint/HNORMZHQMWPF.jpg,ballpoint
data/original_images/ballpoint/Q5NXTS9B8TU3.jpg,ballpoint
data/original_images/files/NYQ5DQJBMPWO.jpg,files
data/original_images/ballpoint/FXXC50YTAFPU.jpg,ballpoint
data/original_images/mug/I3VGHEULTZAU.jpg,mug
data/original_images/mug/9X8MXA3IZI8B_aug.jpg,mug
data/original_images/mug/KQ7O0AMZN9DQ.jpg,mug
data/original_images/mouse/OEZEFW4B4WXQ.jpg,mouse
data/original_images/files/LZ04X7AA3ZLK.jpg,files
data/original_images/ballpoint/QNX8E418V8QK.jpg,ballpoint
data/original_images/mouse/BI1M9K9ZW2D9.jpg,mouse
data/original_images/mouse/QX6A7KL1CK9Z.jpg,mouse
data/original_images/mug/C8I0GKCDOYOY.jpg,mug
data/original_images/ballpoint/3X8GBZSMKM3F.jpg,ballpoint
data/original_images/mouse/UGG1KEKW1RMZ.jpg,mouse
data/original_images/mouse/OTN0YLWZM9UU.jpg,mouse
data/original_images/binder/L8PBK216VMWG.jpg,binder
data/original_images/mug/images - 2022-03-29T160313.605.jpg,mug
data/original_images/binder/U0XP9HLSPV55.jpg,binder
data/original_images/ballpoint/LP9DY74IKNQL.jpg,ballpoint
data/original_images/mug/images - 2022-03-30T104352.893.jpg,mug
data/original_images/ballpoint/2H7KTTVK2SD5.jpg,ballpoint
data/original_images/ballpoint/GWIUXDVA3HJX.jpg,ballpoint
data/original_images/ballpoint/RWVOVBHPE085.jpg,ballpoint
data/original_images/binder/KUJNHS39F0X3.jpg,binder
data/original_images/binder/ZR7YC2V8OXXZ.jpg,binder
data/original_images/mouse/YTNZ5AEWMWWK.jpg,mouse
data/original_images/binder/N3NE5ZVNSY1X_aug.jpg,binder
data/original_images/headphone/G61EHK9S2T55_aug.jpg,headphone
data/original_images/headphone/MG2TU3463GKT_aug.jpg,headphone
data/original_images/mug/JGDXO7JNCIRH.jpg,mug
data/original_images/mug/Y4QOQB9S96BF.jpg,mug
data/original_images/ballpoint/VONVVDR431RB.jpg,ballpoint
data/original_images/binder/8LX8L6DU0XUN.jpg,binder
data/original_images/mug/AWZUL96F9RTJ_aug.jpg,mug
data/original_images/mug/W3LPXRTONBW5.jpg,mug
data/original_images/mug/SWY0CHR4IFVQ.jpg,mug
data/original_images/files/G8ODA84Y1JYV.jpg,files
data/original_images/binder/P8HKDPS5X0NB.jpg,binder
data/original_images/mug/U47SDNWIDHTB.jpg,mug
data/original_images/binder/GL56ZHYOWE4O.jpg,binder
data/original_images/binder/KLR4M67SOTYK.jpg,binder
data/original_images/files/OND04F59HTRZ.jpg,files
data/original_images/headphone/FLANV1LUBZIT.jpg,headphone
data/original_images/mug/TKV6CVW9HIBF.jpg,mug
data/original_images/binder/SDLDWGNQMAVT.jpg,binder
data/original_images/mug/019RJ3NZRLZQ_aug.jpg,mug
data/original_images/mouse/QQI68A2UY5GX.jpg,mouse
data/original_images/files/H65IY4WX5V6U.jpg,files
data/original_images/files/SGI402IE0MRB.jpg,files
data/original_images/mug/8Z11AF9VT3RW_aug.jpg,mug
data/original_images/mouse/Z8IKJEFOTOV6.jpg,mouse
data/original_images/headphone/2Z8EGSVM2ACT.jpg,headphone
data/original_images/files/3A3UILC1OVE1.jpg,files
data/original_images/files/1RXUTI03YD1P.jpg,files
data/original_images/mug/images (71).jpg,mug
data/original_images/mouse/L56H5A05J7IX.jpg,mouse
data/original_images/headphone/ZSSMO7SRKJS8.jpg,headphone
data/original_images/mouse/CEJT55YHLS0V.jpg,mouse
data/original_images/mug/FW7DW85D9M4F.jpg,mug
data/original_images/headphone/6SG0T1NQF4GU.jpg,headphone
data/original_images/binder/TMUH4C91OVKR_aug.jpg,binder
data/original_images/ballpoint/6Y5T6LB0TAJD.jpg,ballpoint
data/original_images/mug/1Z7JZRL2HN2B.jpg,mug
data/original_images/files/3GNVXALDMQU2.jpg,files
data/original_images/ballpoint/Z7AEK0YPXPNH.jpg,ballpoint
data/original_images/mouse/U8TZ9GPBMJU0.jpg,mouse
data/original_images/mug/D7E9ZHR49J6C.jpg,mug
data/original_images/files/667YMEPI87X9.jpg,files
data/original_images/mug/images - 2022-03-29T160313.650.jpg,mug
data/original_images/files/72N79VQFR57O.jpg,files
data/original_images/files/2598DAMOH4RK.jpg,files
data/original_images/ballpoint/GN9GUXQY80NW.jpg,ballpoint
data/original_images/binder/B7T8YYNT8ZRF.jpg,binder
data/original_images/headphone/J0J2COE6JVWT_aug.jpg,headphone
data/original_images/mug/Screenshot 2022-03-30 101746nnnnnnnnnnnnnnnnnn.png,mug
data/original_images/files/IWP2NB382BSI.jpg,files
data/original_images/binder/0UQ4VZH9D3QM.jpg,binder
data/original_images/ballpoint/BBDG19GOS19Z.jpg,ballpoint
data/original_images/ballpoint/47IGRPCKUWB3.jpg,ballpoint
data/original_images/binder/YS5H5T4HFRM0_aug.jpg,binder
data/original_images/mouse/LBZMPKGITPSL.jpg,mouse
data/original_images/binder/275I652KVMRN.jpg,binder
data/original_images/binder/MA7IY16ABATZ.jpg,binder
data/original_images/mug/NA7MVG9NBPBV_aug.jpg,mug
data/original_images/headphone/6PTXFN4QHM44_aug.jpg,headphone
data/original_images/ballpoint/R1YV6A8ZWIUD.jpg,ballpoint
data/original_images/mug/J0LKNHYZNI2F.jpg,mug
data/original_images/headphone/2QCUW4D5Y503_aug.jpg,headphone
data/original_images/headphone/images (126).jpeg,headphone
data/original_images/files/80EZVQQV4BIP.jpg,files
data/original_images/mouse/LFW7DWP6F231.jpg,mouse
data/original_images/headphone/images (162).jpeg,headphone
data/original_images/ballpoint/9WUAEFVEN8ZF.jpg,ballpoint
data/original_images/mouse/3X881G149YJP.jpg,mouse
data/original_images/headphone/VFDKC5IDDXJU.jpg,headphone
data/original_images/binder/OH9ZML3T7NSL.jpg,binder
data/original_images/mouse/RMD5LFJQ1DR2.jpg,mouse
data/original_images/headphone/0KNUNKKFSQM3.jpg,headphone
data/original_images/binder/TYJB244F49CF.jpg,binder
data/original_images/binder/LT5RDCZ858PZ_aug.jpg,binder
data/original_images/ballpoint/XKRVKAL5P8PM.jpg,ballpoint
data/original_images/ballpoint/037UPH1A88OK.jpg,ballpoint
data/original_images/ballpoint/GGKZ3O2EGX8Y.jpg,ballpoint
data/original_images/ballpoint/2XGCRH186V5J.jpg,ballpoint
data/original_images/mouse/K1A5AJAD1QMN.jpg,mouse
data/original_images/files/SB50BGIIK9C7.jpg,files
data/original_images/files/QQ70F08NL16Z_aug.jpg,files
data/original_images/mouse/8WI6OLXFHZC3.jpg,mouse
data/original_images/binder/YW23S3B84FFH.jpg,binder
data/original_images/ballpoint/7TTJM2UZAFUK.jpg,ballpoint
data/original_images/headphone/SGNBQES6NF7D_aug.jpg,headphone
data/original_images/files/ASW81NYUTTI2.jpg,files
data/original_images/files/67FPVBY18NZY.jpg,files
data/original_images/ballpoint/ZM2D9NKL1KCO.jpg,ballpoint
data/original_images/mug/EE4AIGEJDH4C.jpg,mug
data/original_images/files/6EJD8YY4Z79X.jpg,files
data/original_images/mug/NBCNWCTKZV0V_aug.jpg,mug
data/original_images/ballpoint/2AYGGQC84CC1.jpg,ballpoint
data/original_images/files/HH5WYK3Y8SL0.jpg,files
data/original_images/headphone/VDXZ0ZP278U7_aug.jpg,headphone
data/original_images/binder/9BGYMHJICT8C.jpg,binder
data/original_images/mug/Screenshot 2022-03-30 101032nnnnnnnnnnnn.png,mug
data/original_images/mug/TC3GXO5UZIAX.jpg,mug
data/original_images/files/I44WR6W0JZZP.jpg,files
data/original_images/binder/G8HXPBMU26WW.jpg,binder
data/original_images/headphone/images (17).jpeg,headphone
data/original_images/mouse/8JA8IVFBQA7K.jpg,mouse
data/original_images/mug/images - 2022-03-29T161629.320.jpg,mug
data/original_images/binder/4OVF1HDQQB7Q.jpg,binder
data/original_images/headphone/images (180).jpeg,headphone
data/original_images/binder/KMQSYCX1E1UU_aug.jpg,binder
data/original_images/ballpoint/8AGPO1LHLGIU.jpg,ballpoint
data/original_images/files/L6ISKB9DHSZH.jpg,files
data/original_images/headphone/3ODCJHCUCQ6Z.jpg,headphone
data/original_images/ballpoint/Y8RABB17CPDN.jpg,ballpoint
data/original_images/files/E0UA5FTWW8B4.jpg,files
data/original_images/mouse/BZ6Y9PIM0X1N.jpg,mouse
data/original_images/files/DW6ROR87QEFD.jpg,files
data/original_images/binder/GXSQK1BXPE7C_aug.jpg,binder
data/original_images/files/5XSJJGSDX9GB.jpg,files
data/original_images/ballpoint/UAE2VN217HBT.jpg,ballpoint
data/original_images/mug/R7E50ZRVU0PL.jpg,mug
data/original_images/headphone/AAZ3GDWB8UBP.jpg,headphone
data/original_images/mouse/CTMSO00QAIG1.jpg,mouse
data/original_images/mouse/GY2N0USBDPL3.jpg,mouse
data/original_images/headphone/images (1).png,headphone
data/original_images/mouse/ECURF68YMV68.jpg,mouse
data/original_images/headphone/AUC1RVWOVHV1.jpg,headphone
data/original_images/headphone/4GCW7P5C7TC7.jpg,headphone
data/original_images/ballpoint/3957LB9CK4JQ.jpg,ballpoint
data/original_images/files/06ECSEUVDMKE.jpg,files
data/original_images/headphone/OJCQZCADJ7PC.jpg,headphone
data/original_images/binder/U78QTOB42R6K.jpg,binder
data/original_images/files/AOQ6P7NU3CCM.jpg,files
data/original_images/mug/EEUV1241E0UI_aug.jpg,mug
data/original_images/files/IQ2Z44YBZO6T.jpg,files
data/original_images/binder/ISGDXOBOTWBO.jpg,binder
data/original_images/binder/TYJB244F49CF_aug.jpg,binder
data/original_images/mug/QENYO1BD07PL.jpg,mug
data/original_images/files/W7XRCXBWB7TE.jpg,files
data/original_images/binder/IZN5GN6M22SW.jpg,binder
data/original_images/headphone/TZD2FQ7W49TO_aug.jpg,headphone
data/original_images/mug/3CRMT7K09G76.jpg,mug
data/original_images/mug/images (59).jpg,mug
data/original_images/mug/DK2TQTPMUI4G.jpg,mug
data/original_images/headphone/B3N33NXLK9CH.jpg,headphone
data/original_images/binder/RL6HTXY9PE2X.jpg,binder
data/original_images/headphone/images (4).jpeg,headphone
data/original_images/mug/LDJET3VQBNYE_aug.jpg,mug
data/original_images/binder/0PSXJ3D01QOW.jpg,binder
data/original_images/files/JFGD35DEDGMV.jpg,files
data/original_images/files/Y8WDCQG83KJO.jpg,files
data/original_images/files/FBK2BSXU5BMW.jpg,files
data/original_images/files/P586BBJHTDBN.jpg,files
data/original_images/binder/KUFOF0DR5ERK.jpg,binder
data/original_images/files/NSMI1QH01CEM.jpg,files
data/original_images/binder/SO1YLZ6OIJ3A.jpg,binder
data/original_images/binder/Q0VYNAGQE252_aug.jpg,binder
data/original_images/files/8KACF55G38C3.jpg,files
data/original_images/binder/RBLPX8ZCSTRQ.jpg,binder
data/original_images/ballpoint/V7HE0IAR494M.jpg,ballpoint
data/original_images/files/961P6EXT7PD1.jpg,files
data/original_images/files/KDD8UIIGM62U.jpg,files
data/original_images/files/JPNHM0CTXSOE.jpg,files
data/original_images/mug/WT55P2VJ7YRP.jpg,mug
data/original_images/headphone/XZBKAJRWKJ5J.jpg,headphone
data/original_images/mug/images - 2022-03-30T093930.441.jpg,mug
data/original_images/headphone/JTHKFSM9FKBQ_aug.jpg,headphone
data/original_images/mug/8IJOJHRZSPED.jpg,mug
data/original_images/ballpoint/R9E2BHA64GZ8.jpg,ballpoint
data/original_images/ballpoint/BB8BEMJN68LR.jpg,ballpoint
data/original_images/files/L1N9OUWT0KRB.jpg,files
data/original_images/binder/2HMO90MI2IZ7.jpg,binder
data/original_images/binder/00DJFF7B8PXA.jpg,binder
data/original_images/ballpoint/72L6332WKTFQ.jpg,ballpoint
data/original_images/mug/images - 2022-03-30T093740.135.jpg,mug
data/original_images/ballpoint/VC6OIQWYR9MG.jpg,ballpoint
data/original_images/mug/TCIZQ7YFUB91.jpg,mug
data/original_images/binder/CXPKJR6LUSNR_aug.jpg,binder
data/original_images/ballpoint/XGMCB327F9AV.jpg,ballpoint
data/original_images/headphone/XN1SV8Y9PT0E_aug.jpg,headphone
data/original_images/mouse/ZSA4HIT2JN4X.jpg,mouse
data/original_images/mouse/0Z05J474XY1C.jpg,mouse
data/original_images/files/QHODFHUN36AL.jpg,files
data/original_images/mug/QCB2ERSIR2QK.jpg,mug
data/original_images/mouse/39JUPIRT3FPQ.jpg,mouse
data/original_images/ballpoint/1J0J2J05OWAS.jpg,ballpoint
data/original_images/mug/images (18).jpg,mug
data/original_images/files/TICIFLMWWVT6.jpg,files
data/original_images/binder/FTNYP1PZZIQM.jpg,binder
data/original_images/mouse/0BWP88MBBQWB.jpg,mouse
data/original_images/binder/CY22M0HM9GB4.jpg,binder
data/original_images/mug/Z9SEY9A30097.jpg,mug
data/original_images/files/KR7TTZI6O9WI.jpg,files
data/original_images/files/X5SZSGF028D4.jpg,files
data/original_images/mouse/2V897FZX55W8.jpg,mouse
data/original_images/files/TCKWK9THKWAT.jpg,files
data/original_images/mug/CTZB0L1QNF5T.jpg,mug
data/original_images/headphone/4RN4UJ2QX9IG_aug.jpg,headphone
data/original_images/ballpoint/BBFBQIT4U68R.jpg,ballpoint
data/original_images/mug/S4VZNMQENYZQ.jpg,mug
data/original_images/mug/8BZAU71E6NA0.jpg,mug
data/original_images/headphone/0MC4KNAFX9D5.jpg,headphone
data/original_images/files/8QK3I8GB2VLE.jpg,files
data/original_images/mouse/2JZQPTKKROIL.jpg,mouse
data/original_images/ballpoint/3Q1KHNSRDWWH.jpg,ballpoint
data/original_images/files/F8X6E99OAW9E.jpg,files
data/original_images/binder/QPJISS8PFZYI.jpg,binder
data/original_images/ballpoint/93YJAXSKHGX9.jpg,ballpoint
data/original_images/mouse/MGDBSJ4I14C1.jpg,mouse
data/original_images/mug/A6FZKKD6WP4G_aug.jpg,mug
data/original_images/files/XB1X598JZT8W.jpg,files
data/original_images/mug/JIXQUJXILZAO.jpg,mug
data/original_images/ballpoint/O9OP3OXCJPZT.jpg,ballpoint
data/original_images/ballpoint/TF3XRHM111AH.jpg,ballpoint
data/original_images/ballpoint/6XL9UGSKA41Q.jpg,ballpoint
data/original_images/mouse/D4OUXX1L7UU6.jpg,mouse
data/original_images/mug/PJQH6MWTMUP4_aug.jpg,mug
data/original_images/files/Y17OIEOEMFEB.jpg,files
data/original_images/binder/DSQTJMCUQK46.jpg,binder
data/original_images/files/WFLUHCI3PRZO.jpg,files
data/original_images/mug/UHU1V4H6Q8F7_aug.jpg,mug
data/original_images/binder/IIGBPK04ET9R_aug.jpg,binder
data/original_images/mouse/4RVJRLK0IU3O.jpg,mouse
data/original_images/headphone/01E7K9RZ1LYZ.jpg,headphone
data/original_images/files/2C5BORBKMKCO.jpg,files
data/original_images/mouse/17FTPPVGK5HD.jpg,mouse
data/original_images/mug/1VW03F3SNLE0.jpg,mug
data/original_images/mouse/IWMOE1ES343K.jpg,mouse
data/original_images/files/88RD94TS9QUC.jpg,files
data/original_images/files/KOR9S2T70W53.jpg,files
data/original_images/binder/D644RC0WU3NJ_aug.jpg,binder
data/original_images/ballpoint/3T967IPMM57Y.jpg,ballpoint
data/original_images/mug/H0F2HYM4C87V.jpg,mug
data/original_images/ballpoint/NJU0PG2UIME7.jpg,ballpoint
data/original_images/mug/images - 2022-03-29T160152.243.jpg,mug
data/original_images/binder/7YI50W0PLYHB.jpg,binder
data/original_images/files/4GH3Y13P7OMZ.jpg,files
data/original_images/mouse/CP2EZLMBM3R6.jpg,mouse
data/original_images/ballpoint/MMNMPH8BPF9U.jpg,ballpoint
data/original_images/mug/images - 2022-03-30T104353.035.jpg,mug
data/original_images/mouse/QU5A8CEK4HBW.jpg,mouse
data/original_images/files/LFWK9T7JQIRN.jpg,files
data/original_images/ballpoint/HO660S9VQE5Y.jpg,ballpoint
data/original_images/ballpoint/KO9GRFU6Y50L.jpg,ballpoint
data/original_images/binder/IJTVECFETT8F_aug.jpg,binder
data/original_images/mouse/TG8S5E2WGW8I.jpg,mouse
data/original_images/headphone/VXGT5ULFLU21.jpg,headphone
data/original_images/ballpoint/6BDL8F3VQDXG.jpg,ballpoint
data/original_images/files/60HF4L1VD839.jpg,files
data/original_images/mouse/IVL3T0JSXMDP.jpg,mouse
data/original_images/files/UP5UEGOSUGQX_aug.jpg,files
data/original_images/mug/images (74).jpg,mug
data/original_images/ballpoint/S8HS2FX9IS5I.jpg,ballpoint
data/original_images/ballpoint/4X3N6ERO2LXU.jpg,ballpoint
data/original_images/headphone/images (124).jpeg,headphone
data/original_images/files/25OWH1U1R1AM.jpg,files
data/original_images/headphone/OAB5S6875FYZ_aug.jpg,headphone
data/original_images/files/NK6YNBWVGBVI.jpg,files
data/original_images/ballpoint/TXROL6EWT01U.jpg,ballpoint
data/original_images/binder/NM9Y6PX8DGXO.jpg,binder
data/original_images/files/9K4V2QB9VQYE.jpg,files
data/original_images/mug/Z1CXKALEZ2CN.jpg,mug
data/original_images/binder/R2WYFHWWSJE5_aug.jpg,binder
data/original_images/mug/images - 2022-03-30T104112.114.jpg,mug
data/original_images/binder/LFPYZ5BIJQS5.jpg,binder
data/original_images/mug/images (41).jpg,mug
data/original_images/headphone/AHPA1WXYBUKU.jpg,headphone
data/original_images/ballpoint/DKRT0IQAF5RN.jpg,ballpoint
data/original_images/binder/GTUBX7E1S7IR.jpg,binder
data/original_images/ballpoint/807YG5G0T7ZJ.jpg,ballpoint
data/original_images/mug/RJMC72Z4BPCF.jpg,mug
data/original_images/mouse/LSN6ZMG5KZSO.jpg,mouse
data/original_images/mug/9LEAVE9XDXGM.jpg,mug
data/original_images/files/418Q4IUKDH5R.jpg,files
data/original_images/binder/ZBHGGX3CAQS3_aug.jpg,binder
data/original_images/mug/images - 2022-03-30T093844.164.jpg,mug
data/original_images/files/3AO0OA00L0JZ.jpg,files
data/original_images/mouse/QSCUCIHUMWGQ.jpg,mouse
data/original_images/files/S4Q6869DBPM7.jpg,files
data/original_images/mug/RF8IS9C9UH0Q_aug.jpg,mug
data/original_images/headphone/1AGBB97BT3US.jpg,headphone
data/original_images/files/FB9OMWAQMFYT.jpg,files
data/original_images/mouse/YVVIK2N759B9.jpg,mouse
data/original_images/mouse/CF82NNB1SCY5.jpg,mouse
data/original_images/headphone/XAFE96XOBWAV.jpg,headphone
data/original_images/binder/5M9ISDG92UDT.jpg,binder
data/original_images/files/PFA2OV8LFWIK.jpg,files
data/original_images/mug/images - 2022-03-29T160313.550.jpg,mug
data/original_images/binder/GWUKPE7UGIPF.jpg,binder
data/original_images/mug/4KJ5GRG6I6AB.jpg,mug
data/original_images/mug/images - 2022-03-30T104352.963.jpg,mug
data/original_images/files/G721SH0RQREP.jpg,files
data/original_images/mug/AY8UAPIHFXDI.jpg,mug
data/original_images/files/H1NI0G7M8Y7E.jpg,files
data/original_images/mouse/5YD6FJHPGTZY.jpg,mouse
data/original_images/headphone/POXIU4DPCIJH_aug.jpg,headphone
data/original_images/headphone/4KN1C5K0D7AL.jpg,headphone
data/original_images/ballpoint/WO7DHVMMR13H.jpg,ballpoint
data/original_images/mug/6RJ4WKWS7LDV.jpg,mug
data/original_images/binder/2T9ZYYXLNPZQ.jpg,binder
data/original_images/mug/0YLN86W0Y20U.jpg,mug
data/original_images/files/6432GZWCYE2M.jpg,files
data/original_images/binder/96EO37OI9R2P_aug.jpg,binder
data/original_images/mug/OFS60RRHC83G_aug.jpg,mug
data/original_images/mouse/JW3HDCE9F411.jpg,mouse
data/original_images/headphone/6ZLTOWRZJL8C_aug.jpg,headphone
data/original_images/files/J08RHFHBQAJU.jpg,files
data/original_images/binder/B82JNRY16I8V.jpg,binder
data/original_images/files/09GC5RA3LEOD.jpg,files
data/original_images/binder/R5ZK3EDOOV9X.jpg,binder
data/original_images/mug/DBOQHGW005X5_aug.jpg,mug
data/original_images/ballpoint/M96Y14ZBGHQK.jpg,ballpoint
data/original_images/headphone/0JH7HEEWI29B.jpg,headphone
data/original_images/mug/BDBAT1H1UXT0.jpg,mug
data/original_images/mug/3PL506GHVZBF.jpg,mug
data/original_images/headphone/ADLL50PDI0P2.jpg,headphone
data/original_images/files/WOJWU6TXDPAI_aug.jpg,files
data/original_images/files/Y4KJYMFVQR0C.jpg,files
data/original_images/mouse/WPY7VUYB1YA0.jpg,mouse
data/original_images/headphone/JQC21FWQRMTH.jpg,headphone
data/original_images/ballpoint/PX61FBAUN1R9.jpg,ballpoint
data/original_images/headphone/FNX8UTMFBTA0.jpg,headphone
data/original_images/files/DSKE3QIO976F.jpg,files
data/original_images/mug/Q73NLNQ0PMWJ.jpg,mug
data/original_images/mug/RYSQR4NCWJB1_aug.jpg,mug
data/original_images/ballpoint/GIEBRYEZKJF5.jpg,ballpoint
data/original_images/mouse/PZF6WY47Q03I.jpg,mouse
data/original_images/binder/YS5H5T4HFRM0.jpg,binder
data/original_images/binder/F4S38MEN1063.jpg,binder
data/original_images/headphone/RFVR232CVFHH_aug.jpg,headphone
data/original_images/ballpoint/V0NJRMFEHOHZ.jpg,ballpoint
data/original_images/files/9GXSNUEBH8IQ.jpg,files
data/original_images/mug/U4WRQJNQM3DZ_aug.jpg,mug
data/original_images/mouse/H0SMXB2RUU8V.jpg,mouse
data/original_images/headphone/8P4X1F7IGO31.jpg,headphone
data/original_images/binder/4DUSOWK0Q1DI.jpg,binder
data/original_images/mug/6S9R5QF9AIL8.jpg,mug
data/original_images/mouse/0BO5T2SBZ9TV.jpg,mouse
data/original_images/mouse/XYWMP3QEUJ7I.jpg,mouse
data/original_images/ballpoint/FV1LPWRCZXXN.jpg,ballpoint
data/original_images/binder/2SQXI6QJYRJQ.jpg,binder
data/original_images/headphone/TZD2FQ7W49TO.jpg,headphone
data/original_images/binder/KQ92T7CCE4PV.jpg,binder
data/original_images/binder/JCRLUG5OPUNC.jpg,binder
data/original_images/mouse/D6B1FHNO8UM8.jpg,mouse
data/original_images/headphone/WJGGNJZ1V67D.jpg,headphone
data/original_images/files/36ZNGDEJ7CED.jpg,files
data/original_images/files/G9LMX8RS4JYQ.jpg,files
data/original_images/mouse/GBP107TRZKG5.jpg,mouse
data/original_images/binder/HEED24033FNQ.jpg,binder
data/original_images/headphone/2J828ZPDMIBP.jpg,headphone
data/original_images/mouse/5EA90LZY5MK6.jpg,mouse
data/original_images/mouse/I3WDY4HTPV5V.jpg,mouse
data/original_images/files/4B2SSC52UR5A.jpg,files
data/original_images/headphone/images (19).jpeg,headphone
data/original_images/binder/L4JPQI0BSP06_aug.jpg,binder
data/original_images/ballpoint/VQ9YWXCMAU1R.jpg,ballpoint
data/original_images/mouse/BP1SV081KQE3.jpg,mouse
data/original_images/files/GCZROUYQ43XV.jpg,files
data/original_images/files/V242VTMXRZ65.jpg,files
data/original_images/ballpoint/7N8KL2YBZRF3.jpg,ballpoint
data/original_images/ballpoint/DJ3Y6IJDXRXL.jpg,ballpoint
data/original_images/mug/images - 2022-03-29T155402.456.jpg,mug
data/original_images/mouse/JKV97F9SMBU9.jpg,mouse
data/original_images/headphone/images (11).jpeg,headphone
data/original_images/mug/Screenshot 2022-03-30 103030zzzz.png,mug
data/original_images/mug/SIDH4RTUEMYH_aug.jpg,mug
data/original_images/mouse/91HMRURYEQSO.jpg,mouse
data/original_images/mug/QO91IIAGRCT8.jpg,mug
data/original_images/files/F83PRRZH3T39.jpg,files
data/original_images/files/Q72X6T51SJER.jpg,files
data/original_images/mug/images (66).jpg,mug
data/original_images/headphone/O9NOSQR0CMLP_aug.jpg,headphone
data/original_images/mouse/PNHM7AR89Y2G.jpg,mouse
data/original_images/ballpoint/AKF35V9J80Q3.jpg,ballpoint
data/original_images/binder/OB0I3G1YSQOD.jpg,binder
data/original_images/mouse/EIXFJ05L3UXR.jpg,mouse
data/original_images/binder/HGC4HNYO5UVB.jpg,binder
data/original_images/mouse/B3GGLIHCHYVK.jpg,mouse
data/original_images/mug/FM83ZEA1V3YN.jpg,mug
data/original_images/binder/TQYRTAO2VFI0.jpg,binder
data/original_images/headphone/Y18Q9QV21H4E_aug.jpg,headphone
data/original_images/binder/A06PP8DQJ2QB.jpg,binder
data/original_images/headphone/E3TM60NQU8TY.jpg,headphone
data/original_images/binder/KGNG3FI6RYPF.jpg,binder
data/original_images/mug/TKV6CVW9HIBF_aug.jpg,mug
data/original_images/headphone/Y7BE5BBYX5AR.jpg,headphone
data/original_images/files/NY94IYUJ8YEH.jpg,files
data/original_images/files/FOX0WOAQ2W0G.jpg,files
data/original_images/ballpoint/QERB4JIO0IF7.jpg,ballpoint
data/original_images/headphone/TPMMZF40BQIV.jpg,headphone
data/original_images/mug/images - 2022-03-30T104353.221.jpg,mug
data/original_images/mug/13TYGCDXC00P.jpg,mug
data/original_images/files/ZJ5KDMJGANW3.jpg,files
data/original_images/binder/P43L199H9168_aug.jpg,binder
data/original_images/mug/RJFT22T3FZ7D_aug.jpg,mug
data/original_images/ballpoint/J1QKW4QKF94F.jpg,ballpoint
data/original_images/files/3NYUXX5BBIOM.jpg,files
data/original_images/mug/84H0KZ3ASSVQ.jpg,mug
data/original_images/binder/IIGBPK04ET9R.jpg,binder
data/original_images/binder/HFCNTO0C5ZTS_aug.jpg,binder
data/original_images/mug/images - 2022-03-30T104257.910.jpg,mug
data/original_images/mouse/HH2X6TYGEAM4.jpg,mouse
data/original_images/files/P02NQDCB5QC0.jpg,files
data/original_images/ballpoint/KC2J8CF4NX8O.jpg,ballpoint
data/original_images/binder/IHKHBALGH4LK_aug.jpg,binder
data/original_images/files/HA396KZ52Z0E.jpg,files
data/original_images/mouse/KG3W1XY9DDTY.jpg,mouse
data/original_images/mouse/WIED4WDOML1I.jpg,mouse
data/original_images/binder/J4382LQKFJ26.jpg,binder
data/original_images/binder/HAX77KG1BKV2.jpg,binder
data/original_images/mouse/NTYXVSVU95LS.jpg,mouse
data/original_images/headphone/T460YXEILS2C.jpg,headphone
data/original_images/mug/EXJSWQXG5I27.jpg,mug
data/original_images/headphone/images (79).jpeg,headphone
data/original_images/files/JY4SN1SS28TF.jpg,files
data/original_images/mouse/8X6328J0RGQF.jpg,mouse
data/original_images/ballpoint/AAX07U7LF4YX.jpg,ballpoint
data/original_images/mouse/QGG55ZYHKL8D.jpg,mouse
data/original_images/mug/images (4).jpg,mug
data/original_images/mouse/MJ10CMKKZ76K.jpg,mouse
data/original_images/ballpoint/8TJ1J4Q6QYEJ.jpg,ballpoint
data/original_images/files/EHPB3N9Q8462.jpg,files
data/original_images/files/U6CXIMIM6O22.jpg,files
data/original_images/binder/MEC8UQI1S7HS_aug.jpg,binder
data/original_images/ballpoint/JJ4LAWY4GO6Y.jpg,ballpoint
data/original_images/mouse/41BLE9B8HZQJ.jpg,mouse
data/original_images/mouse/FQ0AVE2CYIKB.jpg,mouse
data/original_images/files/T31XDTZSD3OS.jpg,files
data/original_images/mouse/T8CEZLKIN18H.jpg,mouse
data/original_images/headphone/E76YSAD40B5J.jpg,headphone
data/original_images/mug/A6FZKKD6WP4G.jpg,mug
data/original_images/binder/MF1LNBROMF5W.jpg,binder
data/original_images/mouse/CGRSOM98BLQK.jpg,mouse
data/original_images/files/NO42EAA21NRI.jpg,files
data/original_images/files/QB6E26CQUF3G_aug.jpg,files
data/original_images/binder/RU7BXI807WGV_aug.jpg,binder
data/original_images/binder/DHJO7APLZT65.jpg,binder
data/original_images/binder/29SNZ2U1K0II.jpg,binder
data/original_images/binder/0EFDE8R95OMM.jpg,binder
data/original_images/mug/QBVSCKWEZMPO_aug.jpg,mug
data/original_images/headphone/YTEXTZ1ZJ4ID_aug.jpg,headphone
data/original_images/mouse/WB7UV1XBZHSS.jpg,mouse
data/original_images/headphone/images (134).jpeg,headphone
data/original_images/files/XJ371L6FMY7F.jpg,files
data/original_images/headphone/BYUGKWDG52NC.jpg,headphone
data/original_images/mug/Q41QLTND4QRT.jpg,mug
data/original_images/binder/RUF1VWSNDJXG.jpg,binder
data/original_images/mouse/F2QIRQPGLMAE.jpg,mouse
data/original_images/files/NTS0DL1VNLBO.jpg,files
data/original_images/binder/NX133VM4RIUQ.jpg,binder
data/original_images/ballpoint/OI1LJP407DQ1.jpg,ballpoint
data/original_images/ballpoint/JSST8SCPTNC2.jpg,ballpoint
data/original_images/files/PDOJFVJY4PBB.jpg,files
data/original_images/headphone/AJ9JSIGFBHK3.jpg,headphone
data/original_images/binder/MT8Y9HI7XFXS.jpg,binder
data/original_images/files/Y88I8ZCIUXJ8_aug.jpg,files
data/original_images/ballpoint/BW72E87EJHM4.jpg,ballpoint
data/original_images/mouse/ZI8LJ0PW2NOE.jpg,mouse
data/original_images/mug/2IFJY6LURB20.jpg,mug
data/original_images/binder/HO3T4KRZBI5Q_aug.jpg,binder
data/original_images/ballpoint/2RTTO9FGYTIQ.jpg,ballpoint
data/original_images/mug/YRWV8ZVI7AK1.jpg,mug
data/original_images/binder/8CW12Z3W4XB4.jpg,binder
data/original_images/files/B5973FFELQ0F.jpg,files
data/original_images/files/YKFV1UACJ07Z.jpg,files
data/original_images/mug/images - 2022-03-29T160531.763.jpg,mug
data/original_images/mug/Screenshot 2022-03-30 101820nnnnnnnnnnnnnnnnnn.png,mug
data/original_images/mug/QJ2361WWHM5T.jpg,mug
data/original_images/ballpoint/ZQCCYEDIYCD0.jpg,ballpoint
data/original_images/ballpoint/TH9C8SQCK360.jpg,ballpoint
data/original_images/headphone/QQ3JYZQ9S7UO.jpg,headphone
data/original_images/ballpoint/3QMQFHCWTOC5.jpg,ballpoint
data/original_images/mug/24GMG8YR4NZ9.jpg,mug
data/original_images/binder/68WZHSP0VNZO.jpg,binder
data/original_images/binder/F9SNS7ME0JYZ.jpg,binder
data/original_images/mug/Z5JOIUIXY6UI.jpg,mug
data/original_images/binder/UBY0RB43CDYA.jpg,binder
data/original_images/mug/images - 2022-03-29T155402.540.jpg,mug
data/original_images/mug/images - 2022-03-30T094357.270.jpg,mug
data/original_images/binder/O7FQTD13GNJ3_aug.jpg,binder
data/original_images/headphone/UQQ6QY7QBJO1.jpg,headphone
data/original_images/binder/MS1DHQCCUCP9.jpg,binder
data/original_images/mouse/3M675KHTJ0SR.jpg,mouse
data/original_images/headphone/images (108).jpeg,headphone
data/original_images/headphone/6URMOTXKUT30.jpg,headphone
data/original_images/mug/U1SUCTT795GD.jpg,mug
data/original_images/mouse/K8R7FBZM3EH3.jpg,mouse
data/original_images/ballpoint/HYQ2Y2POPBA5.jpg,ballpoint
data/original_images/mug/images - 2022-03-30T104353.195.jpg,mug
data/original_images/mouse/WPJ62GRGBRG8.jpg,mouse
data/original_images/ballpoint/2X73BJH2DXIH.jpg,ballpoint
data/original_images/headphone/EE7Y0387HPUO.jpg,headphone
data/original_images/files/J7GYRHH6TJO7.jpg,files
data/original_images/mug/KHWQCBTJGYZE.jpg,mug
data/original_images/mug/images - 2022-03-29T160531.777.jpg,mug
data/original_images/ballpoint/PF77XPQTAJTI.jpg,ballpoint
data/original_images/files/Q10GEDC8Z9WS_aug.jpg,files
data/original_images/ballpoint/8UNYPLXZDTRI.jpg,ballpoint
data/original_images/files/GYL692Z26D0T.jpg,files
data/original_images/headphone/4TC5QQFBIZKM.jpg,headphone
data/original_images/mouse/8YZ3PGVMGU2H.jpg,mouse
data/original_images/headphone/0SJZTOCFB67A_aug.jpg,headphone
data/original_images/headphone/VFDKC5IDDXJU_aug.jpg,headphone
data/original_images/headphone/4COHL3592RM9_aug.jpg,headphone
data/original_images/mug/X8KD3VTQEZ6I.jpg,mug
data/original_images/mug/W2BW38B4PRF9.jpg,mug
data/original_images/headphone/VLBB65UYU3IN.jpg,headphone
data/original_images/headphone/images (36).jpeg,headphone
data/original_images/mouse/UNZ9YZBSQ8ZU.jpg,mouse
data/original_images/ballpoint/ID21D4ETQHEF.jpg,ballpoint
data/original_images/ballpoint/RSUFZDZR5CSR.jpg,ballpoint
data/original_images/mouse/WCLT2MQV41C9.jpg,mouse
data/original_images/headphone/KYHIGY6VEIXC_aug.jpg,headphone
data/original_images/headphone/RPEJZKS8U39R_aug.jpg,headphone
data/original_images/ballpoint/YQGT7HNK3J0R.jpg,ballpoint
data/original_images/mouse/VFMVNEA78PF8.jpg,mouse
data/original_images/binder/7MD80XTJBO7W.jpg,binder
data/original_images/mug/CQUWJ7R968LT_aug.jpg,mug
data/original_images/binder/B4WUOVKNJ7EC.jpg,binder
data/original_images/files/U7QBGD2AU13Q_aug.jpg,files
data/original_images/mouse/88LCJSDABWEA.jpg,mouse
data/original_images/headphone/VEGI79L3AEJL_aug.jpg,headphone
data/original_images/headphone/IWQWHKLE3NWM.jpg,headphone
data/original_images/ballpoint/D2B5CE0C0JWU.jpg,ballpoint
data/original_images/files/OGFKZNQOHKXA.jpg,files
data/original_images/mouse/GE8JAPXU3EMX.jpg,mouse
data/original_images/headphone/2VXJL486P1CV.jpg,headphone
data/original_images/mouse/H9P5CFC4ES98.jpg,mouse
data/original_images/mug/H67S7WNSUO9E.jpg,mug
data/original_images/mug/X8PPNY02E48W_aug.jpg,mug
data/original_images/ballpoint/PPUVBNMOY6JB.jpg,ballpoint
data/original_images/ballpoint/U8H1Y08J8N65.jpg,ballpoint
data/original_images/mug/images (54).jpg,mug
data/original_images/mouse/YIXLBY9Q6X3O.jpg,mouse
data/original_images/headphone/76BE3Q19GFEL_aug.jpg,headphone
data/original_images/mouse/GLH6DBG9XNP7.jpg,mouse
data/original_images/ballpoint/SSBREHBWI0VX.jpg,ballpoint
data/original_images/mouse/9CO6M1MOGKJ0.jpg,mouse
data/original_images/mug/images (10).png,mug
data/original_images/mug/FAPYGMKIWJ9H.jpg,mug
data/original_images/files/9F8NKPWV5L41.jpg,files
data/original_images/ballpoint/GBZPBMAI49V8.jpg,ballpoint
data/original_images/mug/images (34).jpg,mug
data/original_images/mouse/PTGNOA0XZZ32.jpg,mouse
data/original_images/ballpoint/SSDAUHX34S6E.jpg,ballpoint
data/original_images/binder/3Y75KO29VAPK.jpg,binder
data/original_images/mouse/1M6XG4DCSGAH.jpg,mouse
data/original_images/files/RV2AIS7R64M1_aug.jpg,files
data/original_images/ballpoint/MGPBIA5G10UI.jpg,ballpoint
data/original_images/files/D69L69T6Q6TK.jpg,files
data/original_images/mouse/P33W5Z6246Y1.jpg,mouse
data/original_images/headphone/QPBMMBHZM40C.jpg,headphone
data/original_images/mug/images - 2022-03-30T104353.194.jpg,mug
data/original_images/binder/OJSKED2UUUQW.jpg,binder
data/original_images/files/8BPJP9WKDSQJ.jpg,files
data/original_images/headphone/REJJ0BFL9856.jpg,headphone
data/original_images/mouse/KY4FK673M1X5.jpg,mouse
data/original_images/files/X2HMNLAW3CEQ.jpg,files
data/original_images/files/W63BX7LGP5J8.jpg,files
data/original_images/mouse/J8KD7BT9JYS3.jpg,mouse
data/original_images/headphone/2MGZ0OYD9ZNL.jpg,headphone
data/original_images/mouse/80XWVVD6U6Y4.jpg,mouse
data/original_images/binder/CVEVWXS3OWV4_aug.jpg,binder
data/original_images/binder/7CB00QRVY5NO.jpg,binder
data/original_images/binder/0HUO0FB5PB3E.jpg,binder
data/original_images/mug/QUCAYCVRMQBB_aug.jpg,mug
data/original_images/mouse/SSU1D5CA84AS.jpg,mouse
data/original_images/mug/6GOSW8N9Y9IG.jpg,mug
data/original_images/mug/NBCNWCTKZV0V.jpg,mug
data/original_images/files/FZMGERQPTDH4.jpg,files
data/original_images/mouse/Y3SBQK89KJJH.jpg,mouse
data/original_images/ballpoint/JDFFOWPC97JB.jpg,ballpoint
data/original_images/ballpoint/3XVNOKEACIAY.jpg,ballpoint
data/original_images/files/ZNYHAXB9PDPW.jpg,files
data/original_images/headphone/RNBDRMXWHOOU_aug.jpg,headphone
data/original_images/ballpoint/0WG6MTOUEYRP.jpg,ballpoint
data/original_images/files/2JP4KBO3S9RJ.jpg,files
data/original_images/binder/JQYP30BFU1YN.jpg,binder
data/original_images/mouse/E5ZN4DED3L0N.jpg,mouse
data/original_images/mouse/1ZUZM0PZO8NS.jpg,mouse
data/original_images/files/ND5MEML0WGMY.jpg,files
data/original_images/headphone/images (63).jpeg,headphone
data/original_images/mug/images - 2022-03-29T161200.889.jpg,mug
data/original_images/ballpoint/9V21UMBK7TJA.jpg,ballpoint
data/original_images/headphone/images (152).jpeg,headphone
data/original_images/binder/SRRU5GFFADL3.jpg,binder
data/original_images/binder/2M2W3BY9VL28.jpg,binder
data/original_images/files/PRS0WXVUO7G6.jpg,files
data/original_images/headphone/EY9DHQ8HWWGZ.jpg,headphone
data/original_images/mouse/QLBHAKVI85E4.jpg,mouse
data/original_images/ballpoint/BGQ3J9YS7W2K.jpg,ballpoint
data/original_images/binder/PNK4XSQXVN07.jpg,binder
data/original_images/headphone/8RTLM2BHWD2X.jpg,headphone
data/original_images/ballpoint/AQM4JTYOC3VW.jpg,ballpoint
data/original_images/mug/83NX3UBMTVMD.jpg,mug
data/original_images/mouse/ZL6Z3AV7GNFA.jpg,mouse
data/original_images/mug/8V9ZW09IUCLZ.jpg,mug
data/original_images/mouse/777JU5IYV28P.jpg,mouse
data/original_images/files/9O210VGMJCBP.jpg,files
data/original_images/mug/DS9520F77JSF.jpg,mug
data/original_images/ballpoint/N6DA9YBKPZEC.jpg,ballpoint
data/original_images/binder/TF072L4I5TUR.jpg,binder
data/original_images/files/18UHXRIPO8P1.jpg,files
data/original_images/mouse/316WXKUIR0HR.jpg,mouse
data/original_images/mouse/S1BX7KDSWODT.jpg,mouse
data/original_images/binder/MCC3LKGG9E1Y_aug.jpg,binder
data/original_images/files/NWIWOL0S5JSJ.jpg,files
data/original_images/mouse/GTOE51NHKQDI.jpg,mouse
data/original_images/files/ZX5FJI8JH7O3.jpg,files
data/original_images/mouse/O8FKN6TZ2H11.jpg,mouse
data/original_images/mouse/EONGG8UYCEYY.jpg,mouse
data/original_images/headphone/0MC4KNAFX9D5_aug.jpg,headphone
data/original_images/binder/LFHX7FQS4HNS.jpg,binder
data/original_images/files/UJ52NXCAKHIZ_aug.jpg,files
data/original_images/files/6YPTMGXIXQFF.jpg,files
data/original_images/binder/J4KS3XMPYYSE.jpg,binder
data/original_images/files/WQEXPA1IYO5B.jpg,files
data/original_images/files/AXZ9OV2Y65OR.jpg,files
data/original_images/mouse/4F8NHZFAJYY1.jpg,mouse
data/original_images/ballpoint/95HDR38TE0J1.jpg,ballpoint
data/original_images/binder/N2I7JW68Q31Y.jpg,binder
data/original_images/headphone/83XYJM2OJAL7_aug.jpg,headphone
data/original_images/binder/LARD5SO20YS2_aug.jpg,binder
data/original_images/binder/PM8RYV8YDOH8_aug.jpg,binder
data/original_images/mug/NATKYV1EMLB9.jpg,mug
data/original_images/binder/OI7Q93P9WO3M.jpg,binder
data/original_images/mouse/PAXNH39YKKZA.jpg,mouse
data/original_images/mug/WCR6S2VNHMTP.jpg,mug
data/original_images/headphone/KYF8XH7YYXF9_aug.jpg,headphone
data/original_images/mouse/EL0XWKYPBN37.jpg,mouse
data/original_images/mouse/9V1J0JP7YISW.jpg,mouse
data/original_images/files/OH56PUR724JE.jpg,files
data/original_images/mouse/69R2C5C2JH7F.jpg,mouse
data/original_images/files/VF8RXS76XV6I.jpg,files
data/original_images/files/ZNYOWS4TFU9U.jpg,files
data/original_images/headphone/507LQVO0H9TU_aug.jpg,headphone
data/original_images/files/TQNGK08C9YFW.jpg,files
data/original_images/mug/images (22).jpg,mug
data/original_images/mug/S38BSI0MDJQL.jpg,mug
data/original_images/ballpoint/6XR7BOO12V2Q.jpg,ballpoint
data/original_images/mug/JLAGN25JLKMP_aug.jpg,mug
data/original_images/binder/0J1HT0BKOLCE.jpg,binder
data/original_images/binder/PV6WKSSC82EN.jpg,binder
data/original_images/files/31EMX5S4TH6G.jpg,files
data/original_images/ballpoint/F9A4TUJNQ3G5.jpg,ballpoint
data/original_images/ballpoint/QER9IJVJ6E4H.jpg,ballpoint
data/original_images/files/QGU3OETW7OAS.jpg,files
data/original_images/mouse/WKHPUP254Q5C.jpg,mouse
data/original_images/binder/6XHH69M4O4IT.jpg,binder
data/original_images/files/4F8K6UNNZBWM.jpg,files
data/original_images/files/VOLOZ97R02ZR_aug.jpg,files
data/original_images/headphone/7FDPI3F0U1B3_aug.jpg,headphone
data/original_images/mug/images - 2022-03-30T103924.718 (2).jpg,mug
data/original_images/ballpoint/5YJOYHSC5SVV.jpg,ballpoint
data/original_images/mug/YBHHXHVHGVRN_aug.jpg,mug
data/original_images/headphone/RLF2IS09TXMR_aug.jpg,headphone
data/original_images/mug/7DOY9XZ26E6Y.jpg,mug
data/original_images/mouse/J0JWLN7628T2.jpg,mouse
data/original_images/files/2A7I3K0ZJ4LE.jpg,files
data/original_images/files/R8O97G9OT8AL_aug.jpg,files
data/original_images/ballpoint/X4F5Q3DZG9CA.jpg,ballpoint
data/original_images/ballpoint/0VXIWB82CMJ8.jpg,ballpoint
data/original_images/ballpoint/9W56ZN43DXZ7.jpg,ballpoint
data/original_images/headphone/9QAH9H0PH9B7.jpg,headphone
data/original_images/mouse/N8FQS8MFRHK8.jpg,mouse
data/original_images/files/7UT0BSBXU89T.jpg,files
data/original_images/mug/K3MO2DMM8WPT.jpg,mug
data/original_images/files/GMLMTM0N0WDC.jpg,files
data/original_images/ballpoint/I0EOZGKE1XYL.jpg,ballpoint
data/original_images/headphone/YTI7VMYVUTTA.jpg,headphone
data/original_images/binder/LCQQ8YRUKD63.jpg,binder
data/original_images/headphone/EZCK9SVLUUDH_aug.jpg,headphone
data/original_images/files/K1QVXHSDPU0K.jpg,files
data/original_images/headphone/Q9L5F6PUPOW8.jpg,headphone
data/original_images/mug/ASFEJIFAWZL5.jpg,mug
data/original_images/mug/52QS7T0J0QL2.jpg,mug
data/original_images/mug/images - 2022-03-29T155402.410.jpg,mug
data/original_images/binder/KDKCEJNGHV5N_aug.jpg,binder
data/original_images/mug/3OWLYEULDDR7.jpg,mug
data/original_images/binder/GBOCIOS58UNM.jpg,binder
data/original_images/mouse/35LVYP0XF4SB.jpg,mouse
data/original_images/binder/SX5QGXQU10DC_aug.jpg,binder
data/original_images/ballpoint/1G4OY1K28E2Z.jpg,ballpoint
data/original_images/ballpoint/807UKGNVCRQI.jpg,ballpoint
data/original_images/headphone/4T0DXNOKJUN5_aug.jpg,headphone
data/original_images/ballpoint/BDMO6NGQJK1V.jpg,ballpoint
data/original_images/mug/QIZ1Z2AJA6KQ.jpg,mug
data/original_images/ballpoint/8RKAE6DH4PDU.jpg,ballpoint
data/original_images/headphone/RV90NU1NSO3H.jpg,headphone
data/original_images/files/94KJX66ZDX3S.jpg,files
data/original_images/files/EXBLGKFHAI2E.jpg,files
data/original_images/mouse/S4EZFBFMEMHT.jpg,mouse
data/original_images/binder/SKMV3A3GF9SA.jpg,binder
data/original_images/mug/HA3DT2Y3MO9Q.jpg,mug
data/original_images/binder/GBKMFQZM2BUI.jpg,binder
data/original_images/binder/HSECLYXPG8HC_aug.jpg,binder
data/original_images/mouse/Q15OV7P4WCEQ.jpg,mouse
data/original_images/binder/JA5JUULULSR5.jpg,binder
data/original_images/ballpoint/ADL8NH43J6HD.jpg,ballpoint
data/original_images/ballpoint/XTRUYQN4JKEK.jpg,ballpoint
data/original_images/mouse/RWGMK8Y02KM6.jpg,mouse
data/original_images/mouse/MUITNWMNLRPN.jpg,mouse
data/original_images/mouse/2TOKW11X7L0C.jpg,mouse
data/original_images/files/ELI8TAWPZXZL.jpg,files
data/original_images/mouse/KF4ILQLTEOEQ.jpg,mouse
data/original_images/files/TIVTV0RETTG7.jpg,files
data/original_images/mug/EMDI5897M6T1.jpg,mug
data/original_images/mug/images - 2022-03-29T160152.212.jpg,mug
data/original_images/headphone/TGU6YWPUQNEA.jpg,headphone
data/original_images/ballpoint/HB63MSYRXJSP.jpg,ballpoint
data/original_images/ballpoint/AO27F3RVCV04.jpg,ballpoint
data/original_images/files/RUWXRHKXU8I8.jpg,files
data/original_images/headphone/J7Z0KECI7EIQ.jpg,headphone
data/original_images/binder/8EDCA0PASISN.jpg,binder
data/original_images/files/N3MBF58GD0XE.jpg,files
data/original_images/ballpoint/2CXYXWNTY42E.jpg,ballpoint
data/original_images/mouse/JTV9YUZSDKFC.jpg,mouse
data/original_images/mouse/UIK9O7EEWQVJ.jpg,mouse
data/original_images/binder/HVVZBAS21RZM.jpg,binder
data/original_images/mug/JLAGN25JLKMP.jpg,mug
data/original_images/mouse/ZKQ6BH8R83LF.jpg,mouse
data/original_images/mouse/VBTZ06DMYJLE.jpg,mouse
data/original_images/ballpoint/VDF6CLJ0DI1E.jpg,ballpoint
data/original_images/binder/G0FKDFZ66DQD.jpg,binder
data/original_images/files/PSOKKXL060WJ.jpg,files
data/original_images/mouse/F7M14IWLV5AS.jpg,mouse
data/original_images/files/4AF4TKCJH6PX.jpg,files
data/original_images/binder/D25IB3QQ5O6U.jpg,binder
data/original_images/mouse/6CSYG04CYHUO.jpg,mouse
data/original_images/mug/83T4YZ61JLFU_aug.jpg,mug
data/original_images/headphone/images (10).jpeg,headphone
data/original_images/mouse/V21HPU5QDMWZ.jpg,mouse
data/original_images/binder/3EVB7SZNXTW0.jpg,binder
data/original_images/binder/FDVJFPHKU2T6.jpg,binder
data/original_images/mug/images - 2022-03-29T161200.817.jpg,mug
data/original_images/mouse/54CK2AVZRDTN.jpg,mouse
data/original_images/mug/images - 2022-03-30T104353.193.jpg,mug
data/original_images/binder/MZTKNHMX60SX.jpg,binder
data/original_images/headphone/OZ7LG8BAYW7Q.jpg,headphone
data/original_images/files/6MJ6SAAMVUPQ.jpg,files
data/original_images/binder/25HNGZSGYFCJ.jpg,binder
data/original_images/binder/E76DWVKPMTBH.jpg,binder
data/original_images/binder/6Y4O4HGH2KLQ.jpg,binder
data/original_images/ballpoint/H30TFJ4TR84Q.jpg,ballpoint
data/original_images/mug/TJTDFOEDBAVW.jpg,mug
data/original_images/mouse/4A6LREOJYX2S.jpg,mouse
data/original_images/mouse/J2J4YZ3LRWB7.jpg,mouse
data/original_images/files/B18AFOHQ9PA8.jpg,files
data/original_images/files/J198CSUJNX73.jpg,files
data/original_images/binder/7TP3DBBWDOD1.jpg,binder
data/original_images/binder/Z2HZPLPGZ2L2.jpg,binder
data/original_images/ballpoint/7VMM9CP77WTH.jpg,ballpoint
data/original_images/mug/images - 2022-03-29T155402.415.jpg,mug
data/original_images/mug/UYBMRRD7WK09.jpg,mug
data/original_images/ballpoint/G46DH15GGVJ8.jpg,ballpoint
data/original_images/mouse/JTDJ3VQVMEQ9.jpg,mouse
data/original_images/binder/KAG8BSGCOLOR_aug.jpg,binder
data/original_images/files/ALYNGB3CRR0Q.jpg,files
data/original_images/mouse/7CZQ04U8KB7O.jpg,mouse
data/original_images/binder/H239LTH06E97_aug.jpg,binder
data/original_images/files/VPGPB851X8GN_aug.jpg,files
data/original_images/headphone/GV61VNGELOS1.jpg,headphone
data/original_images/headphone/CHZX6SMYGY47.jpg,headphone
data/original_images/mouse/QDKQO9J72T0L.jpg,mouse
data/original_images/files/R7J3LN5CSGCX.jpg,files
data/original_images/mouse/WHEACBFXAFCV.jpg,mouse
data/original_images/mug/images - 2022-03-30T093958.695.jpg,mug
data/original_images/binder/Z5K1PA2FHBFD.jpg,binder
data/original_images/files/676MPEPIYFK6.jpg,files
data/original_images/binder/YMTQWKOA39UK_aug.jpg,binder
data/original_images/files/YWLRTWSJU3WB.jpg,files
data/original_images/files/YP4384C7SM8C.jpg,files
data/original_images/ballpoint/75P3TASNYJI7.jpg,ballpoint
data/original_images/files/0P2P7HDJF2J5.jpg,files
data/original_images/files/SUFZHCAC0X6Y_aug.jpg,files
data/original_images/mouse/6C7RA51KHFWQ.jpg,mouse
data/original_images/binder/MZEKSZTNVDDB.jpg,binder
data/original_images/mug/U4MLNK9FSCVN.jpg,mug
data/original_images/binder/I1C587BQI079.jpg,binder
data/original_images/mug/XJXZUDQKIRE8.jpg,mug
data/original_images/ballpoint/MZVQXEIUN9SR.jpg,ballpoint
data/original_images/ballpoint/6WXA1AR0FV11.jpg,ballpoint
data/original_images/files/N3TU0WXOYT78.jpg,files
data/original_images/mouse/QFO550K48WE0.jpg,mouse
data/original_images/ballpoint/AW709EFFD8TA.jpg,ballpoint
data/original_images/mug/09RSZQL2DN03.jpg,mug
data/original_images/binder/RF1ABRZGQL1E_aug.jpg,binder
data/original_images/ballpoint/CH5AMQY094J9.jpg,ballpoint
data/original_images/mouse/1ZI5WQOTTM3Y.jpg,mouse
data/original_images/mouse/550MOF7UJNYR.jpg,mouse
data/original_images/mug/images (44).jpg,mug
data/original_images/ballpoint/GUOD986MQQW8.jpg,ballpoint
data/original_images/mug/DX5PCVUMO725.jpg,mug
data/original_images/mouse/RPXSRS041SS9.jpg,mouse
data/original_images/headphone/UHFOFJ2EUNWU_aug.jpg,headphone
data/original_images/headphone/91EYLVVDJH0L_aug.jpg,headphone
data/original_images/files/J8G616GESB4F.jpg,files
data/original_images/mouse/4KLO0HGX79K4.jpg,mouse
data/original_images/binder/HPY6C5H6VFJO.jpg,binder
data/original_images/mouse/2R23ARXT9RMZ.jpg,mouse
data/original_images/ballpoint/R06H56E2OR5T.jpg,ballpoint
data/original_images/mouse/BELV7WTFG2LS.jpg,mouse
data/original_images/ballpoint/P5JSPDSQI3KM.jpg,ballpoint
data/original_images/binder/4PE9NJ99NXHO.jpg,binder
data/original_images/headphone/images (136).jpeg,headphone
data/original_images/headphone/9OGGMMJP8NA3.jpg,headphone
data/original_images/mouse/L9JU6K3HSKWQ.jpg,mouse
data/original_images/mug/images - 2022-03-29T160935.696.jpg,mug
data/original_images/files/E7HJS2USII17.jpg,files
data/original_images/headphone/H1UHI2GIT99U.jpg,headphone
data/original_images/files/QA54PZ38GH0D.jpg,files
data/original_images/mouse/527ZGM5RM8XY.jpg,mouse
data/original_images/ballpoint/HO4RY72PXHXB.jpg,ballpoint
data/original_images/binder/KUIKKNRRSKWW.jpg,binder
data/original_images/binder/I11W8DE4IATH_aug.jpg,binder
data/original_images/mug/images - 2022-03-30T093930.416.jpg,mug
data/original_images/mouse/BAAB0CWWIG2Y.jpg,mouse
data/original_images/ballpoint/SIQ3HZW7WY92.jpg,ballpoint
data/original_images/ballpoint/UTANR3HOG30E.jpg,ballpoint
data/original_images/mouse/ATKTM2V2DNZU.jpg,mouse
data/original_images/mug/images - 2022-03-30T104006.219.jpg,mug
data/original_images/binder/LOMV17ZKB7Y7_aug.jpg,binder
data/original_images/binder/PTIRX1GB1AOG_aug.jpg,binder
data/original_images/files/FGGNO6IIIP2C.jpg,files
data/original_images/mouse/7XD0QU8XG1F6.jpg,mouse
data/original_images/mouse/IQVJJQ4DEF6Q.jpg,mouse
data/original_images/mug/V2G1X83EZYH3.jpg,mug
data/original_images/mug/MF7LAE371QQK_aug.jpg,mug
data/original_images/mouse/W8YU8362Q3J9.jpg,mouse
data/original_images/ballpoint/FSNTPPUTWLEA.jpg,ballpoint
data/original_images/files/YDYH8G6P0AVU.jpg,files
data/original_images/headphone/O58RXJ4XLFD5_aug.jpg,headphone
data/original_images/binder/O3O7QAP2VS9V.jpg,binder
data/original_images/mug/images - 2022-03-30T104112.205.jpg,mug
data/original_images/headphone/UMQDXIG6ULPD_aug.jpg,headphone
data/original_images/ballpoint/Z2CRATDTUDDG.jpg,ballpoint
data/original_images/mug/V3QDUH7DMPR7.jpg,mug
data/original_images/files/0ZA85QTBXPZ7.jpg,files
data/original_images/ballpoint/0AGP8QB1TM8M.jpg,ballpoint
data/original_images/headphone/images (94).jpeg,headphone
data/original_images/binder/FDTNXZ8K1HPP.jpg,binder
data/original_images/mouse/7IVQ8VDRGAG1.jpg,mouse
data/original_images/mug/86LFWWTKF6K0_aug.jpg,mug
data/original_images/binder/LZFVCFTQN5H1.jpg,binder
data/original_images/mouse/QQ4HXDCP1H0R.jpg,mouse
data/original_images/headphone/XGDCOZJJXM35.jpg,headphone
data/original_images/headphone/G8CUC07BCLFV.jpg,headphone
data/original_images/mug/images - 2022-03-30T104006.201.jpg,mug
data/original_images/ballpoint/60TZX0B7S5XI.jpg,ballpoint
data/original_images/ballpoint/N3X2FMWPGWBP.jpg,ballpoint
data/original_images/headphone/BBHTE06AVHR3.jpg,headphone
data/original_images/headphone/SLQTM10SFX6O.jpg,headphone
data/original_images/mouse/AZ18S9D9L09G.jpg,mouse
data/original_images/binder/RL1ET58QILF6_aug.jpg,binder
data/original_images/mug/images - 2022-03-29T161629.380.jpg,mug
data/original_images/files/SOL0ME129VC4.jpg,files
data/original_images/ballpoint/S92A83HSSF9Q.jpg,ballpoint
data/original_images/ballpoint/6Z1ZLV5WMLKZ.jpg,ballpoint
data/original_images/ballpoint/DGV853H66M1U.jpg,ballpoint
data/original_images/files/WOVODE87HP2B.jpg,files
data/original_images/files/X6HRUPIIOBED.jpg,files
data/original_images/binder/8E0JQSHVPQCQ.jpg,binder
data/original_images/files/UO98A544KO3B_aug.jpg,files
data/original_images/files/I3WP1AVYN7OE.jpg,files
data/original_images/binder/LZFVCFTQN5H1_aug.jpg,binder
data/original_images/headphone/WN70AOYU0GEO.jpg,headphone
data/original_images/ballpoint/XWVYMIJO0SLV.jpg,ballpoint
data/original_images/binder/PXTKM4TC9XG9.jpg,binder
data/original_images/files/7443V6UQ0H9Q.jpg,files
data/original_images/ballpoint/WE6D9P6Z9STR.jpg,ballpoint
data/original_images/files/41MPO1C366S4.jpg,files
data/original_images/binder/9OH2C2KIV9WM.jpg,binder
data/original_images/files/RO9GH27LN9HR_aug.jpg,files
data/original_images/mug/RL1KAZBBAAX1_aug.jpg,mug
data/original_images/files/E9Y7E2UNX6OS.jpg,files
data/original_images/mug/images - 2022-03-29T155402.451.jpg,mug
data/original_images/files/40MKGL9LBS90.jpg,files
data/original_images/headphone/images (177).jpeg,headphone
data/original_images/ballpoint/FH76YNXQPHGN.jpg,ballpoint
data/original_images/mouse/ITQSSK4MKVJ2.jpg,mouse
data/original_images/files/WB3WELDTJIF7.jpg,files
data/original_images/headphone/images (84).jpeg,headphone
data/original_images/binder/IVQDG4AGAICP.jpg,binder
data/original_images/mouse/1LWFT09ULUUL.jpg,mouse
data/original_images/mouse/UR0QXULJEMIO.jpg,mouse
data/original_images/binder/6R9IILJWYZCB.jpg,binder
data/original_images/binder/H84LQ58UYA4F.jpg,binder
data/original_images/mug/J1ESYNXH8K5G.jpg,mug
data/original_images/mug/images - 2022-03-30T093740.034.jpg,mug
data/original_images/mouse/R11LDZZMQ94P.jpg,mouse
data/original_images/ballpoint/SQ4HZ9D6CFZ6.jpg,ballpoint
data/original_images/headphone/O93SRK7C6TFE.jpg,headphone
data/original_images/mug/VY8U7AR43UA2.jpg,mug
data/original_images/mug/ABVMHUFE6FIE_aug.jpg,mug
data/original_images/binder/EHLROWWDAZ6S.jpg,binder
data/original_images/mouse/EDUQJ3WNRKFM.jpg,mouse
data/original_images/headphone/images (147).jpeg,headphone
data/original_images/mug/UB4E5FHCY44C_aug.jpg,mug
data/original_images/files/IRKB0IOXOT26.jpg,files
data/original_images/ballpoint/4EQSA43M0RJ2.jpg,ballpoint
data/original_images/headphone/R7OQZ1HVZCQR.jpg,headphone
data/original_images/binder/LH8YIA0HOKLU.jpg,binder
data/original_images/binder/5M7TPEQXH4P6.jpg,binder
data/original_images/mug/N38CZ4VI314Q_aug.jpg,mug
data/original_images/ballpoint/3VTJNUWB6HTR.jpg,ballpoint
data/original_images/files/V1DZVDOPQZRP.jpg,files
data/original_images/files/0OPJLX88J1XP.jpg,files
data/original_images/files/07GOU52GQ71A.jpg,files
data/original_images/binder/IBZ5KORWYZBX.jpg,binder
data/original_images/ballpoint/J159K2JS3OD3.jpg,ballpoint
data/original_images/mouse/8X3D9P08TJGL.jpg,mouse
data/original_images/mouse/ROKKZLX67IPG.jpg,mouse
data/original_images/binder/NZ835YC1SNLQ_aug.jpg,binder
data/original_images/ballpoint/SFFP9DCAACPX.jpg,ballpoint
data/original_images/binder/DQYG7VU8ISNB.jpg,binder
data/original_images/binder/ERFB4G95MSFM_aug.jpg,binder
data/original_images/mug/images - 2022-03-30T104352.969.jpg,mug
data/original_images/mug/MF7LAE371QQK.jpg,mug
data/original_images/headphone/N9F3NQCTGVR7.jpg,headphone
data/original_images/files/0D3OXDPWGOYW.jpg,files
data/original_images/binder/63BKICJ5Z5HE.jpg,binder
data/original_images/mouse/Y1BY6DB98Z16.jpg,mouse
data/original_images/headphone/X470YYPXQRLB.jpg,headphone
data/original_images/headphone/3R8ST7IXFUM5.jpg,headphone
data/original_images/files/QCOTLRISSP6S.jpg,files
data/original_images/mug/images (10).jpg,mug
data/original_images/binder/65GW8PXLFWZ9.jpg,binder
data/original_images/files/20D7OP5OYRPA.jpg,files
data/original_images/headphone/FJ1VPB665DHQ_aug.jpg,headphone
data/original_images/mouse/4TTPG3GNDKHT.jpg,mouse
data/original_images/mouse/AS1B3A8JHO8N.jpg,mouse
data/original_images/headphone/2MGZ0OYD9ZNL_aug.jpg,headphone
data/original_images/files/5R7SDUH7EJC3.jpg,files
data/original_images/mug/XEAH9JVMMEKI_aug.jpg,mug
data/original_images/mouse/2Y7SDCZD1TQ1.jpg,mouse
data/original_images/binder/ZQRVIHEP9H1I.jpg,binder
data/original_images/mouse/QD0R3JCG9LC9.jpg,mouse
data/original_images/files/DZ7CJE70T8Z1.jpg,files
data/original_images/binder/I0BKK50GZHLM_aug.jpg,binder
data/original_images/files/8O5QVDOP2F3W.jpg,files
data/original_images/headphone/4TPBRUNSLF8Z.jpg,headphone
data/original_images/ballpoint/BWT117R14720.jpg,ballpoint
data/original_images/mug/images (39).jpg,mug
data/original_images/mug/Screenshot 2022-03-30 1018540000000000000000000000000.png,mug
data/original_images/ballpoint/SHFS4G8RPBBT.jpg,ballpoint
data/original_images/files/VO9PP386PKS9.jpg,files
data/original_images/binder/JNXZIKBZYVKQ.jpg,binder
data/original_images/mouse/R7VWF6VSVL52.jpg,mouse
data/original_images/mouse/L85YTEM849LV.jpg,mouse
data/original_images/binder/76RO11CLKFNN.jpg,binder
data/original_images/files/6RYZ5ET5ZUKK.jpg,files
data/original_images/headphone/J161W64DN0DN.jpg,headphone
data/original_images/mug/images - 2022-03-30T104006.227.jpg,mug
data/original_images/mouse/M8TAFOLOQ4UN.jpg,mouse
data/original_images/mug/images - 2022-03-30T104257.908.jpg,mug
data/original_images/mouse/R38X2268DCF8.jpg,mouse
data/original_images/mouse/QP4NKLP0VQFB.jpg,mouse
data/original_images/binder/MVNM53DTWQS3.jpg,binder
data/original_images/binder/KS88R0P9WNO0_aug.jpg,binder
data/original_images/binder/IOSOOJF80N6V.jpg,binder
data/original_images/files/6QKM8OGYVQW5.jpg,files
data/original_images/headphone/EE7Y0387HPUO_aug.jpg,headphone
data/original_images/files/01546JNS50MM.jpg,files
data/original_images/mug/DLPH8J9FWERN.jpg,mug
data/original_images/binder/O8KJNLY2FSI2.jpg,binder
data/original_images/mug/WX8HG5ZY86OR.jpg,mug
data/original_images/mug/ENIAULDCQ30F_aug.jpg,mug
data/original_images/mug/EEFO0WXFRCGW_aug.jpg,mug
data/original_images/binder/0GDJLF36S720.jpg,binder
data/original_images/mouse/6J3G1NRUS5GI.jpg,mouse
data/original_images/mouse/O2BDEQWNGU5J.jpg,mouse
data/original_images/binder/I00BEBAY4KIO.jpg,binder
data/original_images/mouse/Z367VKVS4ZYT.jpg,mouse
data/original_images/headphone/I6ND1FKFT6OY.jpg,headphone
data/original_images/headphone/LXOR372ZRMK1.jpg,headphone
data/original_images/binder/7U6LWX00RFZS.jpg,binder
data/original_images/headphone/SCTNALBS0RIA_aug.jpg,headphone
data/original_images/mug/images - 2022-03-29T160313.638.jpg,mug
data/original_images/mug/7WQBUQJZXUAI.jpg,mug
data/original_images/mouse/3EAX590A0PBG.jpg,mouse
data/original_images/binder/KKQVMPAZ1U8S.jpg,binder
data/original_images/files/9PTUQXWF4PU9.jpg,files
data/original_images/mug/images - 2022-03-29T161200.772.jpg,mug
data/original_images/headphone/O58RXJ4XLFD5.jpg,headphone
data/original_images/files/RU8HH5QRS2ZN_aug.jpg,files
data/original_images/binder/NM9Y6PX8DGXO_aug.jpg,binder
data/original_images/headphone/PD93E8JVCD9S.jpg,headphone
data/original_images/binder/8SW4RS7T5WQ2.jpg,binder
data/original_images/mug/AYN14UL6PUR5_aug.jpg,mug
data/original_images/mouse/NB8CCK5CRLD6.jpg,mouse
data/original_images/mouse/RMA1N298NCPJ.jpg,mouse
data/original_images/files/PF8PLPL3WD2K.jpg,files
data/original_images/ballpoint/1YX6LUHPA27H.jpg,ballpoint
data/original_images/mouse/EYYGXDGRTR1A.jpg,mouse
data/original_images/files/JEQLGLTO0Y3Y.jpg,files
data/original_images/binder/KJNVU78RIUNA.jpg,binder
data/original_images/mouse/JT1AXOA10RK7.jpg,mouse
data/original_images/ballpoint/O8R4K8RK609J.jpg,ballpoint
data/original_images/binder/L74N0XEB842J.jpg,binder
data/original_images/mouse/2EDA5OZDXUT5.jpg,mouse
data/original_images/mouse/MZH2D4H1N422.jpg,mouse
data/original_images/binder/N1SDD50BSWXK.jpg,binder
data/original_images/mouse/5L0IHWW41XQR.jpg,mouse
data/original_images/mug/Y9A637G0QUEJ.jpg,mug
data/original_images/mouse/JQMICCRA076F.jpg,mouse
data/original_images/binder/BHIR9KIGGIKL.jpg,binder
data/original_images/ballpoint/HL641GLR8I8P.jpg,ballpoint
data/original_images/files/XHZQX7TRGVZD.jpg,files
data/original_images/mouse/ZKBH79PVQPBB.jpg,mouse
data/original_images/mouse/VMAB60AKD2JW.jpg,mouse
data/original_images/ballpoint/LQY5HMJZ4FA8.jpg,ballpoint
data/original_images/headphone/G5A6ONDB8FL6_aug.jpg,headphone
data/original_images/mouse/H6XWOAKPSNE0.jpg,mouse
data/original_images/mouse/D9G7O00ZFY0C.jpg,mouse
data/original_images/binder/3XMS39KYZ2B4.jpg,binder
data/original_images/mug/images - 2022-03-30T093740.209.jpg,mug
data/original_images/files/J7PQ9YY9WDHR.jpg,files
data/original_images/files/ARPLDRWSLQFQ.jpg,files
data/original_images/mouse/N19GB85WQC8D.jpg,mouse
data/original_images/headphone/WWTH3SC7NA67.jpg,headphone
data/original_images/binder/29L3KPS8F6VX.jpg,binder
data/original_images/files/NCNSPH0AUSR2.jpg,files
data/original_images/mouse/BOWLSIEXEQCE.jpg,mouse
data/original_images/headphone/SRJT0WHHY4T2.jpg,headphone
data/original_images/files/0DB1WNJ13TQY.jpg,files
data/original_images/ballpoint/OXAUC713L3DW.jpg,ballpoint
data/original_images/mouse/WV5JJQ1AIW22.jpg,mouse
data/original_images/headphone/images (50).jpeg,headphone
data/original_images/headphone/BBPNZA5ERBWD.jpg,headphone
data/original_images/binder/7FLTNYI9PYVY.jpg,binder
data/original_images/mug/ABVMHUFE6FIE.jpg,mug
data/original_images/files/MM5MVD6WPHNB.jpg,files
data/original_images/binder/JA5JUULULSR5_aug.jpg,binder
data/original_images/ballpoint/KMSO67J75NSA.jpg,ballpoint
data/original_images/mug/images - 2022-03-30T094243.392.jpg,mug
data/original_images/mouse/8YSH6PJTDXRC.jpg,mouse
data/original_images/mug/AWZUL96F9RTJ.jpg,mug
data/original_images/headphone/images (156).jpeg,headphone
data/original_images/files/K8X2338E2V11.jpg,files
data/original_images/binder/TJ6AQ3F0IMC2.jpg,binder
data/original_images/files/DFHBIRAADHCM.jpg,files
data/original_images/mug/58FGIY3OYO75.jpg,mug
data/original_images/binder/4M5AC237R8KA.jpg,binder
data/original_images/binder/GSICSKBHIPZT.jpg,binder
data/original_images/mug/KV3NDDFO4SI5.jpg,mug
data/original_images/binder/YMTQWKOA39UK.jpg,binder
data/original_images/headphone/images (118).jpeg,headphone
data/original_images/headphone/WTOS1O65GSSC.jpg,headphone
data/original_images/mug/images (12).jpg,mug
data/original_images/files/KNWFL4LAQD97.jpg,files
data/original_images/mug/AA0BL7OSBYE1.jpg,mug
data/original_images/binder/KPUL3AFKS251.jpg,binder
data/original_images/binder/92WPX3YURFEL_aug.jpg,binder
data/original_images/binder/OELXC31ENGE7.jpg,binder
data/original_images/files/6PN34KZ8P2W1.jpg,files
data/original_images/ballpoint/HDJTUGS9CS6Y.jpg,ballpoint
data/original_images/binder/JZTLF49Z0NIG_aug.jpg,binder
data/original_images/headphone/images (130).jpeg,headphone
data/original_images/binder/MJ43PNCL6CIE.jpg,binder
data/original_images/mug/images - 2022-03-29T161200.61877.jpg,mug
data/original_images/binder/JOZVXTUG1GYV_aug.jpg,binder
data/original_images/files/XITYP01UXK4S.jpg,files
data/original_images/files/VUVCD285STHD_aug.jpg,files
data/original_images/binder/37W5P16VFO61.jpg,binder
data/original_images/mug/9FYVBA3W7RXS.jpg,mug
data/original_images/mouse/3FEPEIUZUOU6.jpg,mouse
data/original_images/headphone/LDY8FMRYK3WO.jpg,headphone
data/original_images/mouse/PZ8JLR0ASICS.jpg,mouse
data/original_images/mouse/VFQ8X4PT5EK5.jpg,mouse
data/original_images/binder/4L7DTEKQKSRG.jpg,binder
data/original_images/binder/N3NE5ZVNSY1X.jpg,binder
data/original_images/binder/CQLOZPEHWIYY_aug.jpg,binder
data/original_images/mouse/87HHMDT6ST3E.jpg,mouse
data/original_images/files/P4HPI352K5IF.jpg,files
data/original_images/binder/KM21WRIDK4QL_aug.jpg,binder
data/original_images/headphone/BEIWFLHD1K7M_aug.jpg,headphone
data/original_images/headphone/3M76OAC269RW.jpg,headphone
data/original_images/mouse/LMK877V47F3S.jpg,mouse
data/original_images/mouse/O3E005KHFBWM.jpg,mouse
data/original_images/ballpoint/TSCGDPVAN13I.jpg,ballpoint
data/original_images/binder/TWVM1ZGQ6PVJ_aug.jpg,binder
data/original_images/mouse/IDB43C3Q0XZ1.jpg,mouse
data/original_images/files/BM64II0PF20K.jpg,files
data/original_images/mug/Q0MFKY16XZOS.jpg,mug
data/original_images/files/TRFRD6I4NIW8.jpg,files
data/original_images/files/PPDJSK1LEBXO.jpg,files
data/original_images/ballpoint/D824U7HIGPWD.jpg,ballpoint
data/original_images/headphone/O3NLSS9G09NH.jpg,headphone
data/original_images/ballpoint/OP0CMLLBYXLN.jpg,ballpoint
data/original_images/binder/I6JD1EQEDUZE.jpg,binder
data/original_images/mouse/9A7JU6ZBQM6D.jpg,mouse
data/original_images/files/TBDXU98XP1NC.jpg,files
data/original_images/ballpoint/L7FDE1UM1NPY.jpg,ballpoint
data/original_images/headphone/KB2N5ASX2UMA.jpg,headphone
data/original_images/mouse/FOVLB2SKO0Y6.jpg,mouse
data/original_images/headphone/RWECZGYMLCXO.jpg,headphone
data/original_images/files/LYP7X7TTEMYP.jpg,files
data/original_images/mug/CQDKO5WL9BQ8.jpg,mug
data/original_images/files/3EQYZWMGOM4T.jpg,files
data/original_images/binder/Q22BHQ2QHWZQ.jpg,binder
data/original_images/mouse/HJYPPXXTTGLB.jpg,mouse
data/original_images/headphone/images (71).jpeg,headphone
data/original_images/files/X7UK4VBO2PH5.jpg,files
data/original_images/ballpoint/ATYM0JTMZYGJ.jpg,ballpoint
data/original_images/files/8SIH5ZZ1K26B.jpg,files
data/original_images/mug/8QFC6UEJUTQX.jpg,mug
data/original_images/mouse/7INTYBWN9KRC.jpg,mouse
data/original_images/ballpoint/GNBL2IWZT06F.jpg,ballpoint
data/original_images/binder/F5USY5TRWH8Q.jpg,binder
data/original_images/headphone/E76YSAD40B5J_aug.jpg,headphone
data/original_images/files/VBHWWE2BIL1I_aug.jpg,files
data/original_images/headphone/VLVGGRMUB4RL_aug.jpg,headphone
data/original_images/mouse/9HYFJ2Y1MQPL.jpg,mouse
data/original_images/binder/5B4QXIJ3CX2E.jpg,binder
data/original_images/headphone/images (161).jpeg,headphone
data/original_images/binder/LJTQSZNEW0V0.jpg,binder
data/original_images/binder/1K8KK2XIXFXC.jpg,binder
data/original_images/binder/JQYP30BFU1YN_aug.jpg,binder
data/original_images/mouse/N0P2E6DWU0WC.jpg,mouse
data/original_images/headphone/QL74DR0LDNN9.jpg,headphone
data/original_images/binder/ZNNYCFB350OY.jpg,binder
data/original_images/mouse/9RPJ3K52Q7KL.jpg,mouse
data/original_images/binder/ASVIOBUHTZW8_aug.jpg,binder
data/original_images/files/SUYOQH3O8XHL.jpg,files
data/original_images/headphone/2T1O5HH0I25R.jpg,headphone
data/original_images/binder/SHNOT8LINNGE_aug.jpg,binder
data/original_images/headphone/7FDPI3F0U1B3.jpg,headphone
data/original_images/mouse/16HVUXO87FNM.jpg,mouse
data/original_images/headphone/LWF7UIBYSZNC.jpg,headphone
data/original_images/binder/G1P2LNQKUDFT.jpg,binder
data/original_images/mug/Screenshot 2022-03-30 102035kkkk.png,mug
data/original_images/binder/TZU1P79LEOAA_aug.jpg,binder
data/original_images/files/VC2FFCOZRXXW.jpg,files
data/original_images/mug/Screenshot 2022-03-30 102743mmmmm.png,mug
data/original_images/mouse/K10KQYD9WVQF.jpg,mouse
data/original_images/headphone/images (112).jpeg,headphone
data/original_images/files/OOLSZN6GPH2X.jpg,files
data/original_images/mug/images - 2022-03-30T094707.493.jpg,mug
data/original_images/mug/images - 2022-03-30T094243.358.jpg,mug
data/original_images/files/RZHPTY4AW40Y.jpg,files
data/original_images/mouse/V4TK4E3CVBKM.jpg,mouse
data/original_images/headphone/L7BETV795IFF_aug.jpg,headphone
data/original_images/files/DNIPMLDNMJV8.jpg,files
data/original_images/mug/L00IYK5DTQEZ.jpg,mug
data/original_images/ballpoint/F2ZJRG19HBXK.jpg,ballpoint
data/original_images/mug/images - 2022-03-29T160531.749.jpg,mug
data/original_images/headphone/ZHSWB4RG2N7M.jpg,headphone
data/original_images/binder/88Z9KIHKV4FT.jpg,binder
data/original_images/headphone/BLV6ECUJXF6X.jpg,headphone
data/original_images/binder/YWKOEZ9NB90N.jpg,binder
data/original_images/binder/O7FQTD13GNJ3.jpg,binder
data/original_images/mug/images - 2022-03-29T161002.568.jpg,mug
data/original_images/binder/DRQV3YTDIXSZ_aug.jpg,binder
data/original_images/mug/CH9O30P3HGGI.jpg,mug
data/original_images/files/JWB6Z9OVM0V0.jpg,files
data/original_images/binder/546KEDSQ4YZJ_aug.jpg,binder
data/original_images/headphone/ZYY923QREDHO.jpg,headphone
data/original_images/mug/images - 2022-03-29T161002.591.jpg,mug
data/original_images/binder/OJXR0F2CYWUU_aug.jpg,binder
data/original_images/mug/UM2V2HEWFFXJ.jpg,mug
data/original_images/headphone/3OOG07WSHWSV.jpg,headphone
data/original_images/headphone/image (20).jpeg,headphone
data/original_images/files/OAUX64S7JYB1.jpg,files
data/original_images/mug/761WQX3FAA9M_aug.jpg,mug
data/original_images/mouse/OE4PB6DTIKMI.jpg,mouse
data/original_images/binder/T5K14NUSZD7Q_aug.jpg,binder
data/original_images/ballpoint/ZX0RUHW5XY3A.jpg,ballpoint
data/original_images/mouse/5KDJEKXWCWRK.jpg,mouse
data/original_images/mouse/6G9HEWKHGMW8.jpg,mouse
data/original_images/headphone/UT0CV31J52ON.jpg,headphone
data/original_images/mug/YTB73V2J1ITX.jpg,mug
data/original_images/headphone/L3X4MYGZV7YT.jpg,headphone
data/original_images/headphone/ODJS7RX30BKJ.jpg,headphone
data/original_images/ballpoint/RXDZ5O7KX4SN.jpg,ballpoint
data/original_images/mouse/0YI1QHUN2KA1.jpg,mouse
data/original_images/ballpoint/BTI6C59ZT6S6.jpg,ballpoint
data/original_images/mouse/P93BPCXHDPPO.jpg,mouse
data/original_images/mug/images - 2022-03-30T104352.904.jpg,mug
data/original_images/mouse/GLOB0555TGYN.jpg,mouse
data/original_images/mouse/D34JZ14D2H49.jpg,mouse
data/original_images/ballpoint/BD8KFVV2Y958.jpg,ballpoint
data/original_images/mug/GVJXE0Y137UQ.jpg,mug
data/original_images/mouse/2591WMYY855Y.jpg,mouse
data/original_images/headphone/images (143).jpeg,headphone
data/original_images/mug/images - 2022-03-29T161200.984.jpg,mug
data/original_images/binder/ZJXWJ797DOTY.jpg,binder
data/original_images/mouse/5FF06RZPP4WY.jpg,mouse
data/original_images/files/3XOH2SC8M7M6.jpg,files
data/original_images/files/6KNW6L6SDHCS.jpg,files
data/original_images/mug/Screenshot 2022-03-30 101419asssssssssssss.png,mug
data/original_images/mouse/VLA4OKCH6GME.jpg,mouse
data/original_images/mouse/UTE86BXH19OM.jpg,mouse
data/original_images/headphone/images (135).jpeg,headphone
data/original_images/ballpoint/AUJHAZESL34U.jpg,ballpoint
data/original_images/mug/images - 2022-03-30T093844.169.jpg,mug
data/original_images/headphone/images (9).jpeg,headphone
data/original_images/mouse/V9BRT56OQF8W.jpg,mouse
data/original_images/headphone/ZYY923QREDHO_aug.jpg,headphone
data/original_images/mouse/JKS2DWXURNDU.jpg,mouse
data/original_images/ballpoint/I4WTHUXMV9E5.jpg,ballpoint
data/original_images/mug/7MA4TQJIAFEM.jpg,mug
data/original_images/mug/IB1DRIKCEQRB_aug.jpg,mug
data/original_images/files/2L5N5RZ0RJJT.jpg,files
data/original_images/headphone/3CEMY3OYDHTU.jpg,headphone
data/original_images/ballpoint/5MGMEUE845BS.jpg,ballpoint
data/original_images/files/ODVHW7GH7JJK.jpg,files
data/original_images/binder/3EN8WF1RDWXB.jpg,binder
data/original_images/mug/images - 2022-03-29T160531.730.jpg,mug
data/original_images/ballpoint/2PCBXKTIGM4M.jpg,ballpoint
data/original_images/headphone/0EKXZ4HHBXXP.jpg,headphone
data/original_images/headphone/images (102).jpeg,headphone
data/original_images/mouse/V8VV7OR1EGTN.jpg,mouse
data/original_images/binder/DXGI1DNL8PIH.jpg,binder
data/original_images/files/MGM9PEC9NZFM.jpg,files
data/original_images/headphone/images (43).jpeg,headphone
data/original_images/mug/images - 2022-03-30T104221.099.jpg,mug
data/original_images/ballpoint/VA04USHE76J0.jpg,ballpoint
data/original_images/ballpoint/Z20JKX83KCZU.jpg,ballpoint
data/original_images/binder/7AQTD8HUZ87R.jpg,binder
data/original_images/headphone/CSM3N6CBGXTA.jpg,headphone
data/original_images/mouse/FD8Q6MK9COOE.jpg,mouse
data/original_images/binder/FLSMO70X1M8B_aug.jpg,binder
data/original_images/binder/ERFB4G95MSFM.jpg,binder
data/original_images/files/KD7L5B5M41K9.jpg,files
data/original_images/files/Q3XESR1CAYPA.jpg,files
data/original_images/ballpoint/YCF3JPWWOLNB.jpg,ballpoint
data/original_images/headphone/9ER7EGFZ8E2S.jpg,headphone
data/original_images/binder/H3TETUBDOMWS.jpg,binder
data/original_images/ballpoint/NV34Z66EJB95.jpg,ballpoint
data/original_images/binder/OJSKED2UUUQW_aug.jpg,binder
data/original_images/headphone/FHX9JWAPXHFG_aug.jpg,headphone
data/original_images/binder/A8BP3MB0QJXN.jpg,binder
data/original_images/headphone/LJI158ROLSHO.jpg,headphone
data/original_images/binder/KOBOBWGI8MCK.jpg,binder
data/original_images/binder/T9M5BAN6NC8L.jpg,binder
data/original_images/mouse/PDUVOPFG1PC4.jpg,mouse
data/original_images/mug/images - 2022-03-29T155402.798.jpg,mug
data/original_images/headphone/9GPDNLSUUSI4.jpg,headphone
data/original_images/binder/CZT8MFQNZPB7_aug.jpg,binder
data/original_images/ballpoint/LEXTZF14MVGX.jpg,ballpoint
data/original_images/ballpoint/RLI8X4U7I1Y5.jpg,ballpoint
data/original_images/files/04FMQNT5APUI.jpg,files
data/original_images/headphone/ZUI90I2R1FO1_aug.jpg,headphone
data/original_images/mouse/UUSBCVL22K5N.jpg,mouse
data/original_images/files/Y8N38CQHF45W_aug.jpg,files
data/original_images/binder/NDHRC4NUXPE4.jpg,binder
data/original_images/ballpoint/5OCFL5XMLLT2.jpg,ballpoint
data/original_images/mug/2ZZL9QASQ55B.jpg,mug
data/original_images/ballpoint/9RVOT8W17M9K.jpg,ballpoint
data/original_images/files/VTS4ZIJNNHG7_aug.jpg,files
data/original_images/mouse/A6B2HOC3FYXY.jpg,mouse
data/original_images/ballpoint/S4TYHXWQQJT0.jpg,ballpoint
data/original_images/mug/HW9JTY6QUUXW_aug.jpg,mug
data/original_images/files/SLXRTAO9A82F.jpg,files
data/original_images/mug/EMDI5897M6T1_aug.jpg,mug
data/original_images/binder/6FYVJ71R8K49.jpg,binder
data/original_images/binder/THSIMOLJBGAG_aug.jpg,binder
data/original_images/ballpoint/EBI2J1D5EL51.jpg,ballpoint
data/original_images/headphone/XF6NNGG3IH95.jpg,headphone
data/original_images/mug/images - 2022-03-29T160313.581.jpg,mug
data/original_images/mug/images - 2022-03-29T161200.843.jpg,mug
data/original_images/headphone/EZCK9SVLUUDH.jpg,headphone
data/original_images/mug/BI3OBORZNY3E.jpg,mug
data/original_images/mug/images - 2022-03-29T161629.267.jpg,mug
data/original_images/binder/6QRHF2F388UV.jpg,binder
data/original_images/binder/ZQTPD44U36J6.jpg,binder
data/original_images/mug/2BU76EAUBS1K.jpg,mug
data/original_images/binder/LRVG42MRNA49.jpg,binder
data/original_images/mug/images - 2022-03-30T104352.942.jpg,mug
data/original_images/mug/WT33U1PI1V21.jpg,mug
data/original_images/mouse/1TUS6CKMNNGM.jpg,mouse
data/original_images/mug/NTN3N9B54B60_aug.jpg,mug
data/original_images/mouse/MZWZRJYV99R4.jpg,mouse
data/original_images/binder/TY07MESMCCI9.jpg,binder
data/original_images/binder/NGHV2GQO27J3.jpg,binder
data/original_images/files/QKPUNNLX8CDS.jpg,files
data/original_images/binder/JUYDE61IV98V.jpg,binder
data/original_images/mouse/5KTHCFTHMX5T.jpg,mouse
data/original_images/binder/41CLCDQAJXV5.jpg,binder
data/original_images/headphone/image (6).jpeg,headphone
data/original_images/ballpoint/VT2G18ZSWTQI.jpg,ballpoint
data/original_images/headphone/XSUWEE2CP8KW.jpg,headphone
data/original_images/ballpoint/Z5PIYJJG0VI6.jpg,ballpoint
data/original_images/ballpoint/3M9XK282EB00.jpg,ballpoint
data/original_images/mug/images - 2022-03-29T161200.725.jpg,mug
data/original_images/ballpoint/JBEV4BFQ5U0F.jpg,ballpoint
data/original_images/mug/Screenshot 2022-03-30 095923bbbbbbbbbbbbb.png,mug
data/original_images/mouse/KNPC5QB7793J.jpg,mouse
data/original_images/binder/F2PUTD6UGP6N.jpg,binder
data/original_images/ballpoint/WLQARLMTV5SN.jpg,ballpoint
data/original_images/headphone/56SCNEDD0ERI.jpg,headphone
data/original_images/binder/AK8VKL3R7FMH.jpg,binder
data/original_images/headphone/KOL4WGTYDOM8.jpg,headphone
data/original_images/headphone/image (5).png,headphone
data/original_images/mug/FD3WX1E3YFNJ.jpg,mug
data/original_images/files/433QILVHCY0S.jpg,files
data/original_images/ballpoint/8E5A52VY4FRW.jpg,ballpoint
data/original_images/mouse/BAGJSD9NDAQD.jpg,mouse
data/original_images/mug/AM0RASYHPYNQ.jpg,mug
data/original_images/binder/NT74VO3TIZ2E_aug.jpg,binder
data/original_images/mouse/1PFPG8XG61O2.jpg,mouse
data/original_images/mug/images (30).jpg,mug
data/original_images/ballpoint/ZXFV56U3M8YH.jpg,ballpoint
data/original_images/ballpoint/UECR3S4VEO0S.jpg,ballpoint
data/original_images/ballpoint/TTP8JICEKYIS.jpg,ballpoint
data/original_images/ballpoint/QZQ13YXQAM4O.jpg,ballpoint
data/original_images/binder/4OOPNBP8E63W.jpg,binder
data/original_images/files/312NA8FOEM5T.jpg,files
data/original_images/files/B9X1NTG93X7F.jpg,files
data/original_images/headphone/MS1I4ZBUJXQA.jpg,headphone
data/original_images/mug/images (27).jpg,mug
data/original_images/ballpoint/DYZ01SJW6REE.jpg,ballpoint
data/original_images/mug/images - 2022-03-30T104112.180.jpg,mug
data/original_images/headphone/5UDXUSIYWSF0.jpg,headphone
data/original_images/headphone/images (20).jpeg,headphone
data/original_images/headphone/92GUSY53VYWX.jpg,headphone
data/original_images/headphone/images (26).jpeg,headphone
data/original_images/mug/H56AQW4Y7162_aug.jpg,mug
data/original_images/binder/RKBX6A648QEL.jpg,binder
data/original_images/binder/0T1KLETHZP03.jpg,binder
data/original_images/headphone/images (78).jpeg,headphone
data/original_images/binder/YOS8L6CZTLGK.jpg,binder
data/original_images/mug/ssssssssssssss - Copy.png,mug
data/original_images/mug/images - 2022-03-30T093740.196.jpg,mug
data/original_images/mouse/5NTBOHVQWRCI.jpg,mouse
data/original_images/files/QWT82XGDCD2X.jpg,files
data/original_images/binder/QXDMTL7PYY0P_aug.jpg,binder
data/original_images/files/AVUD18AKLEP8.jpg,files
data/original_images/binder/YLQZRW2XVBEJ.jpg,binder
data/original_images/files/ZCUQGPVRWEDB.jpg,files
data/original_images/ballpoint/L2DPX9UBU9BG.jpg,ballpoint
data/original_images/files/V145IRF2JWV8_aug.jpg,files
data/original_images/files/S8EJEM261LAW.jpg,files
data/original_images/binder/G3EQ18MPWD5X.jpg,binder
data/original_images/binder/GIJO120J1BOS_aug.jpg,binder
data/original_images/ballpoint/YJ5WCQFU0MW5.jpg,ballpoint
data/original_images/files/DDAVE2PJOPMT.jpg,files
data/original_images/headphone/O6QWRR4BLNN3_aug.jpg,headphone
data/original_images/files/URJLVDR8AVFX.jpg,files
data/original_images/ballpoint/2AJ57HNH6MB2.jpg,ballpoint
data/original_images/binder/IAJECS7IGVJX.jpg,binder
data/original_images/headphone/images (23).jpeg,headphone
data/original_images/files/GJZS4S9E9QO6.jpg,files
data/original_images/mouse/PEB0RHEN95KO.jpg,mouse
data/original_images/mug/images (76).jpg,mug
data/original_images/binder/K0OYKUGPL6MP.jpg,binder
data/original_images/headphone/AOY71QP9J8U5.jpg,headphone
data/original_images/mouse/LEC1EOVKURGS.jpg,mouse
data/original_images/files/BFCWKHNJRSQK.jpg,files
data/original_images/headphone/WK2YS6VA2E6M.jpg,headphone
data/original_images/binder/8QD3YGF7MYJH.jpg,binder
data/original_images/mouse/X9ECSB1442BB.jpg,mouse
data/original_images/headphone/Y2R08CEK08YW.jpg,headphone
data/original_images/binder/I929K3LAD3YJ.jpg,binder
data/original_images/ballpoint/H46XIUAW541Y.jpg,ballpoint
data/original_images/mug/MPL9XKUFXP95.jpg,mug
data/original_images/mouse/4VYIE8Y6EM1O.jpg,mouse
data/original_images/mug/EA8LM4150PWW.jpg,mug
data/original_images/headphone/S3LZV7E091O5.jpg,headphone
data/original_images/mug/hsdhs.jpg,mug
data/original_images/mug/images (82).jpg,mug
data/original_images/headphone/9BMP6NVDNERS_aug.jpg,headphone
data/original_images/files/05WO8658UTL0.jpg,files
data/original_images/mug/Screenshot 2022-03-30 100252zzzzzzzzzzzz.png,mug
data/original_images/ballpoint/A7AYTNXE3ERE.jpg,ballpoint
data/original_images/binder/O4VISQVRODK7_aug.jpg,binder
data/original_images/headphone/XN1SV8Y9PT0E.jpg,headphone
data/original_images/binder/OYGUTN90MLGN.jpg,binder
data/original_images/mouse/K5DIUHA35YEW.jpg,mouse
data/original_images/mug/images - 2022-03-30T094707.479.jpg,mug
data/original_images/mouse/EIS5VGQ3CF7P.jpg,mouse
data/original_images/mug/78H8UNBEFTVN.jpg,mug
data/original_images/mouse/2HQMTMBX2WL9.jpg,mouse
data/original_images/headphone/YVXA49QFQQ7T.jpg,headphone
data/original_images/binder/MV4WK00U9ZR9.jpg,binder
data/original_images/ballpoint/7JAK2B9G9FJU.jpg,ballpoint
data/original_images/ballpoint/OB6TYMQ67SE8.jpg,ballpoint
data/original_images/mug/TEQX8NZIIRY1.jpg,mug
data/original_images/files/QGZM8JLRNU4K.jpg,files
data/original_images/mouse/EKEH7MUH4GA4.jpg,mouse
data/original_images/headphone/Q17K8U6QKZG2_aug.jpg,headphone
data/original_images/mouse/APMR0VVJM87G.jpg,mouse
data/original_images/binder/HAX77KG1BKV2_aug.jpg,binder
data/original_images/binder/Q9LM6SAO6R1E.jpg,binder
data/original_images/ballpoint/QMH7OYVIX3N3.jpg,ballpoint
data/original_images/files/6J2HMZ2FFD49.jpg,files
data/original_images/files/Y4LB26T1YHYD.jpg,files
data/original_images/files/VTS4ZIJNNHG7.jpg,files
data/original_images/files/C0TX942U5SF9.jpg,files
data/original_images/ballpoint/LPYA6Y7QVJY7.jpg,ballpoint
data/original_images/mug/9EJC8TLALU98_aug.jpg,mug
data/original_images/files/LV3O715JY9DH.jpg,files
data/original_images/binder/JCRLUG5OPUNC_aug.jpg,binder
data/original_images/ballpoint/5Q69G9O03HBW.jpg,ballpoint
data/original_images/mouse/TEPYBH9C6OFF.jpg,mouse
data/original_images/mug/9EJC8TLALU98.jpg,mug
data/original_images/headphone/5DO33ND843QZ.jpg,headphone
data/original_images/headphone/CKSNHOCCE78T.jpg,headphone
data/original_images/mug/LD77ZBYC8S15.jpg,mug
data/original_images/mug/Q5537FVN7CMV.jpg,mug
data/original_images/mouse/G2DYJKN43SIX.jpg,mouse
data/original_images/binder/52KS8RRLMMVW.jpg,binder
data/original_images/mug/9U5TOO1HC8M8.jpg,mug
data/original_images/headphone/TJ0JO9BRHDCP.jpg,headphone
data/original_images/mouse/4IJJWSDKFAT7.jpg,mouse
data/original_images/ballpoint/J73YLPFOQKIS.jpg,ballpoint
data/original_images/files/5TJ49726HUY7.jpg,files
data/original_images/binder/QPRJ70G2WA08.jpg,binder
data/original_images/mug/images - 2022-03-30T094104.954.jpg,mug
data/original_images/mouse/BSON71YTFNIT.jpg,mouse
data/original_images/mug/images - 2022-03-30T094357.238.jpg,mug
data/original_images/mug/BX41ATIARA2V_aug.jpg,mug
data/original_images/ballpoint/GQYHPDWBQ6GH.jpg,ballpoint
data/original_images/mug/images - 2022-03-30T104353.028.jpg,mug
data/original_images/files/68GWC77DSFCG.jpg,files
data/original_images/ballpoint/Y1ZEHLNNWE4D.jpg,ballpoint
data/original_images/mug/2YMHSP0KNEJL.jpg,mug
data/original_images/ballpoint/K8R5SB22A52U.jpg,ballpoint
data/original_images/files/NAC1QNSH5NI6.jpg,files
data/original_images/ballpoint/OMD1M549SXJP.jpg,ballpoint
data/original_images/ballpoint/IRKF3I6R3DTW.jpg,ballpoint
data/original_images/ballpoint/XQV0EORQNLF5.jpg,ballpoint
data/original_images/binder/F6OK9A5OU95B_aug.jpg,binder
data/original_images/headphone/images (117).jpeg,headphone
data/original_images/ballpoint/5XNAAEZORV0D.jpg,ballpoint
data/original_images/ballpoint/XTSC0WMMTMOG.jpg,ballpoint
data/original_images/files/49NKLR839PRI.jpg,files
data/original_images/headphone/QL74DR0LDNN9_aug.jpg,headphone
data/original_images/headphone/CGQL9ZYJQ5MV.jpg,headphone
data/original_images/ballpoint/8FWNORF3PW8L.jpg,ballpoint
data/original_images/mug/images - 2022-03-30T094707.492.jpg,mug
data/original_images/ballpoint/QO4GIDRRDCWN.jpg,ballpoint
data/original_images/ballpoint/QVSZ8B4PX291.jpg,ballpoint
data/original_images/binder/F2A3E90Z13U7_aug.jpg,binder
data/original_images/binder/4IB4R3O7F28J.jpg,binder
data/original_images/mug/H56AQW4Y7162.jpg,mug
data/original_images/headphone/LX0N053XRNLB_aug.jpg,headphone
data/original_images/mouse/ZHUN55QYB3LQ.jpg,mouse
data/original_images/headphone/R0KUEUTHLDRR_aug.jpg,headphone
data/original_images/mug/images - 2022-03-29T155402.431.jpg,mug
data/original_images/files/1IRJQN4S0WJP.jpg,files
data/original_images/mouse/23MRPLZ4IV5N.jpg,mouse
data/original_images/files/W1DMZHLZO2M6.jpg,files
data/original_images/mug/CZEQYIZ1YPZ4.jpg,mug
data/original_images/mug/6GO2G686O3TR.jpg,mug
data/original_images/headphone/images (121).jpeg,headphone
data/original_images/binder/BI5HCLZW0JNG_aug.jpg,binder
data/original_images/mouse/DL0Q74F2BH1W.jpg,mouse
data/original_images/binder/GB2YKCDOE9YU_aug.jpg,binder
data/original_images/files/47ILP3JNLZ4Q.jpg,files
data/original_images/files/CSX2PL77AIS8.jpg,files
data/original_images/files/BBVXPUFME711.jpg,files
data/original_images/files/9LEH7HPUT168.jpg,files
data/original_images/ballpoint/MRHTOA5GCJS6.jpg,ballpoint
data/original_images/binder/U05FBHOUTRL2.jpg,binder
data/original_images/binder/ORU46F3XU0U4.jpg,binder
data/original_images/files/KUDHIHA5CSU8.jpg,files
data/original_images/binder/AO5ZN03Y4QZC.jpg,binder
data/original_images/mug/L8FIBA9YJ5ZM.jpg,mug
data/original_images/mug/ZP35TDE371IT.jpg,mug
data/original_images/mouse/LJ52V2J3S34J.jpg,mouse
data/original_images/headphone/FLANV1LUBZIT_aug.jpg,headphone
data/original_images/mug/Screenshot 2022-03-30 094949qsqas.png,mug
data/original_images/mug/VM6J2M08EEZ4.jpg,mug
data/original_images/mug/1TUIF6UV9Q2Z.jpg,mug
data/original_images/mouse/06B8APHJ5H8X.jpg,mouse
data/original_images/files/K6VADQGP5YDL.jpg,files
data/original_images/mug/images (45).jpg,mug
data/original_images/ballpoint/WY6DQWBRD2Y8.jpg,ballpoint
data/original_images/mouse/60RC72I43CAU.jpg,mouse
data/original_images/binder/SX5QGXQU10DC.jpg,binder
data/original_images/ballpoint/Z76YU5444T6P.jpg,ballpoint
data/original_images/mouse/V9INULU7FSIX.jpg,mouse
data/original_images/mug/images - 2022-03-29T161002.567.jpg,mug
data/original_images/mouse/EZBWCK8QZ4RK.jpg,mouse
data/original_images/headphone/WGSCR5FYWA5H.jpg,headphone
data/original_images/ballpoint/5IODU3SHH8MI.jpg,ballpoint
data/original_images/files/VE1LSHGV88O4.jpg,files
data/original_images/ballpoint/SWC0ZXBNHS3I.jpg,ballpoint
data/original_images/headphone/UYM60T04BCQ5.jpg,headphone
data/original_images/binder/27OX86F64JXK.jpg,binder
data/original_images/mug/RYSQR4NCWJB1.jpg,mug
data/original_images/files/O7YH8HJEXNFU.jpg,files
data/original_images/mug/8USXP74J24GZ.jpg,mug
data/original_images/headphone/UDU455FISOWK_aug.jpg,headphone
data/original_images/binder/7I9B0TB5VJFA.jpg,binder
data/original_images/binder/6CU21VBKW6X7.jpg,binder
data/original_images/mug/P311Q6QDZ6GP.jpg,mug
data/original_images/ballpoint/8FVVCBL1IKLG.jpg,ballpoint
data/original_images/mouse/0QN9E7GM5FBT.jpg,mouse
data/original_images/mouse/8AIPJS3Q7GK2.jpg,mouse
data/original_images/mouse/88CSH5SS398R.jpg,mouse
data/original_images/files/5VHHZRZBWOQ9.jpg,files
data/original_images/binder/U08ET4PDZRQ4.jpg,binder
data/original_images/files/T5RA35S9E1DU.jpg,files
data/original_images/mug/YOQG2HEAEDE8.jpg,mug
data/original_images/ballpoint/DSX2W6NJGG4C.jpg,ballpoint
data/original_images/ballpoint/DV6DENS5SD33.jpg,ballpoint
data/original_images/binder/RFYKPW0SDRI9.jpg,binder
data/original_images/ballpoint/P4V8BSOC8JYD.jpg,ballpoint
data/original_images/files/6CDQQYFOF6K4.jpg,files
data/original_images/headphone/66PWNZ7FADE1.jpg,headphone
data/original_images/mug/XD4IXE4TOO91_aug.jpg,mug
data/original_images/ballpoint/CKKM1J058WY1.jpg,ballpoint
data/original_images/mouse/9DP1KZW7M8DB.jpg,mouse
data/original_images/headphone/DVQ2OZYVNPN4.jpg,headphone
data/original_images/headphone/OUIL89JDW233.jpg,headphone
data/original_images/headphone/6WNZ3SR4KN9R.jpg,headphone
data/original_images/mug/U1RPTZKW18MV_aug.jpg,mug
data/original_images/mug/IB1DRIKCEQRB.jpg,mug
data/original_images/mug/TB0R6KOK2E19.jpg,mug
data/original_images/headphone/7OQ3G7RKIWHB.jpg,headphone
data/original_images/binder/P67XBMU0QSRI.jpg,binder
data/original_images/headphone/0DKQKEIFZ1B3_aug.jpg,headphone
data/original_images/headphone/XWPACTS0KJJI.jpg,headphone
data/original_images/mug/ONW3PIEYOV0F.jpg,mug
data/original_images/mouse/261SU80SNYRB.jpg,mouse
data/original_images/binder/CH7BNYI8TV12.jpg,binder
data/original_images/mug/images - 2022-03-30T104006.147.jpg,mug
data/original_images/headphone/images (153).jpeg,headphone
data/original_images/ballpoint/Q5IE77UWLSCK.jpg,ballpoint
data/original_images/binder/T9J67UFRHSD8.jpg,binder
data/original_images/mouse/LNH8GF6BFY6Y.jpg,mouse
data/original_images/binder/JILHYJ87XM4M_aug.jpg,binder
data/original_images/binder/207WL00AFXIV.jpg,binder
data/original_images/mug/images - 2022-03-30T103924.755 (2).jpg,mug
data/original_images/files/AMR30RC2EGQ3.jpg,files
data/original_images/ballpoint/SHTJ9WIQVIWA.jpg,ballpoint
data/original_images/binder/R8JN5MCHL1Y4.jpg,binder
data/original_images/headphone/6JDSWIXZ71HC.jpg,headphone
data/original_images/headphone/P9CBCTZGICJP.jpg,headphone
data/original_images/mouse/9UAZP3R1C0EM.jpg,mouse
data/original_images/binder/K1P21NN4UMXC.jpg,binder
data/original_images/headphone/image (9).jpeg,headphone
data/original_images/files/VDD7GEL80INQ_aug.jpg,files
data/original_images/mug/6AA8DP4NP5T9.jpg,mug
data/original_images/binder/QQDHRFPE6UZY.jpg,binder
data/original_images/files/I58E6RUCP0I2.jpg,files
data/original_images/files/ZDXYESQ3JTED_aug.jpg,files
data/original_images/headphone/83PPWSG78XGJ.jpg,headphone
data/original_images/binder/3XNMKTTQL1NX.jpg,binder
data/original_images/binder/B9M1V4B8RPEI.jpg,binder
data/original_images/mug/images - 2022-03-30T094357.158.jpg,mug
data/original_images/mouse/V32R4K8C07KN.jpg,mouse
data/original_images/binder/Q6YHXRWE9XUE.jpg,binder
data/original_images/ballpoint/2GBMF83RE01Y.jpg,ballpoint
data/original_images/files/7XVM3N2Y0SM1.jpg,files
data/original_images/headphone/E6P0IZMBRACN_aug.jpg,headphone
data/original_images/headphone/CHZX6SMYGY47_aug.jpg,headphone
data/original_images/ballpoint/FQLMDDCDY4T4.jpg,ballpoint
data/original_images/ballpoint/J9O8THORFAC4.jpg,ballpoint
data/original_images/mug/6P7C5QK60K1W.jpg,mug
data/original_images/mug/images (2).jpg,mug
data/original_images/ballpoint/LP4COE9IB0AT.jpg,ballpoint
data/original_images/mug/images - 2022-03-30T093844.122.jpg,mug
data/original_images/ballpoint/FMDQWQK5RLHR.jpg,ballpoint
data/original_images/files/C542HM242LOI.jpg,files
data/original_images/files/XOCFQ2M80T8O.jpg,files
data/original_images/mug/RYI6WB1HMKVL.jpg,mug
data/original_images/binder/64A3D1JNX50F_aug.jpg,binder
data/original_images/mug/8QFC6UEJUTQX_aug.jpg,mug
data/original_images/binder/PIFYLFIZIBVZ.jpg,binder
data/original_images/headphone/images (21).jpeg,headphone
data/original_images/mug/images (4).png,mug
data/original_images/headphone/WPXYTU18HY6P.jpg,headphone
data/original_images/headphone/CRLWWBHSO3CJ_aug.jpg,headphone
data/original_images/mouse/CWXRLGCW8NYI.jpg,mouse
data/original_images/mug/MMUAH84GSW6A.jpg,mug
data/original_images/mouse/KZR7M13RE8QH.jpg,mouse
data/original_images/ballpoint/XSB8PUSW5FX2.jpg,ballpoint
data/original_images/ballpoint/WEU3PF1EMHXL.jpg,ballpoint
data/original_images/headphone/YN2XV0UZU1AV.jpg,headphone
data/original_images/binder/MLRWGH9WPHHV.jpg,binder
data/original_images/files/GO0IA5FZ99QH.jpg,files
data/original_images/mouse/Z5UQECV8RKRA.jpg,mouse
data/original_images/files/QBMV5HL0Z72E.jpg,files
data/original_images/ballpoint/0UEAYWSIOE2F.jpg,ballpoint
data/original_images/binder/8GFU5DRW23BN.jpg,binder
data/original_images/binder/TNQG2NL04GZS_aug.jpg,binder
data/original_images/ballpoint/HBWPZXF6P464.jpg,ballpoint
data/original_images/binder/DI275VO92CDW_aug.jpg,binder
data/original_images/files/Z6UHIEGG93CB.jpg,files
data/original_images/headphone/I1O8N0Z4ZJRS.jpg,headphone
data/original_images/ballpoint/48GE2VX5TO5Y.jpg,ballpoint
data/original_images/binder/L1CYTBGYWQJM.jpg,binder
data/original_images/mouse/PNSVN4M5OE57.jpg,mouse
data/original_images/mouse/J8EB2ZAFL7WU.jpg,mouse
data/original_images/mug/Screenshot 2022-03-30 095834uuuuuuuu.png,mug
data/original_images/ballpoint/UCDYAIL1TWW2.jpg,ballpoint
data/original_images/headphone/2T1O5HH0I25R_aug.jpg,headphone
data/original_images/mug/S8XAXR4GGHXW.jpg,mug
data/original_images/files/3AL8CGHU340U.jpg,files
data/original_images/ballpoint/3AJSEYY17WW5.jpg,ballpoint
data/original_images/binder/J7M0F56JO5HD.jpg,binder
data/original_images/mug/images - 2022-03-30T094357.138.jpg,mug
data/original_images/binder/SVS4WQTX11CW.jpg,binder
data/original_images/binder/F8L5KNJWBVF8.jpg,binder
data/original_images/files/661VICQO1142.jpg,files
data/original_images/mug/images - 2022-03-29T160313.547.jpg,mug
data/original_images/mouse/5K8BTHXD4X1P.jpg,mouse
data/original_images/headphone/FJ1VPB665DHQ.jpg,headphone
data/original_images/mouse/CFJE65RC6XJT.jpg,mouse
data/original_images/files/EEEJ9SBMB3AP.jpg,files
data/original_images/files/O51F4Q3568UW.jpg,files
data/original_images/files/86U639JXB6R1.jpg,files
data/original_images/files/NXI9IOBGAWOT.jpg,files
data/original_images/mouse/TI3Q1KK2VYKV.jpg,mouse
data/original_images/files/TZ2LP0DWMDSC.jpg,files
data/original_images/files/OH7RL67OTGKV.jpg,files
data/original_images/mouse/KSUGTX26SBR4.jpg,mouse
data/original_images/mug/images - 2022-03-29T155402.411.jpg,mug
data/original_images/mouse/2B5142L0N713.jpg,mouse
data/original_images/files/XKEP68PZ70LB.jpg,files
data/original_images/files/IXYW97ZF0QV4.jpg,files
data/original_images/files/D766365Z9TBE.jpg,files
data/original_images/mug/7597S9NRR37K.jpg,mug
data/original_images/binder/PWJRM4Y0LWM9.jpg,binder
data/original_images/mug/CJTV3YHOMRCC.jpg,mug
data/original_images/headphone/AOY71QP9J8U5_aug.jpg,headphone
data/original_images/mouse/GW4IPW93E3G3.jpg,mouse
data/original_images/mug/YXPJDEMBE9FZ.jpg,mug
data/original_images/ballpoint/HZ9T22INWV5Q.jpg,ballpoint
data/original_images/headphone/GI3BL18GRVDM_aug.jpg,headphone
data/original_images/binder/NRHWKMX6G6QA.jpg,binder
data/original_images/headphone/images (171).jpeg,headphone
data/original_images/mouse/2J4D95C7MUAE.jpg,mouse
data/original_images/ballpoint/8H1S0UW35WB9.jpg,ballpoint
data/original_images/ballpoint/AMLJ4C7ZHE81.jpg,ballpoint
data/original_images/files/9Z8DPN2KT2BQ.jpg,files
data/original_images/binder/S9DZVZ1GS6Z7.jpg,binder
data/original_images/headphone/1PG5ZUD43QG2.jpg,headphone
data/original_images/headphone/NWD4XPI479MV_aug.jpg,headphone
data/original_images/mouse/F62Y53YJL6LL.jpg,mouse
data/original_images/headphone/229N691JNBFZ_aug.jpg,headphone
data/original_images/headphone/O6QWRR4BLNN3.jpg,headphone
data/original_images/headphone/JLS9Q1EN0OA8.jpg,headphone
data/original_images/mug/ANNQ6OL07C5F_aug.jpg,mug
data/original_images/ballpoint/PRRZ2EOMHSDV.jpg,ballpoint
data/original_images/headphone/images (81).jpeg,headphone
data/original_images/mouse/0TITM1X7M73L.jpg,mouse
data/original_images/binder/1684KUMBT33V_aug.jpg,binder
data/original_images/binder/4HIILA2XV74A.jpg,binder
data/original_images/binder/L2LIQOYM4O2B.jpg,binder
data/original_images/files/TWRRF5RUK2S1.jpg,files
data/original_images/files/6YOSDNFQIBSJ.jpg,files
data/original_images/binder/SC5OI452FDZ4.jpg,binder
data/original_images/headphone/TDHG1I2YFX4J_aug.jpg,headphone
data/original_images/ballpoint/WH5JG9PAKBCE.jpg,ballpoint
data/original_images/mouse/8VX399VEKHRC.jpg,mouse
data/original_images/mug/N2F8ZBBUTRTM.jpg,mug
data/original_images/mouse/JQZKNJXZ0F84.jpg,mouse
data/original_images/mug/83T4YZ61JLFU.jpg,mug
data/original_images/files/53H7C9ZHQ6QB.jpg,files
data/original_images/binder/YL9NI7OT9BJR_aug.jpg,binder
data/original_images/files/SZ10ZWRMC9DM.jpg,files
data/original_images/mug/2W5JYC21N9UK.jpg,mug
data/original_images/binder/KM21WRIDK4QL.jpg,binder
data/original_images/mouse/X1DTM7X6XSCB.jpg,mouse
data/original_images/files/TOXWW5MHH8VH.jpg,files
data/original_images/mouse/NE4DIUZJZWOW.jpg,mouse
data/original_images/ballpoint/1T56D4YPWAV3.jpg,ballpoint
data/original_images/headphone/image (2).jpeg,headphone
data/original_images/ballpoint/3H2P3K11PU4S.jpg,ballpoint
data/original_images/files/HVPZZ4WFEMMZ.jpg,files
data/original_images/mouse/EJG9HJWVBBI7.jpg,mouse
data/original_images/ballpoint/MYN5OH03EVFL.jpg,ballpoint
data/original_images/ballpoint/XG8SYHLJTTQX.jpg,ballpoint
data/original_images/headphone/TU9IEIYERG4U.jpg,headphone
data/original_images/ballpoint/CL1ATU8ZPW2X.jpg,ballpoint
data/original_images/mug/II0SB9B8NXPO.jpg,mug
data/original_images/mouse/ERBNASUETE8I.jpg,mouse
data/original_images/mouse/AIL8JGX721FS.jpg,mouse
data/original_images/binder/E2R21YXLL587.jpg,binder
data/original_images/ballpoint/5M2724DFKMXY.jpg,ballpoint
data/original_images/mug/93G35Z4QZVBP.jpg,mug
data/original_images/binder/HOXXIHZZC1T3.jpg,binder
data/original_images/mouse/C7YH46KVE1CU.jpg,mouse
data/original_images/binder/TXR94DNLD8OI_aug.jpg,binder
data/original_images/files/GMFMS1Y9J4B7.jpg,files
data/original_images/mug/K0UQWLW2TU8G.jpg,mug
data/original_images/headphone/FVPSKC3DJL8C.jpg,headphone
data/original_images/binder/TMPXRQML61AT.jpg,binder
data/original_images/mug/YPQPVMS9TD11_aug.jpg,mug
data/original_images/mouse/DMF0T9O6XH6B.jpg,mouse
data/original_images/headphone/0FHRDA3DB4QA.jpg,headphone
data/original_images/files/Y4W2302OGXR1.jpg,files
data/original_images/files/J5Y6I1G4XVJ9.jpg,files
data/original_images/files/TISFJM4DT16L_aug.jpg,files
data/original_images/mug/UM2V2HEWFFXJ_aug.jpg,mug
data/original_images/binder/C4YEH192MNGU_aug.jpg,binder
data/original_images/mug/images - 2022-03-29T160313.548.jpg,mug
data/original_images/binder/EB3EJB5DW14C.jpg,binder
data/original_images/files/5WUDFQ7IP0MH.jpg,files
data/original_images/mouse/MD2KCVPPM2JC.jpg,mouse
data/original_images/binder/K83LSIXMZ24H.jpg,binder
data/original_images/mouse/GUWW6UVMPDQK.jpg,mouse
data/original_images/files/FANRHXR868I7.jpg,files
data/original_images/files/ARMBE8IE6YMP.jpg,files
data/original_images/binder/P5AVONQZ7X2O.jpg,binder
data/original_images/headphone/images (122).jpeg,headphone
data/original_images/headphone/O0CFA8SCPXZV.jpg,headphone
data/original_images/files/VG56Q0B7O808_aug.jpg,files
data/original_images/headphone/7JFZZREON28W.jpg,headphone
data/original_images/ballpoint/ON1CV4I70IIB.jpg,ballpoint
data/original_images/mug/images - 2022-03-29T155124.940.jpg,mug
data/original_images/files/XLK6PPRX6R6N.jpg,files
data/original_images/binder/9LFWYOB057Z6.jpg,binder
data/original_images/binder/8VFD8U5PJIZN.jpg,binder
data/original_images/ballpoint/7JJR4WXWTNOA.jpg,ballpoint
data/original_images/headphone/OQFQHEC9EO13.jpg,headphone
data/original_images/mug/images - 2022-03-29T161629.358.jpg,mug
data/original_images/headphone/images (68).jpeg,headphone
data/original_images/headphone/305481BMBBS5.jpg,headphone
data/original_images/mug/Screenshot 2022-03-30 100616assssssssssssssss.png,mug
data/original_images/mug/images - 2022-03-29T155124.944.jpg,mug
data/original_images/binder/BTQIY26J66EY_aug.jpg,binder
data/original_images/mug/Screenshot 2022-03-30 095112x z x.png,mug
data/original_images/mug/T506C5MCMBE0_aug.jpg,mug
data/original_images/files/7D4ZY59H0A25.jpg,files
data/original_images/binder/QH7JKLMD14CA.jpg,binder
data/original_images/mouse/72BK1JIFOJGA.jpg,mouse
data/original_images/files/O5GYRV4XNEF3.jpg,files
data/original_images/binder/SHNOT8LINNGE.jpg,binder
data/original_images/files/YZT5FAXZ2433.jpg,files
data/original_images/ballpoint/2ZD2U2FKB34D.jpg,ballpoint
data/original_images/mug/ZIO7034OPP5J.jpg,mug
data/original_images/files/CZIIV987O4GZ.jpg,files
data/original_images/headphone/images (98).jpeg,headphone
data/original_images/mouse/EERB6458IXUM.jpg,mouse
data/original_images/ballpoint/5II870U9NEGC.jpg,ballpoint
data/original_images/mouse/9EJKJ5D95M8J.jpg,mouse
data/original_images/headphone/G9WBZSIX7MX6.jpg,headphone
data/original_images/binder/SVR8G2L082TJ_aug.jpg,binder
data/original_images/mouse/D2DSJVCFMHJ4.jpg,mouse
data/original_images/binder/6MRIG2V4PK7Q.jpg,binder
data/original_images/headphone/72T8YBQKBLF6.jpg,headphone
data/original_images/mug/PDFIPC80NYQL.jpg,mug
data/original_images/binder/0N861QHWK3PE.jpg,binder
data/original_images/mouse/TMHZ9LYRMDZL.jpg,mouse
data/original_images/mouse/NNJPEE3K2DPZ.jpg,mouse
data/original_images/headphone/NZOX4G7Z9VEL.jpg,headphone
data/original_images/binder/MKS0BKMOIVYJ_aug.jpg,binder
data/original_images/binder/T5K14NUSZD7Q.jpg,binder
data/original_images/mug/images - 2022-03-30T104353.059.jpg,mug
data/original_images/mug/images - 2022-03-29T161200.888.jpg,mug
data/original_images/files/LWEOQGBG25YI.jpg,files
data/original_images/headphone/69D3D1P3BN9C.jpg,headphone
data/original_images/headphone/JQPQFMPHWJBF_aug.jpg,headphone
data/original_images/binder/TWVM1ZGQ6PVJ.jpg,binder
data/original_images/files/A6N3PC6X8CEI.jpg,files
data/original_images/ballpoint/E02KP592V7M1.jpg,ballpoint
data/original_images/files/8T0QMEEI4AYB.jpg,files
data/original_images/headphone/XHA98KD0A2CA.jpg,headphone
data/original_images/headphone/images (164).jpeg,headphone
data/original_images/binder/7D3ICG0O4OXN.jpg,binder
data/original_images/headphone/448NQIB4FGGG.jpg,headphone
data/original_images/binder/73D3RNV7TS7Y_aug.jpg,binder
data/original_images/mug/Screenshot 2022-03-30 095330nnnn.png,mug
data/original_images/headphone/JQPQFMPHWJBF.jpg,headphone
data/original_images/mug/zzzzzzzzzzzzzz - Copy.png,mug
data/original_images/binder/JXX2P0E6SA1D.jpg,binder
data/original_images/headphone/TM870C8XKINW.jpg,headphone
data/original_images/headphone/XE9INTT9CUJJ.jpg,headphone
data/original_images/mouse/T0WFHUW9U4UY.jpg,mouse
data/original_images/ballpoint/42MNRUHFMXNY.jpg,ballpoint
data/original_images/binder/H4V1PFFYHTRI_aug.jpg,binder
data/original_images/mouse/DONZC3YJGFPX.jpg,mouse
data/original_images/ballpoint/3564MWFO4TMJ.jpg,ballpoint
data/original_images/binder/5V158IE8S9J7.jpg,binder
data/original_images/binder/ASVIOBUHTZW8.jpg,binder
data/original_images/mouse/B0PJ2CK85HA3.jpg,mouse
data/original_images/ballpoint/6GA0K9TVS6GJ.jpg,ballpoint
data/original_images/headphone/6URMOTXKUT30_aug.jpg,headphone
data/original_images/headphone/MZ2KLNEQD6W0.jpg,headphone
data/original_images/mouse/NNSY0402Y3CJ.jpg,mouse
data/original_images/mug/images - 2022-03-30T104257.943.jpg,mug
data/original_images/ballpoint/6SSO83QYZUHP.jpg,ballpoint
data/original_images/files/PPHOU03UTC68.jpg,files
data/original_images/mug/Q41QLTND4QRT_aug.jpg,mug
data/original_images/headphone/F497OH1K6Z4O_aug.jpg,headphone
data/original_images/headphone/7YHN9EDNR4ZW.jpg,headphone
data/original_images/ballpoint/I14NH30S7XQD.jpg,ballpoint
data/original_images/mouse/RFI49UBFN1CP.jpg,mouse
data/original_images/mug/SU0D9VC16GXU.jpg,mug
data/original_images/ballpoint/AQU0PMGARI9V.jpg,ballpoint
data/original_images/mug/images - 2022-03-29T160935.694.jpg,mug
data/original_images/binder/9U836YATA6UO.jpg,binder
data/original_images/headphone/images (82).jpeg,headphone
data/original_images/binder/7RD4ZB2CQEK7.jpg,binder
data/original_images/files/FUA1CTWKDS3Z.jpg,files
data/original_images/headphone/image (4).jpeg,headphone
data/original_images/binder/EHO01FL7641Y.jpg,binder
data/original_images/ballpoint/U4OYRVLXJ78E.jpg,ballpoint
data/original_images/binder/K7CY7B5X5MPN_aug.jpg,binder
data/original_images/headphone/PV7ELBWKMDGZ_aug.jpg,headphone
data/original_images/mug/images - 2022-03-29T161629.264.jpg,mug
data/original_images/files/KRG40NWU2YZH.jpg,files
data/original_images/mouse/JPU6135KXGNO.jpg,mouse
data/original_images/headphone/TW1S7KIJY5WH_aug.jpg,headphone
data/original_images/mug/6IHCO27HG8IK.jpg,mug
data/original_images/mug/EQ8TAZJNWAJB.jpg,mug
data/original_images/headphone/2J828ZPDMIBP_aug.jpg,headphone
data/original_images/mug/TC3GXO5UZIAX_aug.jpg,mug
data/original_images/files/FFRH6YO2AGSU.jpg,files
data/original_images/files/9VNW97X8FL7K.jpg,files
data/original_images/headphone/AUC1RVWOVHV1_aug.jpg,headphone
data/original_images/headphone/1EG00A1THWRD_aug.jpg,headphone
data/original_images/files/W8LE1QIINB5G_aug.jpg,files
data/original_images/binder/A0FVIFVSFIMX_aug.jpg,binder
data/original_images/mug/4VU9F1SA9T05.jpg,mug
data/original_images/files/WZ07ODICBBMN.jpg,files
data/original_images/binder/G31MKEY89L02.jpg,binder
data/original_images/mouse/0793UVKDQXKY.jpg,mouse
data/original_images/mug/images - 2022-03-30T094707.496.jpg,mug
data/original_images/mouse/MBCH1Q9JBQMM.jpg,mouse
data/original_images/mouse/JXI8E7EB46HS.jpg,mouse
data/original_images/headphone/30KOJMVC396O.jpg,headphone
data/original_images/mouse/T5HM5ZCF4X8I.jpg,mouse
data/original_images/files/34TKRLAQHN2M.jpg,files
data/original_images/mug/9UOA16RPSQQT.jpg,mug
data/original_images/mug/images - 2022-03-30T093740.098.jpg,mug
data/original_images/headphone/Y3E0QUQ9ZVW5_aug.jpg,headphone
data/original_images/mug/images - 2022-03-29T155402.774.jpg,mug
data/original_images/mug/images (77).jpg,mug
data/original_images/binder/ALFNDEDJYLZZ_aug.jpg,binder
data/original_images/binder/9TI7PNC68ME9.jpg,binder
data/original_images/binder/O3BKHA2MKS2Z_aug.jpg,binder
data/original_images/binder/YL9NI7OT9BJR.jpg,binder
data/original_images/mug/images - 2022-03-30T104353.024.jpg,mug
data/original_images/ballpoint/ND3JE21M7LX8.jpg,ballpoint
data/original_images/mug/Screenshot 2022-03-30 101806nnnnnnnnnnnnnnnnnn.png,mug
data/original_images/binder/563MXM68H4A5.jpg,binder
data/original_images/mug/6OXN24A9JFO9.jpg,mug
data/original_images/mug/images (81).jpg,mug
data/original_images/ballpoint/8NI0T66F3WMD.jpg,ballpoint
data/original_images/mouse/LKIB5I6PLJIA.jpg,mouse
data/original_images/headphone/G0XPEJDTK9SA.jpg,headphone
data/original_images/headphone/7ROS222IGYH9_aug.jpg,headphone
data/original_images/headphone/08LZP852AZEW.jpg,headphone
data/original_images/ballpoint/JE4R3R1V6U7I.jpg,ballpoint
data/original_images/headphone/COAKS2UCGV0G_aug.jpg,headphone
data/original_images/files/MG68MS22KNAE.jpg,files
data/original_images/binder/0WAHJ1H8RKLI.jpg,binder
data/original_images/binder/OW702ZT9AVF0.jpg,binder
data/original_images/binder/SY5P65W8G60X.jpg,binder
data/original_images/binder/T7KJ5EO5F4WJ.jpg,binder
data/original_images/binder/1T469KE7Z5I3.jpg,binder
data/original_images/mouse/R9IWTP1HYCEN.jpg,mouse
data/original_images/mug/V2SVE4XI0C4X.jpg,mug
data/original_images/mouse/VRBN0TX48XP1.jpg,mouse
data/original_images/ballpoint/456P3B2B9P2U.jpg,ballpoint
data/original_images/binder/PCX8DF8ZRIU0_aug.jpg,binder
data/original_images/headphone/GHSWA87O4C67.jpg,headphone
data/original_images/mug/22FH5GC6DSAZ.jpg,mug
data/original_images/binder/ERX3FMQWF2WP.jpg,binder
data/original_images/headphone/7VWVDTHKKB44.jpg,headphone
data/original_images/ballpoint/7I5ME1BAZJ3J.jpg,ballpoint
data/original_images/files/EQOSG5DZTXLK.jpg,files
data/original_images/mouse/YVF7XGFRFFWH.jpg,mouse
data/original_images/binder/8CHSFSP9EQDQ.jpg,binder
data/original_images/headphone/C8WZNO0M5A3G.jpg,headphone
data/original_images/binder/FXX7XI08UZIX.jpg,binder
data/original_images/mug/43KIL5VAE8JP.jpg,mug
data/original_images/headphone/AJ9JSIGFBHK3_aug.jpg,headphone
data/original_images/ballpoint/1937SOOZ85R6.jpg,ballpoint
data/original_images/headphone/0HMKCC0HT4ST.jpg,headphone
data/original_images/binder/DRQV3YTDIXSZ.jpg,binder
data/original_images/mug/H89BFNLM0M7Z_aug.jpg,mug
data/original_images/mouse/6Q8BHQ9EAYW7.jpg,mouse
data/original_images/binder/OTDPI1NQQTYJ.jpg,binder
data/original_images/ballpoint/S32WZXGBUWLT.jpg,ballpoint
data/original_images/mouse/52FT2DSLW35N.jpg,mouse
data/original_images/files/Y4LB26T1YHYD_aug.jpg,files
data/original_images/headphone/2WK494FO39WX.jpg,headphone
data/original_images/files/KUHJQMCLV7VJ.jpg,files
data/original_images/mug/AA0BL7OSBYE1_aug.jpg,mug
data/original_images/files/NU6TC2ZWNVRX.jpg,files
data/original_images/mug/NA7MVG9NBPBV.jpg,mug
data/original_images/mug/BK98QCXGJADA.jpg,mug
data/original_images/ballpoint/VBHINPUGZ3AW.jpg,ballpoint
data/original_images/ballpoint/R99I5QML9BNG.jpg,ballpoint
data/original_images/ballpoint/POHPCN0DNFAR.jpg,ballpoint
data/original_images/ballpoint/7QOVO8VLQR5J.jpg,ballpoint
data/original_images/binder/HNJOW70H6HBV_aug.jpg,binder
data/original_images/mouse/62A5PBLAMRBN.jpg,mouse
data/original_images/headphone/3OOG07WSHWSV_aug.jpg,headphone
data/original_images/mug/MG5OWOF08WDQ.jpg,mug
data/original_images/headphone/VQ6Z5Y9Y3Q6A.jpg,headphone
data/original_images/headphone/TZOGB508KT87.jpg,headphone
data/original_images/headphone/MESEJX1BGE5U_aug.jpg,headphone
data/original_images/binder/6SGUV41GJWYS.jpg,binder
data/original_images/mouse/D3X9X7CEHBQB.jpg,mouse
data/original_images/files/GPZH4F4MB843.jpg,files
data/original_images/mug/GCQNP4LR3AQ3.jpg,mug
data/original_images/mug/NUP67AQUE4Z4.jpg,mug
data/original_images/mouse/TDOH5CIP0AZF.jpg,mouse
data/original_images/mug/images - 2022-03-29T160152.189.jpg,mug
data/original_images/headphone/QNUJIEW5IZD1.jpg,headphone
data/original_images/ballpoint/77M5HIE4R3IL.jpg,ballpoint
data/original_images/binder/UBY0RB43CDYA_aug.jpg,binder
data/original_images/mouse/34FKK4MBP1B9.jpg,mouse
data/original_images/mug/MW0MVYHC9AIS_aug.jpg,mug
data/original_images/binder/LRPY99P3XYQP.jpg,binder
data/original_images/binder/8MSLN8DIQO25.jpg,binder
data/original_images/mouse/F68JJAB0YKWG.jpg,mouse
data/original_images/binder/BHA3X4SO3ZGF.jpg,binder
data/original_images/mouse/W35KVVAFBHRX.jpg,mouse
data/original_images/headphone/F9YQLCB7CJ61_aug.jpg,headphone
data/original_images/mouse/NQ0ZOL5CM1PW.jpg,mouse
data/original_images/mouse/YLY6B64N521I.jpg,mouse
data/original_images/mouse/Y477UN3VRBN3.jpg,mouse
data/original_images/files/9HLACVE1S96W.jpg,files
data/original_images/mug/images - 2022-03-29T155402.625.jpg,mug
data/original_images/ballpoint/XO6OUUH9BERW.jpg,ballpoint
data/original_images/headphone/MG12XCW02LMN.jpg,headphone
data/original_images/binder/F4S38MEN1063_aug.jpg,binder
data/original_images/headphone/K4Z41QM582UU.jpg,headphone
data/original_images/mug/images - 2022-03-30T104257.869.jpg,mug
data/original_images/binder/OOBGL7XRFNZ2.jpg,binder
data/original_images/mug/images - 2022-03-30T094243.286.jpg,mug
data/original_images/binder/ZG51AX370FKX.jpg,binder
data/original_images/mug/N2F8ZBBUTRTM_aug.jpg,mug
data/original_images/binder/P67XBMU0QSRI_aug.jpg,binder
data/original_images/files/8TBK7Q28C57Y.jpg,files
data/original_images/headphone/SAG2IZIF5FT9.jpg,headphone
data/original_images/binder/ENJHLCI9R02U.jpg,binder
data/original_images/headphone/images (56).jpeg,headphone
data/original_images/mouse/T0CC0DOJJ4W7.jpg,mouse
data/original_images/binder/D644RC0WU3NJ.jpg,binder
data/original_images/files/WKZ2GJFP840U.jpg,files
data/original_images/headphone/4KN1C5K0D7AL_aug.jpg,headphone
data/original_images/binder/O4UK0BWA9ZSX_aug.jpg,binder
data/original_images/mouse/U5AV4J9WZNSW.jpg,mouse
data/original_images/binder/BTQIY26J66EY.jpg,binder
data/original_images/ballpoint/3MXBE76L8NLW.jpg,ballpoint
data/original_images/files/FHLAXKA98KHH.jpg,files
data/original_images/files/S7GF9R0N7DC7.jpg,files
data/original_images/binder/0IJ58MXBXOQM.jpg,binder
data/original_images/mug/DX5PCVUMO725_aug.jpg,mug
data/original_images/headphone/XO78IJTQ7U2B.jpg,headphone
data/original_images/headphone/HE3LGOSSV8MA.jpg,headphone
data/original_images/mug/8BZAU71E6NA0_aug.jpg,mug
data/original_images/binder/8RNXI428D66Z.jpg,binder
data/original_images/mug/images - 2022-03-29T160313.549.jpg,mug
data/original_images/mug/OFP3SEQ2NNH5_aug.jpg,mug
data/original_images/files/LB15IS24A0K7.jpg,files
data/original_images/mug/XIC3PRLHZY54_aug.jpg,mug
data/original_images/ballpoint/VOCGZ1J9AG2R.jpg,ballpoint
data/original_images/binder/6TBP5F053U9J.jpg,binder
data/original_images/mug/TS80DKK56OF4_aug.jpg,mug
data/original_images/binder/R8BKQEUZUASX.jpg,binder
data/original_images/files/HNQ2B1OMMBEQ.jpg,files
data/original_images/files/5XRJMFNJPLIY.jpg,files
data/original_images/ballpoint/I7I7TOIF4MWS.jpg,ballpoint
data/original_images/binder/4DIGBIBSFVGU.jpg,binder
data/original_images/mouse/AXXXGXFOSWCS.jpg,mouse
data/original_images/binder/OY5IT7091ANK_aug.jpg,binder
data/original_images/headphone/images (109).jpeg,headphone
data/original_images/files/VG4VJ2NIRD2E.jpg,files
data/original_images/ballpoint/PAR3OGX24XML.jpg,ballpoint
data/original_images/mouse/P6KVY9CJRTUK.jpg,mouse
data/original_images/files/MIQGZE8CLDYE.jpg,files
data/original_images/mouse/UZM4XGJW14UD.jpg,mouse
data/original_images/files/SGI402IE0MRB_aug.jpg,files
data/original_images/mouse/D9F7Q0UBVO1N.jpg,mouse
data/original_images/mug/42TXNHTDN7VO_aug.jpg,mug
data/original_images/files/DAPF56IPG587.jpg,files
data/original_images/mug/VYQYCMJNY8T6_aug.jpg,mug
data/original_images/mouse/U1NH15HXUPF0.jpg,mouse
data/original_images/mug/images - 2022-03-29T161002.571.jpg,mug
data/original_images/mug/WT33U1PI1V21_aug.jpg,mug
data/original_images/binder/9FIQSUX5VTO3.jpg,binder
data/original_images/ballpoint/YMU74L32HZ5S.jpg,ballpoint
data/original_images/files/R8O97G9OT8AL.jpg,files
data/original_images/headphone/O97PDGF5QWCY.jpg,headphone
data/original_images/files/YMZN93B2OBC2.jpg,files
data/original_images/ballpoint/8VBEYWEMCM1P.jpg,ballpoint
data/original_images/headphone/JJ5PTGTOKNQB.jpg,headphone
data/original_images/ballpoint/NRXB2T3P3ISO.jpg,ballpoint
data/original_images/files/TEMVTHB3CIPU.jpg,files
data/original_images/headphone/SDO1B9SZS0TV_aug.jpg,headphone
data/original_images/binder/LHIP147PVR0J.jpg,binder
data/original_images/binder/O3L435D0TPUS.jpg,binder
data/original_images/binder/37BG69IOUQAJ.jpg,binder
data/original_images/files/JCT7X37J883T.jpg,files
data/original_images/files/U2KAI1FHCQ48.jpg,files
data/original_images/mug/8X7X08K7T5U0.jpg,mug
data/original_images/mouse/QPFNST0WJEYM.jpg,mouse
data/original_images/binder/5PPAWIH1OFUW.jpg,binder
data/original_images/ballpoint/KHUTTDTNSKR4.jpg,ballpoint
data/original_images/binder/4DLEYVQL5L1K.jpg,binder
data/original_images/headphone/images (144).jpeg,headphone
data/original_images/binder/OQ91WQRU2CT5.jpg,binder
data/original_images/files/AXWARYBLAXFI.jpg,files
data/original_images/mouse/K67NHZOUYAT0.jpg,mouse
data/original_images/mouse/MQ07TCQGCYKW.jpg,mouse
data/original_images/ballpoint/09BEIR9ZVBBS.jpg,ballpoint
data/original_images/ballpoint/6XR0RRGGS8UM.jpg,ballpoint
data/original_images/ballpoint/US20OSFMTW2X.jpg,ballpoint
data/original_images/binder/IK5THIWL0CW2_aug.jpg,binder
data/original_images/mug/XTTWBOF8ESQ6.jpg,mug
data/original_images/ballpoint/2YJOL7FS8R1U.jpg,ballpoint
data/original_images/mug/KNZROSLOM8SK_aug.jpg,mug
data/original_images/binder/CD8YJV92WHGJ.jpg,binder
data/original_images/ballpoint/P0NIN2ZE2M6K.jpg,ballpoint
data/original_images/mouse/730OFJG8TXHF.jpg,mouse
data/original_images/ballpoint/8FFLEV3HUHWW.jpg,ballpoint
data/original_images/mug/3NTEKC38V4ID.jpg,mug
data/original_images/headphone/1EG00A1THWRD.jpg,headphone
data/original_images/mouse/D7TWIJH9HF7J.jpg,mouse
data/original_images/headphone/images (41).jpeg,headphone
data/original_images/binder/6PMQYNTNP289.jpg,binder
data/original_images/ballpoint/Q7GR5SZ33DON.jpg,ballpoint
data/original_images/mouse/BCUN6RY0OPNN.jpg,mouse
data/original_images/binder/0QO6YQLAB9C4.jpg,binder
data/original_images/mouse/ZZCE3Q87IQD8.jpg,mouse
data/original_images/mouse/CH700Z5N2YZW.jpg,mouse
data/original_images/mug/Screenshot 2022-03-30 100030bbbbbbbbbbbbbbbbbbbbbbb.png,mug
data/original_images/headphone/image (17).jpeg,headphone
data/original_images/files/NODPZHIH5ROS.jpg,files
data/original_images/headphone/N6OK5WDR6UYP_aug.jpg,headphone
data/original_images/mug/images - 2022-03-29T155402.407.jpg,mug
data/original_images/ballpoint/OEL8R9EFK7IN.jpg,ballpoint
data/original_images/binder/J7M0F56JO5HD_aug.jpg,binder
data/original_images/files/Z6BRWJR0BFX2.jpg,files
data/original_images/files/86JZVYVC7SLR.jpg,files
data/original_images/ballpoint/IQ37LKIBS0F6.jpg,ballpoint
data/original_images/ballpoint/CXH06XOZUG11.jpg,ballpoint
data/original_images/mouse/2SXE16VJB7VG.jpg,mouse
data/original_images/mug/O8WWTP7ISTVK.jpg,mug
data/original_images/files/92BCXHU6YQI9.jpg,files
data/original_images/ballpoint/5KBPF6D4749A.jpg,ballpoint
data/original_images/mug/BX41ATIARA2V.jpg,mug
data/original_images/mouse/U81V9TOL3OH2.jpg,mouse
data/original_images/headphone/EWPRZOM2CEJI.jpg,headphone
data/original_images/mug/awa.png,mug
data/original_images/mouse/RF52JFEUAJPL.jpg,mouse
data/original_images/mouse/GM7PQ8IU35K1.jpg,mouse
data/original_images/mouse/VHY9IKFUZXI5.jpg,mouse
data/original_images/mug/QJZJ6CT5YR9E.jpg,mug
data/original_images/headphone/03U8AWA2MO9Y.jpg,headphone
data/original_images/headphone/BMFTB6IIBE9F.jpg,headphone
data/original_images/ballpoint/OQ8TJPHQCMK9.jpg,ballpoint
data/original_images/mug/MGOJ4L6R5TFD_aug.jpg,mug
data/original_images/headphone/I6ND1FKFT6OY_aug.jpg,headphone
data/original_images/mug/EEKLAJN60GG5_aug.jpg,mug
data/original_images/binder/AV9BS9OIK01Z.jpg,binder
data/original_images/files/VOQOK47F621O_aug.jpg,files
data/original_images/headphone/WY542DMY4LGR.jpg,headphone
data/original_images/files/ZBGJO4WR1FHR_aug.jpg,files
data/original_images/ballpoint/N27BP42WMQCR.jpg,ballpoint
data/original_images/binder/MKS0BKMOIVYJ.jpg,binder
data/original_images/binder/SVA6BGB80ETN_aug.jpg,binder
data/original_images/files/C5YJNQWDT70C.jpg,files
data/original_images/binder/IZH9FDCS7MYL.jpg,binder
data/original_images/mug/images - 2022-03-30T094104.882.jpg,mug
data/original_images/ballpoint/RJ75JBIJWYH1.jpg,ballpoint
data/original_images/binder/S6ULDHDIQ0GJ.jpg,binder
data/original_images/headphone/AQJDLXUGJA5D.jpg,headphone
data/original_images/headphone/JUG2HHGB8W61.jpg,headphone
data/original_images/binder/TY07MESMCCI9_aug.jpg,binder
data/original_images/files/PPU9GK38UOU2.jpg,files
data/original_images/ballpoint/FYKDHYBDHMFI.jpg,ballpoint
data/original_images/headphone/LL8VUG5W31MT_aug.jpg,headphone
data/original_images/mug/PHUXMBJ2EUKI_aug.jpg,mug
data/original_images/headphone/IW63VPD005W3.jpg,headphone
data/original_images/mug/images - 2022-03-29T161629.324.jpg,mug
data/original_images/ballpoint/6V24V9DE614U.jpg,ballpoint
data/original_images/binder/8PQDA03V1JX0.jpg,binder
data/original_images/mug/ETCO6CAISGKQ.jpg,mug
data/original_images/files/4WFY5VTHVN2V.jpg,files
data/original_images/headphone/XR44YHYBXX7W.jpg,headphone
data/original_images/mug/images - 2022-03-29T161629.393.jpg,mug
data/original_images/mouse/NFJ2B9O9D7PV.jpg,mouse
data/original_images/mouse/PWGQP7VOKVVP.jpg,mouse
data/original_images/mouse/OSCJOLFNB7PH.jpg,mouse
data/original_images/binder/3YDL4MHHX87O.jpg,binder
data/original_images/binder/IXGV6AD6JFMC.jpg,binder
data/original_images/ballpoint/DPUQYA9HTN5E.jpg,ballpoint
data/original_images/headphone/GIT0GUJD1HR4_aug.jpg,headphone
data/original_images/binder/8CVR1APBXB7O.jpg,binder
data/original_images/mug/images - 2022-03-29T161200.969.jpg,mug
data/original_images/mouse/YWWPZY7ZW8HE.jpg,mouse
data/original_images/binder/23FV8MHY5F0E.jpg,binder
data/original_images/mug/67OCVSHEFH18.jpg,mug
data/original_images/files/ZHLE387AWF7E.jpg,files
data/original_images/files/8ES0FC17VCK9.jpg,files
data/original_images/files/R3ZFWNSL4IPW_aug.jpg,files
data/original_images/binder/SFBT0SS1WDN4.jpg,binder
data/original_images/mug/images - 2022-03-30T093740.133.jpg,mug
data/original_images/mouse/YHPTR95EPNH1.jpg,mouse
data/original_images/mug/WXV786BS759E_aug.jpg,mug
data/original_images/headphone/images (15).jpeg,headphone
data/original_images/mug/images (6).png,mug
data/original_images/ballpoint/MPIGLY2OMHGB.jpg,ballpoint
data/original_images/ballpoint/PWG4PKJ4XL6G.jpg,ballpoint
data/original_images/mouse/3IAVKN3JD0JA.jpg,mouse
data/original_images/headphone/68YWG25DLHTX.jpg,headphone
data/original_images/mouse/QZI5BMY721PN.jpg,mouse
data/original_images/binder/TCQKCXDCS8V3.jpg,binder
data/original_images/mug/QM937XZPND0Y.jpg,mug
data/original_images/binder/RL02NRNDQRV9.jpg,binder
data/original_images/ballpoint/6OIWX5LQCGVI.jpg,ballpoint
data/original_images/headphone/images (139).jpeg,headphone
data/original_images/files/X67E5WNO9D87.jpg,files
data/original_images/mug/Z55BLWXCC52A_aug.jpg,mug
data/original_images/mouse/J07FUN41AZ2J.jpg,mouse
data/original_images/mug/images - 2022-03-29T161629.268.jpg,mug
data/original_images/mug/images - 2022-03-29T160531.647.jpg,mug
data/original_images/binder/QTD07AS9YF68.jpg,binder
data/original_images/files/358D2WLNRS06.jpg,files
data/original_images/mug/F4KE28L1QMBN.jpg,mug
data/original_images/ballpoint/5RFF7WRMW92R.jpg,ballpoint
data/original_images/headphone/UMQDXIG6ULPD.jpg,headphone
data/original_images/mouse/CO117FB2B33G.jpg,mouse
data/original_images/headphone/images (146).jpeg,headphone
data/original_images/ballpoint/ZT9JXQXDYB2U.jpg,ballpoint
data/original_images/mug/images - 2022-03-29T160313.616.jpg,mug
data/original_images/mouse/ZFH8I2U81TM6.jpg,mouse
data/original_images/ballpoint/L3254MF5KBCN.jpg,ballpoint
data/original_images/mug/IAQB7C9M1I1E.jpg,mug
data/original_images/mouse/C83XJGGBYR3L.jpg,mouse
data/original_images/binder/1UPMTTBVYVGI.jpg,binder
data/original_images/mouse/3LAGQD37FMVJ.jpg,mouse
data/original_images/mug/UL6CQ4YPEWU4_aug.jpg,mug
data/original_images/mouse/A8UDVQBVH245.jpg,mouse
data/original_images/ballpoint/GOO2YE3HNIEE.jpg,ballpoint
data/original_images/files/QCOTLRISSP6S_aug.jpg,files
data/original_images/mouse/BX2B8IS4J1UG.jpg,mouse
data/original_images/binder/P0QPOCK4VNU1_aug.jpg,binder
data/original_images/ballpoint/2YJQYMWZVM4P.jpg,ballpoint
data/original_images/headphone/B7HNZDRDM5GN.jpg,headphone
data/original_images/headphone/images (33).jpeg,headphone
data/original_images/mug/24TE3T8NZT3B_aug.jpg,mug
data/original_images/files/PMSKUUP3K3DY.jpg,files
data/original_images/headphone/images (148).jpeg,headphone
data/original_images/files/GDSNXA9DFI1C.jpg,files
data/original_images/headphone/FVPSKC3DJL8C_aug.jpg,headphone
data/original_images/mouse/QB1AURLZDS4I.jpg,mouse
data/original_images/files/SSMO5G0X5FS8.jpg,files
data/original_images/files/VG56Q0B7O808.jpg,files
data/original_images/files/82AMRDDWQH8G.jpg,files
data/original_images/headphone/ZAJJBTLZ7C15.jpg,headphone
data/original_images/mug/M3LUYS7UNAWJ.jpg,mug
data/original_images/mouse/O6WSSA4ADHVJ.jpg,mouse
data/original_images/binder/Q7ACF4CMA7I9.jpg,binder
data/original_images/files/1C5ZJPAM67KP.jpg,files
data/original_images/files/8I145060J8GM.jpg,files
data/original_images/files/E1I1L0W15M28.jpg,files
data/original_images/ballpoint/IICFT5A3URXB.jpg,ballpoint
data/original_images/mug/N2GSFL6I1HBH_aug.jpg,mug
data/original_images/mouse/5FQ2Q1X33GKY.jpg,mouse
data/original_images/mug/AM0RASYHPYNQ_aug.jpg,mug
data/original_images/mouse/3ID37Q2UTXET.jpg,mouse
data/original_images/mouse/J9J1GJCAJJEA.jpg,mouse
data/original_images/headphone/4PVD78HXZ7HZ.jpg,headphone
data/original_images/binder/B15N50LEZ9E8.jpg,binder
data/original_images/mug/TB0R6KOK2E19_aug.jpg,mug
data/original_images/files/JZW1YL89P2HH.jpg,files
data/original_images/mouse/54WCSM98R791.jpg,mouse
data/original_images/ballpoint/SMDMVWZQYKIM.jpg,ballpoint
data/original_images/binder/T2XCCFB2JJH6.jpg,binder
data/original_images/mug/841GMVFU8THD_aug.jpg,mug
data/original_images/binder/NX133VM4RIUQ_aug.jpg,binder
data/original_images/headphone/0C9M7AKPPPHD_aug.jpg,headphone
data/original_images/headphone/JFWBCYOJJA8R.jpg,headphone
data/original_images/ballpoint/DM7XQOMUJYI3.jpg,ballpoint
data/original_images/mouse/X05Q1X5YT892.jpg,mouse
data/original_images/mouse/BSPI9WZDU7EX.jpg,mouse
data/original_images/binder/UE3GFHY1EQ7O.jpg,binder
data/original_images/headphone/BPYE4YR9KPL4.jpg,headphone
data/original_images/binder/KS88R0P9WNO0.jpg,binder
data/original_images/ballpoint/ITM2674XO6UI.jpg,ballpoint
data/original_images/ballpoint/00AJ8Q0C3HQ7.jpg,ballpoint
data/original_images/mouse/P90G8F19YC2Q.jpg,mouse
data/original_images/mug/FED8BLJBARN7.jpg,mug
data/original_images/headphone/IHQSDYYV17BN.jpg,headphone
data/original_images/mug/Screenshot 2022-03-30 095602mmmmmmm.png,mug
data/original_images/mouse/QT0CFV5FFW2W.jpg,mouse
data/original_images/binder/J4KS3XMPYYSE_aug.jpg,binder
data/original_images/mug/8Q8G97LYV2SW.jpg,mug
data/original_images/mug/WCR6S2VNHMTP_aug.jpg,mug
data/original_images/mug/images (62).jpg,mug
data/original_images/mouse/G09JUB2SBX5S.jpg,mouse
data/original_images/mug/IPQKQZC07R9B.jpg,mug
data/original_images/mug/images - 2022-03-29T160313.640.jpg,mug
data/original_images/headphone/images (13).jpeg,headphone
data/original_images/mouse/AQYKKMS9O0WB.jpg,mouse
data/original_images/headphone/2KSNCBMCXB17_aug.jpg,headphone
data/original_images/files/ECS2UUZ1V3SA.jpg,files
data/original_images/mouse/N3DUMSABSJ2S.jpg,mouse
data/original_images/binder/I56K06LWJJ60_aug.jpg,binder
data/original_images/ballpoint/SC13AEVBH31B.jpg,ballpoint
data/original_images/binder/L5MJDV6TEGJJ.jpg,binder
data/original_images/headphone/ALA9706Z628P.jpg,headphone
data/original_images/ballpoint/8L33XJ785HJ7.jpg,ballpoint
data/original_images/ballpoint/VW418SQ3ZG8J.jpg,ballpoint
data/original_images/mug/VYVDS8WT9ZB5.jpg,mug
data/original_images/ballpoint/JTTQ39Q0OGCI.jpg,ballpoint
data/original_images/mouse/589AX8YWDE9I.jpg,mouse
data/original_images/mug/44M8ENC6I9E2.jpg,mug
data/original_images/mouse/RPBC499W4ARI.jpg,mouse
data/original_images/mouse/UM5O7A8SCE6C.jpg,mouse
data/original_images/binder/C2QXAXQLU02T_aug.jpg,binder
data/original_images/mouse/KSIVBJ86NH5Y.jpg,mouse
data/original_images/mug/MW0MVYHC9AIS.jpg,mug
data/original_images/binder/MF8DA23SY7C9_aug.jpg,binder
data/original_images/mug/YYKP8Z3TCIZJ_aug.jpg,mug
data/original_images/mouse/CGZXS39RQQTQ.jpg,mouse
data/original_images/mouse/FCI02SI14OZK.jpg,mouse
data/original_images/mouse/0U8UFG4PSCXZ.jpg,mouse
data/original_images/mug/kfsdfsdf.png,mug
data/original_images/headphone/KHAYH6CFANR7_aug.jpg,headphone
data/original_images/mug/5ZWN6ZPC5SBW.jpg,mug
data/original_images/ballpoint/7678ZB5BLTSK.jpg,ballpoint
data/original_images/mug/Screenshot 2022-03-30 102403skdfkdsds.png,mug
data/original_images/files/KSY84QCK4VLK.jpg,files
data/original_images/binder/JQWD03T7ZJ1T.jpg,binder
data/original_images/headphone/FIW17XSFD7QD_aug.jpg,headphone
data/original_images/ballpoint/Y9VU1BD4I1MN.jpg,ballpoint
data/original_images/headphone/4L71XY1IP5PJ.jpg,headphone
data/original_images/headphone/I1O8N0Z4ZJRS_aug.jpg,headphone
data/original_images/files/C57LNJ2OMY24.jpg,files
data/original_images/binder/5SL49EJNY5Z0.jpg,binder
data/original_images/ballpoint/KB3YV2RRKMXU.jpg,ballpoint
data/original_images/files/E53FPJWUI29C.jpg,files
data/original_images/mug/QIZ1Z2AJA6KQ_aug.jpg,mug
data/original_images/ballpoint/7HBYNBJIKWJY.jpg,ballpoint
data/original_images/mug/HCWWCG05VK21_aug.jpg,mug
data/original_images/ballpoint/EA6J0F6GQ9RP.jpg,ballpoint
data/original_images/binder/I3485BT0KYVM.jpg,binder
data/original_images/mug/BEHZWQUSTQ9F_aug.jpg,mug
data/original_images/headphone/images (174).jpeg,headphone
data/original_images/files/4132ROKNC742.jpg,files
data/original_images/files/KTFTUTOGWVQJ.jpg,files
data/original_images/files/LGWBB942KNQD.jpg,files
data/original_images/ballpoint/TB4NO1B0Z1W3.jpg,ballpoint
data/original_images/ballpoint/Q0GH1DDSRJ63.jpg,ballpoint
data/original_images/files/PFM7QDSFGZXZ.jpg,files
data/original_images/mug/images (32).jpg,mug
data/original_images/binder/K3B63BCVETEB.jpg,binder
data/original_images/ballpoint/ET1SWCQTIR89.jpg,ballpoint
data/original_images/binder/8K69NJHRL165.jpg,binder
data/original_images/mug/HW9JTY6QUUXW.jpg,mug
data/original_images/mug/8AYHKEC87628.jpg,mug
data/original_images/mug/images - 2022-03-30T094636.139.jpg,mug
data/original_images/files/C8D4RE2V0UIK.jpg,files
data/original_images/files/V9K3DJ1V5BJH.jpg,files
data/original_images/files/NM7I70YO9HLQ.jpg,files
data/original_images/mug/IGEEE6OW87JH.jpg,mug
data/original_images/binder/A62G71YWVRDD.jpg,binder
data/original_images/binder/CQ7C3R1Q69PZ.jpg,binder
data/original_images/binder/GIJO120J1BOS.jpg,binder
data/original_images/files/PYNJI4SVYFL2.jpg,files
data/original_images/mug/GCGWSG09JQH5.jpg,mug
data/original_images/files/HYP2V93JGNZD.jpg,files
data/original_images/files/VIZQ7GY16N75_aug.jpg,files
data/original_images/files/1OQ47M0GC4II.jpg,files
data/original_images/ballpoint/JONJ6SJXJLJV.jpg,ballpoint
data/original_images/files/ICKJ7HVRIV83.jpg,files
data/original_images/binder/36DQDT5DR3I9.jpg,binder
data/original_images/ballpoint/PT2S9ULFB0V1.jpg,ballpoint
data/original_images/files/8C542A0QKENT.jpg,files
data/original_images/mug/O6F57CZCQQSJ.jpg,mug
data/original_images/mouse/SEP37X02UA8U.jpg,mouse
data/original_images/binder/PXWB3PVM0L34_aug.jpg,binder
data/original_images/binder/P6ZVR6WD7EXS.jpg,binder
data/original_images/mouse/Q1SNAG0N5J68.jpg,mouse
data/original_images/files/YTXZO3TCM93Q.jpg,files
data/original_images/mouse/7A0TPEF7XR93.jpg,mouse
data/original_images/binder/9YV09VPVCONQ.jpg,binder
data/original_images/headphone/RJI7LUN8BDCE.jpg,headphone
data/original_images/headphone/M2JENC6UERI3.jpg,headphone
data/original_images/files/DIIT3H5O6B2T.jpg,files
data/original_images/mug/images - 2022-03-30T103924.658 (2).jpg,mug
data/original_images/ballpoint/D4EJZKDLLWP8.jpg,ballpoint
data/original_images/mug/WXYZ4BGW2SKC.jpg,mug
data/original_images/mouse/S543CBPA40AA.jpg,mouse
data/original_images/mouse/H1U0T19B0EX4.jpg,mouse
data/original_images/ballpoint/68JTJ92HR39J.jpg,ballpoint
data/original_images/headphone/1MA1SYCFBQKO.jpg,headphone
data/original_images/binder/35DMTCYCJAF8.jpg,binder
data/original_images/mouse/3QUFSGXZX2IF.jpg,mouse
data/original_images/ballpoint/NSIJ8ZTU03KD.jpg,ballpoint
data/original_images/files/7R8C0APD8DYM.jpg,files
data/original_images/mouse/8TTSCETCB9LH.jpg,mouse
data/original_images/ballpoint/GI3PGBZT1G6W.jpg,ballpoint
data/original_images/mug/images - 2022-03-30T094029.815.jpg,mug
data/original_images/files/QHMDGE5TOKNC.jpg,files
data/original_images/headphone/I50YMMEICPU8.jpg,headphone
data/original_images/files/56NSU5599K0Z.jpg,files
data/original_images/mug/images (38).jpg,mug
data/original_images/files/QFDTEWQE6OPZ.jpg,files
data/original_images/mouse/1LX4H88JZHKP.jpg,mouse
data/original_images/headphone/images (48).jpeg,headphone
data/original_images/binder/DV6XL5HIBNN3_aug.jpg,binder
data/original_images/ballpoint/Q6KR3UT9UFCJ.jpg,ballpoint
data/original_images/ballpoint/KPUSP9CPM7QR.jpg,ballpoint
data/original_images/ballpoint/F1KYX8SDK5I4.jpg,ballpoint
data/original_images/ballpoint/N8CACRRPMM4G.jpg,ballpoint
data/original_images/headphone/6T28J7BVWPRV.jpg,headphone
data/original_images/ballpoint/WMI79E6AXESW.jpg,ballpoint
data/original_images/headphone/LDODNUKXHXS7.jpg,headphone
data/original_images/files/U2KAI1FHCQ48_aug.jpg,files
data/original_images/files/8OHQXBESGH1I.jpg,files
data/original_images/mouse/86L1K6566A97.jpg,mouse
data/original_images/files/NM42CFAMVLRO.jpg,files
data/original_images/files/5FYX3IZO4FOM.jpg,files
data/original_images/binder/YZKXLILXBKA5.jpg,binder
data/original_images/mug/5W9MSK7AXA1S.jpg,mug
data/original_images/mouse/FALZGGTZLKRD.jpg,mouse
data/original_images/files/6L1M887761P4.jpg,files
data/original_images/files/P6OOCY6IQWH3.jpg,files
data/original_images/files/3TY2WEFO93IJ.jpg,files
data/original_images/files/LG6EDC9T9HHD.jpg,files
data/original_images/files/YKYO6JWQYUI3.jpg,files
data/original_images/binder/MEONK5XTF34R_aug.jpg,binder
data/original_images/headphone/VVZYTBBQ1YVQ.jpg,headphone
data/original_images/mouse/L0OL7VLS03Z8.jpg,mouse
data/original_images/files/OGTT95LJWSQM.jpg,files
data/original_images/mouse/L3U7EQCHLI38.jpg,mouse
data/original_images/ballpoint/RH4WRFMW7IS6.jpg,ballpoint
data/original_images/binder/B9RHO1WIPW25.jpg,binder
data/original_images/mouse/BJBFGAEJN6XT.jpg,mouse
data/original_images/files/TBDXU98XP1NC_aug.jpg,files
data/original_images/ballpoint/WC5CVEXK8SPX.jpg,ballpoint
data/original_images/mouse/2MT9EVBSU35B.jpg,mouse
data/original_images/mug/ROD56OYFJEPO.jpg,mug
data/original_images/files/0ZODQPP1NEY4.jpg,files
data/original_images/binder/ZXE5RA198JJO.jpg,binder
data/original_images/files/GATVN7K5A8NZ.jpg,files
data/original_images/files/7MJWZFV7KWRK.jpg,files
data/original_images/mug/2NIN97Z9YNEA.jpg,mug
data/original_images/files/1MNCPXGSIJNW.jpg,files
data/original_images/binder/TBWDZKAPF9JU.jpg,binder
data/original_images/headphone/GANF2WPTAV91.jpg,headphone
data/original_images/mug/C58XN4QD5K93.jpg,mug
data/original_images/headphone/480FP9UQX78A.jpg,headphone
data/original_images/ballpoint/R6H0665F4R9K.jpg,ballpoint
data/original_images/files/6VZYW0QEG6GF.jpg,files
data/original_images/mouse/AMPD1HBD6XMZ.jpg,mouse
data/original_images/binder/2XW8Y092JGPN.jpg,binder
data/original_images/headphone/TKAA3TWGOUAV.jpg,headphone
data/original_images/mouse/NWIGLJIQNXNL.jpg,mouse
data/original_images/files/9PRA093CJTC8.jpg,files
data/original_images/mouse/8DAM4FGKWSJG.jpg,mouse
data/original_images/ballpoint/JIEU9BTLT7ET.jpg,ballpoint
data/original_images/ballpoint/X6K4M7F8K82S.jpg,ballpoint
data/original_images/binder/PI57DILAVOAR.jpg,binder
data/original_images/ballpoint/UW8CHKG78S6O.jpg,ballpoint
data/original_images/mouse/N5PC0YWYN7PZ.jpg,mouse
data/original_images/binder/AGK55UX9I0U6.jpg,binder
data/original_images/files/JY0P7HEY0OUE.jpg,files
data/original_images/files/HJB0FTFX6HFN.jpg,files
data/original_images/binder/KJWO2ISN0XJH_aug.jpg,binder
data/original_images/binder/FLSMO70X1M8B.jpg,binder
data/original_images/headphone/QDP2810PIYBJ.jpg,headphone
data/original_images/ballpoint/6DVILMM1QU8M.jpg,ballpoint
data/original_images/ballpoint/WLYAIJNPV479.jpg,ballpoint
data/original_images/ballpoint/S6QL1VSP51SY.jpg,ballpoint
data/original_images/ballpoint/NUQC5MF39YWC.jpg,ballpoint
data/original_images/mouse/1NY95CRK658K.jpg,mouse
data/original_images/ballpoint/KWUR8SBV5WBS.jpg,ballpoint
data/original_images/mouse/Q1UUQEWWU0GB.jpg,mouse
data/original_images/headphone/Q9L0GXBQ5XNA_aug.jpg,headphone
data/original_images/files/WNXATFSRLPRA.jpg,files
data/original_images/ballpoint/5F49ARVVKNX7.jpg,ballpoint
data/original_images/headphone/02XPJ2NK46CQ_aug.jpg,headphone
data/original_images/binder/AA6N20Z16K21_aug.jpg,binder
data/original_images/ballpoint/8FG7907M317T.jpg,ballpoint
data/original_images/mug/T09KL57RYZ9H_aug.jpg,mug
data/original_images/mug/Q12SKB6WB107.jpg,mug
data/original_images/ballpoint/M6URWRBP46Y9.jpg,ballpoint
data/original_images/files/6UHJE61ZCTD8.jpg,files
data/original_images/mouse/SCEAFJVYDNUJ.jpg,mouse
data/original_images/headphone/CX36LJ9SWFQ8_aug.jpg,headphone
data/original_images/ballpoint/69DEOL262CYX.jpg,ballpoint
data/original_images/files/60BHD0AJPSQP.jpg,files
data/original_images/ballpoint/JFXUBONZIDSA.jpg,ballpoint
data/original_images/mug/QAMSKZF8QINO.jpg,mug
data/original_images/headphone/images (5).jpeg,headphone
data/original_images/mouse/T7R34G9V60OB.jpg,mouse
data/original_images/files/90JXMFSUWWVK.jpg,files
data/original_images/ballpoint/4O5T1GKLCZ1J.jpg,ballpoint
data/original_images/mug/CQDKO5WL9BQ8_aug.jpg,mug
data/original_images/mouse/X0BHIPNCPOYM.jpg,mouse
data/original_images/headphone/371VH47RJWEO.jpg,headphone
data/original_images/files/EOV35IVWBOZ7.jpg,files
data/original_images/files/5NZH5VIW340X.jpg,files
data/original_images/mug/WT55P2VJ7YRP_aug.jpg,mug
data/original_images/headphone/OMPH56NPGIC1.jpg,headphone
data/original_images/mug/zxxxxxxxxxxxxxxxxxxx.png,mug
data/original_images/ballpoint/JSATIRVXLB5Z.jpg,ballpoint
data/original_images/files/83THTWNISCOD.jpg,files
data/original_images/binder/S31QNLO4WAHQ.jpg,binder
data/original_images/mouse/D2AUAJQPYV1C.jpg,mouse
data/original_images/mug/P1SD8UTCG40S.jpg,mug
data/original_images/mug/2UUSXQSV2NNH.jpg,mug
data/original_images/mouse/C5398EOCZYBY.jpg,mouse
data/original_images/files/5BEPIJPL3RH9.jpg,files
data/original_images/files/S5YATX2B181N.jpg,files
data/original_images/mug/0KKCYDJGJFL3.jpg,mug
data/original_images/ballpoint/DU22KXIHZOX9.jpg,ballpoint
data/original_images/ballpoint/ORF6XK41LK2C.jpg,ballpoint
data/original_images/mug/images - 2022-03-30T094636.130.jpg,mug
data/original_images/mug/72MBXFYXVDMA.jpg,mug
data/original_images/files/0NLRT3AL2EK6.jpg,files
data/original_images/binder/DXIXVDVZZXEU.jpg,binder
data/original_images/binder/ZAGOUZW5V0VM.jpg,binder
data/original_images/binder/7M7LFZEK8F0V.jpg,binder
data/original_images/headphone/PHZ8U1FNPP4I_aug.jpg,headphone
data/original_images/ballpoint/NU4Z5NGFWVS0.jpg,ballpoint
data/original_images/mouse/652Y7HCOOU6L.jpg,mouse
data/original_images/mouse/LFV1210L4C2U.jpg,mouse
data/original_images/ballpoint/H4LVE67E2JBZ.jpg,ballpoint
data/original_images/files/SVSXNP020O8J_aug.jpg,files
data/original_images/mouse/JD4TVUZ7XTGF.jpg,mouse
data/original_images/ballpoint/C75E7EZAAJWA.jpg,ballpoint
data/original_images/files/6ICZ9YFNUM11.jpg,files
data/original_images/mouse/WOELESJ69I6M.jpg,mouse
data/original_images/files/LVA8OKMLLR7E.jpg,files
data/original_images/headphone/J4WSKE1CZODV_aug.jpg,headphone
data/original_images/files/HGM770Y929V4.jpg,files
data/original_images/binder/UEQ5STVM130P.jpg,binder
data/original_images/headphone/GTIQE0WYXLJ9.jpg,headphone
data/original_images/binder/FUYBMGB961WW_aug.jpg,binder
data/original_images/mug/1R2RORK5ACNV.jpg,mug
data/original_images/mug/Y2A9BBP2E0W3.jpg,mug
data/original_images/mug/RJFT22T3FZ7D.jpg,mug
data/original_images/files/D3QVGQ9Y3GQO.jpg,files
data/original_images/files/OWTQHOF94E8O.jpg,files
data/original_images/headphone/images (39).jpeg,headphone
data/original_images/mouse/HHOY49GW08IZ.jpg,mouse
data/original_images/ballpoint/AIMP78HNVIIA.jpg,ballpoint
data/original_images/headphone/NPR2KQVMZB1E_aug.jpg,headphone
data/original_images/files/Y4J7MK9RG5A5_aug.jpg,files
data/original_images/mouse/SNJHJZFMOY6K.jpg,mouse
data/original_images/mouse/QH9CTXZ4OX6Z.jpg,mouse
data/original_images/binder/3L2B2VP0H7FW.jpg,binder
data/original_images/files/FCZ71QPXWXAR.jpg,files
data/original_images/mouse/F0N1XLDISPQF.jpg,mouse
data/original_images/files/4WR4H8F5HUBW.jpg,files
data/original_images/ballpoint/2YW4F66HGBFI.jpg,ballpoint
data/original_images/mouse/8DVEQ1287TA2.jpg,mouse
data/original_images/binder/55NXBGGERU2U.jpg,binder
data/original_images/files/YDMOBG13BUKY.jpg,files
data/original_images/mug/3O4ESQQRDX1O.jpg,mug
data/original_images/files/0Q07OYPNHNSJ.jpg,files
data/original_images/mug/NE4YFEPXVBTC.jpg,mug
data/original_images/headphone/ISONNSTP32J2.jpg,headphone
data/original_images/ballpoint/Q6SAGK3HRV7F.jpg,ballpoint
data/original_images/binder/MN3FZ6FVDLS3.jpg,binder
data/original_images/files/S7XSGKNOW8N4.jpg,files
data/original_images/mouse/CMKA801H9NKC.jpg,mouse
data/original_images/ballpoint/ADOWJSIQACHD.jpg,ballpoint
data/original_images/files/L2U6PUWKYRT9.jpg,files
data/original_images/mug/T9KQSACQJR3R_aug.jpg,mug
data/original_images/binder/FUYBMGB961WW.jpg,binder
data/original_images/mouse/HXL9R9MW5KL5.jpg,mouse
data/original_images/ballpoint/CD43CMR0MLBR.jpg,ballpoint
data/original_images/binder/OCC1CYAQS6P5.jpg,binder
data/original_images/mouse/WLOKFIKQZZPW.jpg,mouse
data/original_images/files/52ZTDRTOHHAR.jpg,files
data/original_images/headphone/images (107).jpeg,headphone
data/original_images/ballpoint/AV42ZWWKH1HR.jpg,ballpoint
data/original_images/files/9SUIV0UY85JZ.jpg,files
data/original_images/mug/XCZ2K5ZNZXBI.jpg,mug
data/original_images/mouse/JFACB5B53XML.jpg,mouse
data/original_images/files/KBER5PQW2V0R.jpg,files
data/original_images/files/JEOY9ZASYAAQ.jpg,files
data/original_images/mug/images (90).jpg,mug
data/original_images/binder/K4ZWFPZ1CL7E.jpg,binder
data/original_images/headphone/OBTW1Y2Q7S6W.jpg,headphone
data/original_images/headphone/images (142).jpeg,headphone
data/original_images/files/MHU8FMUATI5J.jpg,files
data/original_images/binder/G9DRC3209GYX_aug.jpg,binder
data/original_images/mug/QDAIIQ3SEXL3.jpg,mug
data/original_images/mouse/G63Y9CQWUDOV.jpg,mouse
data/original_images/binder/SL4L9KQPDQV1.jpg,binder
data/original_images/mug/images - 2022-03-30T094357.126.jpg,mug
data/original_images/files/0LMK0XWJE85X.jpg,files
data/original_images/ballpoint/T0W600TPS6LX.jpg,ballpoint
data/original_images/mouse/UOHOHFPOG7SR.jpg,mouse
data/original_images/binder/IJTVECFETT8F.jpg,binder
data/original_images/headphone/2QY9PP2WI1R7.jpg,headphone
data/original_images/mug/SUT0QP5ZMTEI.jpg,mug
data/original_images/headphone/MTUOH72M19Y2.jpg,headphone
data/original_images/files/BGOXUKQ0T4ZY.jpg,files
data/original_images/files/FZ7L3Q99UY9J.jpg,files
data/original_images/mouse/4QSOL6INY8TE.jpg,mouse
data/original_images/files/EPFJVG8EAPWN.jpg,files
data/original_images/headphone/GHIQPLYO7TFW.jpg,headphone
data/original_images/files/RM3HC9YNEAGY.jpg,files
data/original_images/headphone/I3CJCI63I7Y9.jpg,headphone
data/original_images/mouse/5DOQ0012KWYW.jpg,mouse
data/original_images/binder/DI0JY7ETDAGY.jpg,binder
data/original_images/files/R1TB0ZKJ565O.jpg,files
data/original_images/files/G8RR8O188CH0.jpg,files
data/original_images/files/DU6098FG9LEA.jpg,files
data/original_images/files/IB7M7QJUGF50.jpg,files
data/original_images/headphone/W75G4NKKO9W7.jpg,headphone
data/original_images/files/EMROYGCHDC4D.jpg,files
data/original_images/mouse/8MMH2GH888YK.jpg,mouse
data/original_images/mug/images - 2022-03-29T161629.269.jpg,mug
data/original_images/files/675WW9Z3N2DG.jpg,files
data/original_images/binder/EPZRXTU4DS3L.jpg,binder
data/original_images/ballpoint/QQRJYOK8KKPW.jpg,ballpoint
data/original_images/ballpoint/R2482UJEK6AZ.jpg,ballpoint
data/original_images/mouse/QQ135405TA61.jpg,mouse
data/original_images/files/8T669KPZ9D8P.jpg,files
data/original_images/ballpoint/FFT1L6PBJYPA.jpg,ballpoint
data/original_images/mug/8X7X08K7T5U0_aug.jpg,mug
data/original_images/ballpoint/9C15E95JOX0S.jpg,ballpoint
data/original_images/files/3OYABD0G26NJ.jpg,files
data/original_images/binder/D1QIXNOFHA5Q.jpg,binder
data/original_images/mug/WBWQKH2EO1HR.jpg,mug
data/original_images/binder/L771HQD0OFA8.jpg,binder
data/original_images/mug/images - 2022-03-30T094357.185.jpg,mug
data/original_images/mug/JE6LJQ55LRY5.jpg,mug
data/original_images/ballpoint/NMFUAXSV3FCV.jpg,ballpoint
data/original_images/binder/OS61RJA1Z5QS.jpg,binder
data/original_images/ballpoint/2TIXTJQFGMCT.jpg,ballpoint
data/original_images/mug/7I1L3UJSB2JA_aug.jpg,mug
data/original_images/mug/Z3TGVPZXDGLX.jpg,mug
data/original_images/binder/FDJB3KDQNCNS_aug.jpg,binder
data/original_images/ballpoint/A7XS6DWMOA4Q.jpg,ballpoint
data/original_images/binder/MS1DHQCCUCP9_aug.jpg,binder
data/original_images/mouse/L9WREYS922SX.jpg,mouse
data/original_images/headphone/images (51).jpeg,headphone
data/original_images/mug/20GBRKATJ4WN.jpg,mug
data/original_images/ballpoint/9E2UMS4KM6HT.jpg,ballpoint
data/original_images/files/PUQDSAF3929H.jpg,files
data/original_images/binder/OCFX7DCZ71WC.jpg,binder
data/original_images/binder/NQ07YBR1QJ89.jpg,binder
data/original_images/files/ZBVJLFK05POO.jpg,files
data/original_images/ballpoint/B7IUTV1NQXHW.jpg,ballpoint
data/original_images/binder/ISFFAVHVSDL6.jpg,binder
data/original_images/binder/2Q9SUP42AQ0O.jpg,binder
data/original_images/binder/C7VNMCU6KNPP_aug.jpg,binder
data/original_images/mouse/T1HMYHHBBPV1.jpg,mouse
data/original_images/headphone/images (62).jpeg,headphone
data/original_images/headphone/11IRLFAUPQ8D.jpg,headphone
data/original_images/binder/88Z9KIHKV4FT_aug.jpg,binder
data/original_images/mouse/NXUHXU5ZPMM5.jpg,mouse
data/original_images/ballpoint/VRQHD3A862ML.jpg,ballpoint
data/original_images/mouse/I7DCQH3QCG7H.jpg,mouse
data/original_images/ballpoint/RIZLMO5EV69U.jpg,ballpoint
data/original_images/mug/images - 2022-03-29T155402.714.jpg,mug
data/original_images/ballpoint/539IS18E21KM.jpg,ballpoint
data/original_images/mug/images - 2022-03-30T094243.377.jpg,mug
data/original_images/files/GHZ9NM090QHV.jpg,files
data/original_images/headphone/L7BETV795IFF.jpg,headphone
data/original_images/mouse/08WBAV853XST.jpg,mouse
data/original_images/files/YHO3HLNYBKZH.jpg,files
data/original_images/mug/images - 2022-03-30T094104.881.jpg,mug
data/original_images/binder/CZT8MFQNZPB7.jpg,binder
data/original_images/headphone/PAPBTL46464A_aug.jpg,headphone
data/original_images/files/LKEO7Q8SUYDO.jpg,files
data/original_images/headphone/V1ZVG55LUE78.jpg,headphone
data/original_images/mug/9X8MXA3IZI8B.jpg,mug
data/original_images/files/5K67MC4OH27J.jpg,files
data/original_images/files/T4DO88CU38PD.jpg,files
data/original_images/binder/ZTPZ61U2B7A4.jpg,binder
data/original_images/files/P85V3H4NKAYP.jpg,files
data/original_images/files/VU5YZHPB6M6S.jpg,files
data/original_images/mouse/TB6TSDBPRM3O.jpg,mouse
data/original_images/headphone/0C9M7AKPPPHD.jpg,headphone
data/original_images/binder/LA9GLQOKUL7Y.jpg,binder
data/original_images/files/FZPCV7Q4EMCI.jpg,files
data/original_images/files/QQ70F08NL16Z.jpg,files
data/original_images/files/ZIV4F0D8GPOY.jpg,files
data/original_images/files/WMLTJK6GF8VJ.jpg,files
data/original_images/mug/KEHSZEK85JCX.jpg,mug
data/original_images/headphone/images (90).jpeg,headphone
data/original_images/ballpoint/0JCBP5H6TQ3X.jpg,ballpoint
data/original_images/headphone/GQ42V0BLW0HM.jpg,headphone
data/original_images/ballpoint/U9SWT98QMPWL.jpg,ballpoint
data/original_images/files/FO9YT83144HU.jpg,files
data/original_images/mouse/O10DG2WZFUJK.jpg,mouse
data/original_images/binder/MTR9KOWQQ543.jpg,binder
data/original_images/binder/LDDYAJPN6W7F.jpg,binder
data/original_images/headphone/213WMWAH1X51.jpg,headphone
data/original_images/ballpoint/BILJM0KV4J0T.jpg,ballpoint
data/original_images/binder/JUYDE61IV98V_aug.jpg,binder
data/original_images/files/UWZVCFO1XE7C.jpg,files
data/original_images/headphone/29055D8HRYCC.jpg,headphone
data/original_images/ballpoint/R6906N5FG1NL.jpg,ballpoint
data/original_images/mouse/WB43RY5A1NXF.jpg,mouse
data/original_images/headphone/NWD4XPI479MV.jpg,headphone
data/original_images/binder/7FPTLEL2MOVE.jpg,binder
data/original_images/mug/MGOJ4L6R5TFD.jpg,mug
data/original_images/binder/624FOAK4XIU4_aug.jpg,binder
data/original_images/mouse/YC7YHZ264UUQ.jpg,mouse
data/original_images/mug/Screenshot 2022-03-30 095746bbbbbbbbbbb.png,mug
data/original_images/binder/RL1ET58QILF6.jpg,binder
data/original_images/headphone/OY787CS840C9.jpg,headphone
data/original_images/binder/4ARJVS5PF1G1.jpg,binder
data/original_images/headphone/GHSWA87O4C67_aug.jpg,headphone
data/original_images/mouse/U6KC40FF52G5.jpg,mouse
data/original_images/mouse/R1VQ6V1CW9XD.jpg,mouse
data/original_images/files/G4WSWF5MRAY3.jpg,files
data/original_images/binder/TF072L4I5TUR_aug.jpg,binder
data/original_images/mouse/W4OJVBS3T93O.jpg,mouse
data/original_images/mouse/V8MG8LS9FJH0.jpg,mouse
data/original_images/files/6NA25ESGW8YW.jpg,files
data/original_images/ballpoint/XWD2KPMYK9KE.jpg,ballpoint
data/original_images/files/1MRGE6IJZQVL.jpg,files
data/original_images/ballpoint/PGQKYTP27R05.jpg,ballpoint
data/original_images/files/KGM5KFYWHUHV.jpg,files
data/original_images/mug/HR6BMS03QVGU.jpg,mug
data/original_images/binder/GDOWWA1QNITO.jpg,binder
data/original_images/binder/KQPMKCM4L2R7.jpg,binder
data/original_images/mouse/DDSSIDI6GODC.jpg,mouse
data/original_images/files/ZM2UHNQT0138.jpg,files
data/original_images/binder/H5R4GLUTN87Q.jpg,binder
data/original_images/binder/S882FJI5FRK8.jpg,binder
data/original_images/ballpoint/6R2HO05DOWC0.jpg,ballpoint
data/original_images/files/YZNIXQ5169NA.jpg,files
data/original_images/binder/19LCGK8B32DR.jpg,binder
data/original_images/binder/4GSEWCCZU9PE.jpg,binder
data/original_images/binder/OLTR57971NP2.jpg,binder
data/original_images/mug/Screenshot 2022-03-30 102319adsfsdfs.png,mug
data/original_images/files/T8CGA6D5H44O.jpg,files
data/original_images/headphone/Y9PE6SD6EFGX.jpg,headphone
data/original_images/binder/P06SCK7X5TQY.jpg,binder
data/original_images/mouse/LLV266SNLVOA.jpg,mouse
data/original_images/files/65QM2SBJ06MH.jpg,files
data/original_images/ballpoint/80WQ9YARIOHW.jpg,ballpoint
data/original_images/headphone/O5TCS2PPCCKS.jpg,headphone
data/original_images/mug/W5MTZ7R7LNMJ.jpg,mug
data/original_images/binder/O69T10DQN6BQ.jpg,binder
data/original_images/binder/THSIMOLJBGAG.jpg,binder
data/original_images/binder/NOO43GHB6UTV_aug.jpg,binder
data/original_images/files/VBHWWE2BIL1I.jpg,files
data/original_images/ballpoint/RKZDNGTPSWWT.jpg,ballpoint
data/original_images/files/VRZ8JNKQS495.jpg,files
data/original_images/mug/B3K3J9SV3LN3.jpg,mug
data/original_images/mug/images - 2022-03-30T094243.450.jpg,mug
data/original_images/headphone/images (35).jpeg,headphone
data/original_images/files/6KCF8APJ3Y5B.jpg,files
data/original_images/files/ZN5XQX6O1YG6.jpg,files
data/original_images/files/E0TVQGMJ2CJN.jpg,files
data/original_images/mouse/P14DIRX5MN7V.jpg,mouse
data/original_images/ballpoint/0V5HBEWVT1QO.jpg,ballpoint
data/original_images/headphone/images (85).jpeg,headphone
data/original_images/mug/images - 2022-03-30T104353.019.jpg,mug
data/original_images/mouse/9GCNRZ3FR556.jpg,mouse
data/original_images/ballpoint/UBYQ6PLJT3VI.jpg,ballpoint
data/original_images/binder/TWQAY6JHGBDD.jpg,binder
data/original_images/mug/images (3).jpg,mug
data/original_images/binder/6PJFCTA39J14.jpg,binder
data/original_images/mug/HR6BMS03QVGU_aug.jpg,mug
data/original_images/files/BRO0FY4S1Q4W.jpg,files
data/original_images/ballpoint/5EZ6DK6KRR9J.jpg,ballpoint
data/original_images/ballpoint/LU9RH8FQ4DG6.jpg,ballpoint
data/original_images/headphone/images (127).jpeg,headphone
data/original_images/ballpoint/QHG1RNHR0GL6.jpg,ballpoint
data/original_images/mug/Screenshot 2022-03-30 100435zxxxxxxxxxxxxxxxxxx.png,mug
data/original_images/binder/ZM8UL9HF2JC6.jpg,binder
data/original_images/mouse/TVXP2JGYWPPB.jpg,mouse
data/original_images/mug/images - 2022-03-29T161629.368.jpg,mug
data/original_images/ballpoint/WMZ377PCVOK6.jpg,ballpoint
data/original_images/binder/GFHSECQ6UG1M.jpg,binder
data/original_images/files/6KX01XXMV9S7.jpg,files
data/original_images/mug/images (14).png,mug
data/original_images/mouse/QZZWQJ8IOEXG.jpg,mouse
data/original_images/ballpoint/X3VW6WCT7DE5.jpg,ballpoint
data/original_images/mouse/776U1YDPMHJI.jpg,mouse
data/original_images/mouse/RCACBZK1D4YZ.jpg,mouse
data/original_images/headphone/6I6I0LU7E5OU.jpg,headphone
data/original_images/headphone/JF93PFWQNFTZ.jpg,headphone
data/original_images/headphone/9G6RHLLEAKI0.jpg,headphone
data/original_images/headphone/images (159).jpeg,headphone
data/original_images/mug/images - 2022-03-30T094206.797.jpg,mug
data/original_images/ballpoint/ZRNXRQXUFKCK.jpg,ballpoint
data/original_images/files/IKXJT5F4VSV3.jpg,files
data/original_images/ballpoint/8FQVU0897NB3.jpg,ballpoint
data/original_images/binder/JPAE6H0K9OOT.jpg,binder
data/original_images/files/PUWWL1LFZKCE_aug.jpg,files
data/original_images/headphone/R57ECEKO6OY9.jpg,headphone
data/original_images/mug/Screenshot 2022-03-30 102823mmmmmmmm.png,mug
data/original_images/headphone/8X3PAW58A5MR.jpg,headphone
data/original_images/binder/412D53U0KWHM.jpg,binder
data/original_images/mug/Screenshot 2022-03-30 102723cccccccccccccccc.png,mug
data/original_images/ballpoint/Q05HQ91B6RRJ.jpg,ballpoint
data/original_images/files/2SMZDLLK146Z.jpg,files
data/original_images/files/2KBAVV1VOFUF.jpg,files
data/original_images/binder/OG6BAGXA1IUU.jpg,binder
data/original_images/binder/N3EZUZO3S07W.jpg,binder
data/original_images/mug/FUQ5DL3NTV7C.jpg,mug
data/original_images/mug/CPTZPMZY0YG6_aug.jpg,mug
data/original_images/headphone/XYFX9LLH67NY.jpg,headphone
data/original_images/mouse/20S3N2R4JIBN.jpg,mouse
data/original_images/binder/SVR8G2L082TJ.jpg,binder
data/original_images/mouse/ZJGAC91OJS0X.jpg,mouse
data/original_images/files/TDNGBK01UTQ6.jpg,files
data/original_images/ballpoint/VN53YEKJYJJ4.jpg,ballpoint
data/original_images/binder/N3EZUZO3S07W_aug.jpg,binder
data/original_images/headphone/images (28).jpeg,headphone
data/original_images/ballpoint/AJ33BPTWOUIF.jpg,ballpoint
data/original_images/mug/images - 2022-03-30T094357.130.jpg,mug
data/original_images/files/BX81LDB9UZ9F.jpg,files
data/original_images/mug/3SNZV0I884OA.jpg,mug
data/original_images/ballpoint/4RBXX8RCIUTI.jpg,ballpoint
data/original_images/mug/ROUY1SKI1V02.jpg,mug
data/original_images/mouse/VV47J6JVXVTZ.jpg,mouse
data/original_images/binder/60V7ZB2BKIX1.jpg,binder
data/original_images/files/TUNJCUDA5QQO.jpg,files
data/original_images/files/FO3AHU1BFZRO.jpg,files
data/original_images/headphone/P46MI1SZBV2E.jpg,headphone
data/original_images/mouse/TACTRQJQV10Y.jpg,mouse
data/original_images/binder/99JAYXPYPINW.jpg,binder
data/original_images/mug/3U32HR1CFSMS.jpg,mug
data/original_images/mug/Screenshot 2022-03-30 102152zzzzzzzzzzzzzzzzzzzzzzzzzzz.png,mug
data/original_images/files/ICYXVLSRQEQM.jpg,files
data/original_images/files/JJSJHXA29OHS.jpg,files
data/original_images/mug/X2WIUMG6HD7U.jpg,mug
data/original_images/files/YWW96YYRKQ6M.jpg,files
data/original_images/ballpoint/6OUBL2B66IVH.jpg,ballpoint
data/original_images/headphone/W5424U5E27JS.jpg,headphone
data/original_images/mouse/BBLP9YL4GK3F.jpg,mouse
data/original_images/ballpoint/9YLJXBVSLDAA.jpg,ballpoint
data/original_images/binder/SDLDWGNQMAVT_aug.jpg,binder
data/original_images/mug/4HI9I9HATYNM.jpg,mug
data/original_images/binder/EF9P9IDY6IID.jpg,binder
data/original_images/ballpoint/UB2IL3DK8FJU.jpg,ballpoint
data/original_images/files/PKOMA06OUHID.jpg,files
data/original_images/ballpoint/36IC34Z6D99K.jpg,ballpoint
data/original_images/files/UU6YNKY1LAZ6.jpg,files
data/original_images/mug/FUQ5DL3NTV7C_aug.jpg,mug
data/original_images/mug/images - 2022-03-30T093958.728.jpg,mug
data/original_images/mug/images - 2022-03-29T160313.585.jpg,mug
data/original_images/mug/QAMSKZF8QINO_aug.jpg,mug
data/original_images/ballpoint/1JB7DDVQNYFT.jpg,ballpoint
data/original_images/mouse/BQARWS4XNB30.jpg,mouse
data/original_images/headphone/E3X6XSMKR98D.jpg,headphone
data/original_images/files/VU90K7FECEW6_aug.jpg,files
data/original_images/mug/Z55BLWXCC52A.jpg,mug
data/original_images/mug/HISA6DKDWN7L_aug.jpg,mug
data/original_images/binder/QIQ07KMK4364_aug.jpg,binder
data/original_images/mouse/I1OB2J08GWJM.jpg,mouse
data/original_images/ballpoint/6CDBSYUZ09V9.jpg,ballpoint
data/original_images/files/ZVBE84A4BOOH.jpg,files
data/original_images/mouse/ICGTGJL2VDBB.jpg,mouse
data/original_images/headphone/695R1DSJ8HMS.jpg,headphone
data/original_images/mug/KHWQCBTJGYZE_aug.jpg,mug
data/original_images/mug/uuuuuuuuuuuu - Copy.png,mug
data/original_images/ballpoint/EK6QETLSXZ0V.jpg,ballpoint
data/original_images/ballpoint/J9AGYAOKBS1Z.jpg,ballpoint
data/original_images/mouse/8JJJO68IKYD8.jpg,mouse
data/original_images/files/KL5UGTUXPH2L.jpg,files
data/original_images/binder/HSECLYXPG8HC.jpg,binder
data/original_images/ballpoint/OL4HO5NVVJUA.jpg,ballpoint
data/original_images/binder/FSLWR1HPG3EK.jpg,binder
data/original_images/binder/JQ4RMT1F8TYE_aug.jpg,binder
data/original_images/headphone/4NAZ45YI2WO7.jpg,headphone
data/original_images/ballpoint/1SJD18UPV9RD.jpg,ballpoint
data/original_images/headphone/9BBVZ2IANYBP.jpg,headphone
data/original_images/mouse/Q73LCQ8EBOFP.jpg,mouse
data/original_images/binder/OXNQT7M57SX8.jpg,binder
data/original_images/ballpoint/IH79LDR59DEA.jpg,ballpoint
data/original_images/files/GXKBDS90034Y.jpg,files
data/original_images/headphone/G61EHK9S2T55.jpg,headphone
data/original_images/mug/images - 2022-03-30T104006.261.jpg,mug
data/original_images/headphone/KLG8RWKHRTMX.jpg,headphone
data/original_images/binder/QDNJH9XQV3F0_aug.jpg,binder
data/original_images/headphone/Y18Q9QV21H4E.jpg,headphone
data/original_images/ballpoint/U0MZA3NYYPW8.jpg,ballpoint
data/original_images/mug/EY62TG8EIZSN.jpg,mug
data/original_images/headphone/4V5VP6QRBNUV_aug.jpg,headphone
data/original_images/files/CRQ0S6NNQN45.jpg,files
data/original_images/binder/N1DOG9LMWKGF.jpg,binder
data/original_images/headphone/COZ9D11ZNDGX_aug.jpg,headphone
data/original_images/headphone/69D3D1P3BN9C_aug.jpg,headphone
data/original_images/files/181KB1O41I30.jpg,files
data/original_images/mouse/5347OOVWPEA6.jpg,mouse
data/original_images/mouse/P52VG9MUPAFD.jpg,mouse
data/original_images/mouse/YKDKBFHTVO9S.jpg,mouse
data/original_images/binder/TZ6MKVWIGN1Q.jpg,binder
data/original_images/headphone/TU9IEIYERG4U_aug.jpg,headphone
data/original_images/headphone/34KP9A7ALH1S.jpg,headphone
data/original_images/files/CUCLDZN6SKJS.jpg,files
data/original_images/binder/PA4Y1EZEDE6L.jpg,binder
data/original_images/files/NULQ2U7FGMXO.jpg,files
data/original_images/ballpoint/D8Z5UEOB3RIT.jpg,ballpoint
data/original_images/mug/GQXZ06Z3RQUY.jpg,mug
data/original_images/ballpoint/JJ2YYPSL7F6V.jpg,ballpoint
data/original_images/headphone/images (44).jpeg,headphone
data/original_images/headphone/images (54).jpeg,headphone
data/original_images/binder/PSWM394RCEKK.jpg,binder
data/original_images/mouse/D57M62ATIYCV.jpg,mouse
data/original_images/mug/images - 2022-03-29T160313.545.jpg,mug
data/original_images/binder/QMP8X6Y4BXB7.jpg,binder
data/original_images/binder/IHYEFONSY0IJ_aug.jpg,binder
data/original_images/headphone/images (97).jpeg,headphone
data/original_images/headphone/D2S1WJNFMY84.jpg,headphone
data/original_images/binder/1F5FRHBK8GLQ.jpg,binder
data/original_images/ballpoint/LV8OS7RRKXDY.jpg,ballpoint
data/original_images/mug/images - 2022-03-29T160313.565.jpg,mug
data/original_images/ballpoint/97VBUWLMHTN1.jpg,ballpoint
data/original_images/mouse/VFJC5UCUZUD8.jpg,mouse
data/original_images/mug/YW05DMA7FPSD.jpg,mug
data/original_images/files/57KBNRGBL65A.jpg,files
data/original_images/files/O02O7JJKH91O.jpg,files
data/original_images/files/F2P4KQGI1ILP.jpg,files
data/original_images/binder/5UPVD5ZL1MIP.jpg,binder
data/original_images/headphone/HM8YA0UVHN8V_aug.jpg,headphone
data/original_images/mug/X6Z4Q9M7CIYU.jpg,mug
data/original_images/ballpoint/4RPZQA3PWETB.jpg,ballpoint
data/original_images/binder/8B023G2ODSKR.jpg,binder
data/original_images/binder/32FP799KEGW0.jpg,binder
data/original_images/binder/2VOYGIKCKQTK.jpg,binder
data/original_images/binder/S8GMUXL3SYST.jpg,binder
data/original_images/binder/E3XWC8L822QV.jpg,binder
data/original_images/mug/images - 2022-03-29T161629.259.jpg,mug
data/original_images/mug/Screenshot 2022-03-30 100912bbbbbbbbbbbbbbbbbbbb.png,mug
data/original_images/ballpoint/VF729YOMFS0F.jpg,ballpoint
data/original_images/ballpoint/QP9VXQBBDSF7.jpg,ballpoint
data/original_images/ballpoint/EHFBT50JN72A.jpg,ballpoint
data/original_images/files/1B34LGH4OG1Y.jpg,files
data/original_images/headphone/T0CT76MF8M6X.jpg,headphone
data/original_images/mug/TJTDFOEDBAVW_aug.jpg,mug
data/original_images/mug/XECH87GDHPFN.jpg,mug
data/original_images/mouse/JK4RTHM80Z10.jpg,mouse
data/original_images/ballpoint/CXVV119S4CP3.jpg,ballpoint
data/original_images/mouse/AM157ZA3YLDR.jpg,mouse
data/original_images/mug/images - 2022-03-30T093844.123.jpg,mug
data/original_images/ballpoint/QTDRABWDGMYE.jpg,ballpoint
data/original_images/mouse/V95Q2X7N1Y43.jpg,mouse
data/original_images/mug/images (37).jpg,mug
data/original_images/ballpoint/G8UJE1S4TUAN.jpg,ballpoint
data/original_images/binder/B90WMUX1IB6V.jpg,binder
data/original_images/mouse/6JREWLQWHWD0.jpg,mouse
data/original_images/binder/MVP90OCWM345.jpg,binder
data/original_images/files/TY2FO70JTE3X.jpg,files
data/original_images/files/1AWXLMC59BM5.jpg,files
data/original_images/mouse/8SU4O370VTW2.jpg,mouse
data/original_images/headphone/images (64).jpeg,headphone
data/original_images/mug/24TE3T8NZT3B.jpg,mug
data/original_images/files/UVW1O81F1UWW.jpg,files
data/original_images/headphone/H3BQ6DCOMAZX.jpg,headphone
data/original_images/mug/zxxxxxxxxxxxxxxxxxxxxxxxxxxxx.png,mug
data/original_images/files/K7QRIX6FVANZ.jpg,files
data/original_images/binder/GSLI5IP4UMEC.jpg,binder
data/original_images/mouse/TDKA6X1E074W.jpg,mouse
data/original_images/ballpoint/0BFNJG3UQEMZ.jpg,ballpoint
data/original_images/headphone/images (58).jpeg,headphone
data/original_images/mug/mmmmmmmmmmmmmm.png,mug
data/original_images/files/OZKE3KUVAHS0.jpg,files
data/original_images/files/49BLGB6O6LS2.jpg,files
data/original_images/binder/BKSNNAQ3UZBP.jpg,binder
data/original_images/files/OZ15BFE5IJUT.jpg,files
data/original_images/binder/L79014NCTTI2.jpg,binder
data/original_images/headphone/images (120).jpeg,headphone
data/original_images/mug/images - 2022-03-30T104112.166.jpg,mug
data/original_images/ballpoint/FKC9P6W7WDOV.jpg,ballpoint
data/original_images/mouse/5TM99EXBF5I0.jpg,mouse
data/original_images/mug/images (1).jpg,mug
data/original_images/binder/MS39VSQXEGJ5_aug.jpg,binder
data/original_images/binder/FPY203B8KB84_aug.jpg,binder
data/original_images/files/XP3POP80ZFB6.jpg,files
data/original_images/binder/Z06S26NQPA89.jpg,binder
data/original_images/ballpoint/K5HQAQ6ZAZOR.jpg,ballpoint
data/original_images/headphone/6SPLDA5349Y9.jpg,headphone
data/original_images/binder/85E5I90HPP08.jpg,binder
data/original_images/headphone/7F0AHJ3PZA5Y.jpg,headphone
data/original_images/headphone/F9IAZXJDBJOH.jpg,headphone
data/original_images/mug/K3ESHWKG9T0S.jpg,mug
data/original_images/ballpoint/X1Z5BE48SYFV.jpg,ballpoint
data/original_images/mug/Q5537FVN7CMV_aug.jpg,mug
data/original_images/ballpoint/2QHPSIL5MT51.jpg,ballpoint
data/original_images/ballpoint/SZ9B7WO90U53.jpg,ballpoint
data/original_images/mug/CT5L1FSOVWA8_aug.jpg,mug
data/original_images/mug/RFHTBCX4YX0A.jpg,mug
data/original_images/ballpoint/0BOT8KQLDM5L.jpg,ballpoint
data/original_images/binder/Z5ORT97VGAS8_aug.jpg,binder
data/original_images/mug/images - 2022-03-30T093740.102.jpg,mug
data/original_images/mouse/4TWJ3STIXPJ6.jpg,mouse
data/original_images/files/11WDHK9JQ2YE.jpg,files
data/original_images/mouse/GK5EYCGII08O.jpg,mouse
data/original_images/files/HA99D0C7LCVA.jpg,files
data/original_images/files/QGU3OETW7OAS_aug.jpg,files
data/original_images/ballpoint/HCV86P0RMZ9N.jpg,ballpoint
data/original_images/mouse/SYXR4QOU12T4.jpg,mouse
data/original_images/mug/NJG2G42IONVX.jpg,mug
data/original_images/ballpoint/F8S0KUQYLQSD.jpg,ballpoint
data/original_images/ballpoint/J8B2T9R1BC7A.jpg,ballpoint
data/original_images/headphone/JVH8GHDVN45U.jpg,headphone
data/original_images/headphone/P4TG704M57NY.jpg,headphone
data/original_images/files/YYDZTFCIZUHT.jpg,files
data/original_images/ballpoint/B0VJTS4BHOK7.jpg,ballpoint
data/original_images/mug/31HNHAN2ZGA8_aug.jpg,mug
data/original_images/mouse/8WFXIPMHJUSB.jpg,mouse
data/original_images/files/ZIV4F0D8GPOY_aug.jpg,files
data/original_images/files/CIT9YJ8EMHWK.jpg,files
data/original_images/mouse/3PU5YBIE20V1.jpg,mouse
data/original_images/headphone/2G9XRAL1GGK0.jpg,headphone
data/original_images/mug/YXPJDEMBE9FZ_aug.jpg,mug
data/original_images/headphone/8L7N0KYZ0D4I.jpg,headphone
data/original_images/files/SYMZF6YJDZHG.jpg,files
data/original_images/mouse/63NZVEHV8RLY.jpg,mouse
data/original_images/mug/EMQ4748FF19P.jpg,mug
data/original_images/mug/VW15QRVOE7FK_aug.jpg,mug
data/original_images/mouse/XTCJ8BZPYV3F.jpg,mouse
data/original_images/headphone/98HS9QOVT68I_aug.jpg,headphone
data/original_images/files/MKX8BSO1481G.jpg,files
data/original_images/mug/UA29KMDI55HN_aug.jpg,mug
data/original_images/mouse/R3TJZIWUEGHZ.jpg,mouse
data/original_images/files/L63V6L86JYL7.jpg,files
data/original_images/mug/L2UVDHZZ2J45.jpg,mug
data/original_images/mug/images - 2022-03-29T160935.672.jpg,mug
data/original_images/mouse/ZCXPDKMHNLKP.jpg,mouse
data/original_images/headphone/G1TNDM7W7XKI.jpg,headphone
data/original_images/binder/NLIX4WS7TWP0.jpg,binder
data/original_images/mug/images - 2022-03-30T094104.990.jpg,mug
data/original_images/files/JWR9PQ4B80QB.jpg,files
data/original_images/ballpoint/WDVR3JWZGUPU.jpg,ballpoint
data/original_images/files/2EAXZXKY7SXO.jpg,files
data/original_images/binder/6SD15GZ92YPD.jpg,binder
data/original_images/ballpoint/GMIT5GUX2C6Z.jpg,ballpoint
data/original_images/binder/OY10A0CWKPWB_aug.jpg,binder
data/original_images/files/QKPUNNLX8CDS_aug.jpg,files
data/original_images/ballpoint/NXYOYJ9SIGWZ.jpg,ballpoint
data/original_images/binder/CH7BNYI8TV12_aug.jpg,binder
data/original_images/binder/U5S3Z6UGFM8R.jpg,binder
data/original_images/ballpoint/W75RPD6H3TO6.jpg,ballpoint
data/original_images/files/0P8TB13OP8JE.jpg,files
data/original_images/binder/J4382LQKFJ26_aug.jpg,binder
data/original_images/files/LNDWIFROFP8B.jpg,files
data/original_images/mug/SRX0QO2S2GU1.jpg,mug
data/original_images/files/KAEGGXLDRHBC.jpg,files
data/original_images/headphone/87I2PQFZH6CY.jpg,headphone
data/original_images/files/ZXBETPMSDFO6.jpg,files
data/original_images/files/9LBB76KRXF1A.jpg,files
data/original_images/mug/DSUGKKTQ0GRX.jpg,mug
data/original_images/headphone/E6P0IZMBRACN.jpg,headphone
data/original_images/binder/93C5T8RP362K.jpg,binder
data/original_images/mug/W7B8LCPXRJCW.jpg,mug
data/original_images/binder/I98Q50NAWVXI.jpg,binder
data/original_images/mouse/H08CNCINZXJI.jpg,mouse
data/original_images/ballpoint/VOGS9LBE05GZ.jpg,ballpoint
data/original_images/binder/E5LM4FUBXQIA.jpg,binder
data/original_images/mug/images - 2022-03-29T161200.994.jpg,mug
data/original_images/headphone/J0L6U4XEAKFL.jpg,headphone
data/original_images/files/ZAZMTSC784K5.jpg,files
data/original_images/headphone/2CED6NFDZDV6_aug.jpg,headphone
data/original_images/files/QB6E26CQUF3G.jpg,files
data/original_images/files/O3JNEQ9V9AQT.jpg,files
data/original_images/ballpoint/ECSMHFY38PQD.jpg,ballpoint
data/original_images/ballpoint/SEFP87K0NP25.jpg,ballpoint
data/original_images/binder/FCGB9AVAQRW8.jpg,binder
data/original_images/mug/images - 2022-03-29T161201.037.jpg,mug
data/original_images/mouse/NBVVJ6G1LQSE.jpg,mouse
data/original_images/mouse/KKKLM604TSAH.jpg,mouse
data/original_images/ballpoint/ZWB1431MHB9C.jpg,ballpoint
data/original_images/mouse/6CYUBIZL4RBG.jpg,mouse
data/original_images/ballpoint/JTYYXUUH8DYS.jpg,ballpoint
data/original_images/mug/YIPJ2RQJH4VU.jpg,mug
data/original_images/mug/8ZICQRDQAFWD.jpg,mug
data/original_images/binder/FPVN0VRRSQ0G.jpg,binder
data/original_images/mouse/FWFIV9X01Q1Z.jpg,mouse
data/original_images/mug/2NQZLZL6XO6O.jpg,mug
data/original_images/mug/AD0JNZRXBD2S.jpg,mug
data/original_images/ballpoint/HYX217BEOCSR.jpg,ballpoint
data/original_images/mouse/WYVR040PGM2W.jpg,mouse
data/original_images/files/KVNS16GU8BLQ.jpg,files
data/original_images/mug/DWZFIYNKD6LA.jpg,mug
data/original_images/ballpoint/RDI2B3A1HH23.jpg,ballpoint
data/original_images/binder/MDTF2P8UEGR4_aug.jpg,binder
data/original_images/binder/JRIQ0LLSDQT2.jpg,binder
data/original_images/ballpoint/WFQ6IXPZJPRU.jpg,ballpoint
data/original_images/mug/images - 2022-03-29T160313.617.jpg,mug
data/original_images/binder/HW6WQOBF9RQP.jpg,binder
data/original_images/binder/85SOXPAZ42RW.jpg,binder
data/original_images/headphone/10PU8CHA68A2_aug.jpg,headphone
data/original_images/files/Y4J7MK9RG5A5.jpg,files
data/original_images/mouse/DEATWQHB3S5P.jpg,mouse
data/original_images/binder/GPZX8O2HKTCF.jpg,binder
data/original_images/mug/3YNAP2TYHI3Q.jpg,mug
data/original_images/mug/Screenshot 2022-03-30 095019xczx.png,mug
data/original_images/binder/812BU92638FG_aug.jpg,binder
data/original_images/ballpoint/1LIABXP7F4VO.jpg,ballpoint
data/original_images/binder/5JN9B5SUYRLE.jpg,binder
data/original_images/mouse/3TR125BFXGTY.jpg,mouse
data/original_images/binder/S9GREKY5H848.jpg,binder
data/original_images/binder/N5U3JWS2VQT3.jpg,binder
data/original_images/mug/images - 2022-03-30T103924.785.jpg,mug
data/original_images/files/ZUYHRE5CP1CE.jpg,files
data/original_images/headphone/YFKWIJ93X5HD.jpg,headphone
data/original_images/mouse/5ON0VO0BJEP4.jpg,mouse
data/original_images/binder/8U6O4UNT5FBG.jpg,binder
data/original_images/binder/NZ8NS1FVKI0O.jpg,binder
data/original_images/mug/95ZSH5EEBCYK.jpg,mug
data/original_images/binder/LCQQ8YRUKD63_aug.jpg,binder
data/original_images/mouse/E9XMF9H9W6KZ.jpg,mouse
data/original_images/binder/L771HQD0OFA8_aug.jpg,binder
data/original_images/mug/W06VXCKM6KIE.jpg,mug
data/original_images/binder/K1OZXPH2IZF4.jpg,binder
data/original_images/files/GLVFON9WVJHD.jpg,files
data/original_images/ballpoint/C55YTP5Y7VLL.jpg,ballpoint
data/original_images/ballpoint/V19TYF1X99B3.jpg,ballpoint
data/original_images/mug/images - 2022-03-29T161200.968.jpg,mug
data/original_images/files/WS4PI0CRNOSE.jpg,files
data/original_images/mug/6EF9PS6I77GQ.jpg,mug
data/original_images/ballpoint/1247E2XC2ABY.jpg,ballpoint
data/original_images/mug/BTCIWDRDQU29.jpg,mug
data/original_images/binder/0W0BHBYFIEP0.jpg,binder
data/original_images/mouse/DRSA6DWKEC45.jpg,mouse
data/original_images/files/02QJA4DJSM9L.jpg,files
data/original_images/mug/UXV42BZZH44F_aug.jpg,mug
data/original_images/ballpoint/VO3O87FRP90Y.jpg,ballpoint
data/original_images/mug/Z4LBY89PFKAQ.jpg,mug
data/original_images/binder/G2ZQEZNMK12I_aug.jpg,binder
data/original_images/files/DZ1TXWUE9HXS.jpg,files
data/original_images/ballpoint/96S9HYC7SDTS.jpg,ballpoint
data/original_images/headphone/4RVMZF9O7V25.jpg,headphone
data/original_images/binder/E1L6AEYCWSKW.jpg,binder
data/original_images/mug/65NFSL90VSQH.jpg,mug
data/original_images/files/DUD9H8NGABTY.jpg,files
data/original_images/ballpoint/XVICFNG3J3GV.jpg,ballpoint
data/original_images/mouse/NDYPOCZC536A.jpg,mouse
data/original_images/files/636CYC23AUK4.jpg,files
data/original_images/binder/E2D9WGW9C1OT.jpg,binder
data/original_images/headphone/5CO6FAWWIA0Y.jpg,headphone
data/original_images/files/W8PYE3RN2MAM.jpg,files
data/original_images/mug/J5B4DCIGR6N7.jpg,mug
data/original_images/mug/images - 2022-03-30T104112.202.jpg,mug
data/original_images/binder/K3B63BCVETEB_aug.jpg,binder
data/original_images/mug/KB01S71PNXC2.jpg,mug
data/original_images/ballpoint/T2T2RDHMN927.jpg,ballpoint
data/original_images/binder/5L0YK3W534WS.jpg,binder
data/original_images/ballpoint/P3WF3LDV0EBI.jpg,ballpoint
data/original_images/mug/images - 2022-03-30T104352.961.jpg,mug
data/original_images/ballpoint/6KFSAJVXQS8O.jpg,ballpoint
data/original_images/files/TOTD3B46WFRG_aug.jpg,files
data/original_images/mug/images - 2022-03-30T104221.105.jpg,mug
data/original_images/files/KRLK01M99OX6.jpg,files
data/original_images/mug/images - 2022-03-30T103924.743 (2).jpg,mug
data/original_images/mug/JKSD2CFVMW3A.jpg,mug
data/original_images/mouse/6IVZSRLZAP81.jpg,mouse
data/original_images/ballpoint/4CAS3DLM7GID.jpg,ballpoint
data/original_images/binder/NWKO8SSJ40V4.jpg,binder
data/original_images/mug/ON7ANZZ9BNBZ.jpg,mug
data/original_images/binder/0HTK6P62XBVK.jpg,binder
data/original_images/binder/IUHF79C1BHFJ.jpg,binder
data/original_images/binder/MF8DA23SY7C9.jpg,binder
data/original_images/headphone/OBTW1Y2Q7S6W_aug.jpg,headphone
data/original_images/headphone/VOGAKLAHOO0G.jpg,headphone
data/original_images/binder/IN6LOC73WWAG.jpg,binder
data/original_images/headphone/R0KUEUTHLDRR.jpg,headphone
data/original_images/mouse/IPHA5PBWGV4K.jpg,mouse
data/original_images/mug/images - 2022-03-30T104112.175.jpg,mug
data/original_images/mug/SM1ULC6R1TA2.jpg,mug
data/original_images/mug/ETA7TUSP23T8_aug.jpg,mug
data/original_images/mug/Q12SKB6WB107_aug.jpg,mug
data/original_images/mouse/IAEDP01Z8HZQ.jpg,mouse
data/original_images/mug/sdddddddddddd.png,mug
data/original_images/headphone/images (86).jpeg,headphone
data/original_images/mug/images - 2022-03-30T103924.745.jpg,mug
data/original_images/binder/UFB8GGNMWSA4.jpg,binder
data/original_images/mug/NS4UFGH6SFYH.jpg,mug
data/original_images/mug/images - 2022-03-29T160935.663.jpg,mug
data/original_images/files/D5CJUHHSRSUJ.jpg,files
data/original_images/files/EF682K66F2AZ.jpg,files
data/original_images/binder/ZXLTFKXWYY7Z.jpg,binder
data/original_images/mug/images (86).jpg,mug
data/original_images/binder/7ZKWSDVJ8HUS.jpg,binder
data/original_images/binder/PE7AY2UZD6WY.jpg,binder
data/original_images/files/P8WHCFKFEMBU.jpg,files
data/original_images/files/W5QSSN8GFGEC.jpg,files
data/original_images/mug/images - 2022-03-29T155402.814.jpg,mug
data/original_images/mouse/P2Y7O4Q4CWQZ.jpg,mouse
data/original_images/mug/Screenshot 2022-03-30 101732vvvvvvvvvv.png,mug
data/original_images/mug/5FQ8IMUNPA3K.jpg,mug
data/original_images/headphone/images (165).jpeg,headphone
data/original_images/mug/76O5KXHN5V26.jpg,mug
data/original_images/binder/FLB75UP4F9BW.jpg,binder
data/original_images/binder/DQYG7VU8ISNB_aug.jpg,binder
data/original_images/binder/A62G71YWVRDD_aug.jpg,binder
data/original_images/binder/K61ZUQIG8YGS.jpg,binder
data/original_images/mug/Screenshot 2022-03-30 095721zzzzz.png,mug
data/original_images/mug/V5E1I3B0E5KM.jpg,mug
data/original_images/ballpoint/0D1GJLWXX1SX.jpg,ballpoint
data/original_images/mouse/V1WVVER347NI.jpg,mouse
data/original_images/mug/8IJOJHRZSPED_aug.jpg,mug
data/original_images/ballpoint/H2URE788MFMF.jpg,ballpoint
data/original_images/mouse/DTZS3NWHSTQL.jpg,mouse
data/original_images/files/U6PCJO37H4VP.jpg,files
data/original_images/mouse/GQ9S2ROQ9FD5.jpg,mouse
data/original_images/headphone/4V5VP6QRBNUV.jpg,headphone
data/original_images/mug/images - 2022-03-29T155402.719.jpg,mug
data/original_images/mug/2ACY8PYMW7EO.jpg,mug
data/original_images/mug/images - 2022-03-29T155402.894.jpg,mug
data/original_images/mouse/PZMA9JRD93FW.jpg,mouse
data/original_images/mug/images (5).jpg,mug
data/original_images/mouse/RTWXV2D2BMRT.jpg,mouse
data/original_images/ballpoint/DI7TT510BHW5.jpg,ballpoint
data/original_images/mug/images - 2022-03-29T155402.511.jpg,mug
data/original_images/binder/YK7X1FAEFWL5.jpg,binder
data/original_images/headphone/O9NOSQR0CMLP.jpg,headphone
data/original_images/mug/QHB6XV7SYDAE.jpg,mug
data/original_images/ballpoint/SA49SNMXVISI.jpg,ballpoint
data/original_images/headphone/images (29).jpeg,headphone
data/original_images/binder/FX6W4H15P3VN.jpg,binder
data/original_images/ballpoint/OGAXO6XF8Z8X.jpg,ballpoint
data/original_images/binder/IA5ALBBN7J3T.jpg,binder
data/original_images/files/S1ZBVGN5PRE8_aug.jpg,files
data/original_images/headphone/image (1).jpeg,headphone
data/original_images/files/XTHYKUIOCK23.jpg,files
data/original_images/binder/97HLO6S7K84N.jpg,binder
data/original_images/mouse/DOFJ86XCI0DF.jpg,mouse
data/original_images/mouse/1VS1K5VZTO2W.jpg,mouse
data/original_images/ballpoint/WAPHHVWSMVEJ.jpg,ballpoint
data/original_images/files/RLBT0VO0ZH8S.jpg,files
data/original_images/binder/CYRXXULOUR52.jpg,binder
data/original_images/mug/Screenshot 2022-03-30 102655sddd.png,mug
data/original_images/mouse/I2KW74DN7WG4.jpg,mouse
data/original_images/mug/images - 2022-03-29T160313.601.jpg,mug
data/original_images/mouse/O8WV699TMN0W.jpg,mouse
data/original_images/mug/CT5L1FSOVWA8.jpg,mug
data/original_images/binder/HOKXF0LFRWX6.jpg,binder
data/original_images/headphone/UG9ZZQITY7FU.jpg,headphone
data/original_images/mug/images - 2022-03-29T161201.033.jpg,mug
data/original_images/mug/images - 2022-03-30T093930.487.jpg,mug
data/original_images/files/Y8WDCQG83KJO_aug.jpg,files
data/original_images/headphone/TW1S7KIJY5WH.jpg,headphone
data/original_images/mouse/9QJJM9J0YIPB.jpg,mouse
data/original_images/files/3WFRG6QOE6GJ.jpg,files
data/original_images/mug/images (14).jpg,mug
data/original_images/mouse/17SPIY0UNX6K.jpg,mouse
data/original_images/ballpoint/CX6RP76TAGBY.jpg,ballpoint
data/original_images/mug/QBQ3JUX6OUR4.jpg,mug
data/original_images/files/UU6YNKY1LAZ6_aug.jpg,files
data/original_images/binder/MA7IY16ABATZ_aug.jpg,binder
data/original_images/headphone/7ROS222IGYH9.jpg,headphone
data/original_images/headphone/images (42).jpeg,headphone
data/original_images/mouse/H61OVR3LQW2V.jpg,mouse
data/original_images/binder/G4B4MCAUB3HN_aug.jpg,binder
data/original_images/files/VYCH3FLRFX2W.jpg,files
data/original_images/mug/Screenshot 2022-03-30 102257wewewew.png,mug
data/original_images/files/VSNTBG6VVW5F.jpg,files
data/original_images/binder/O4UK0BWA9ZSX.jpg,binder
data/original_images/ballpoint/Y7KV07W1DYW9.jpg,ballpoint
data/original_images/files/6KWSYG3J4T6Z.jpg,files
data/original_images/binder/00QLQ0JJJCDZ.jpg,binder
data/original_images/ballpoint/TJ3SX4MR0TA9.jpg,ballpoint
data/original_images/ballpoint/BH49EC18VPC2.jpg,ballpoint
data/original_images/mug/VYQYCMJNY8T6.jpg,mug
data/original_images/binder/JGO6MX1HA9JW.jpg,binder
data/original_images/mouse/6KVIUFI236OT.jpg,mouse
data/original_images/binder/KCWFOX0RAKBU.jpg,binder
data/original_images/ballpoint/XNGUB5Q3V6SZ.jpg,ballpoint
data/original_images/headphone/YTEXTZ1ZJ4ID.jpg,headphone
data/original_images/mug/images (98).jpg,mug
data/original_images/ballpoint/D05KMI6WZGZ7.jpg,ballpoint
data/original_images/binder/76T5F7UBARBT_aug.jpg,binder
data/original_images/mug/TIR3HHXA6XRJ.jpg,mug
data/original_images/ballpoint/K3O83B8RV5GM.jpg,ballpoint
data/original_images/ballpoint/G9PGFWYL6342.jpg,ballpoint
data/original_images/files/QBP7SYUVT814.jpg,files
data/original_images/mouse/C5DEP76DNCLW.jpg,mouse
data/original_images/binder/N1SDD50BSWXK_aug.jpg,binder
data/original_images/mouse/6PCQ4ALC4J78.jpg,mouse
data/original_images/files/X3ST5MOHKNUT.jpg,files
data/original_images/ballpoint/3JYM1YYUS8G4.jpg,ballpoint
data/original_images/binder/NOO43GHB6UTV.jpg,binder
data/original_images/headphone/images (184).jpeg,headphone
data/original_images/mug/T09KL57RYZ9H.jpg,mug
data/original_images/mug/MRZUWD0P483O.jpg,mug
data/original_images/ballpoint/ODX6SI9P2HO6.jpg,ballpoint
data/original_images/mug/FUMGSJRVXBO4_aug.jpg,mug
data/original_images/files/X67E5WNO9D87_aug.jpg,files
data/original_images/files/6RUPII0DVPKM.jpg,files
data/original_images/headphone/6PT9B0XISFIA.jpg,headphone
data/original_images/binder/PM8RYV8YDOH8.jpg,binder
data/original_images/headphone/J7Z0KECI7EIQ_aug.jpg,headphone
data/original_images/mouse/XHFH45NYS5QZ.jpg,mouse
data/original_images/ballpoint/HIPASZKH8M3M.jpg,ballpoint
data/original_images/files/8DCCQQ9OENVQ.jpg,files
data/original_images/headphone/images (49).jpeg,headphone
data/original_images/files/BKXJG26K15GE.jpg,files
data/original_images/mug/images - 2022-03-29T161200.743.jpg,mug
data/original_images/files/W8LE1QIINB5G.jpg,files
data/original_images/ballpoint/KD2TK194K4SF.jpg,ballpoint
data/original_images/ballpoint/ROLZIYTPV6KM.jpg,ballpoint
data/original_images/files/IR48J6CLE9V0.jpg,files
data/original_images/files/JY0G3TC6XA5P.jpg,files
data/original_images/mug/WSM9JI9FQDU6.jpg,mug
data/original_images/mouse/DU9SG4EGGF2L.jpg,mouse
data/original_images/binder/65GW8PXLFWZ9_aug.jpg,binder
data/original_images/headphone/0SJZTOCFB67A.jpg,headphone
data/original_images/ballpoint/U2Y3YWMQFS8B.jpg,ballpoint
data/original_images/binder/O4VISQVRODK7.jpg,binder
data/original_images/mug/images (29).jpg,mug
data/original_images/files/TR3QDYF0TFCH.jpg,files
data/original_images/files/SYADF86SADYQ_aug.jpg,files
data/original_images/mug/images (80).jpg,mug
data/original_images/mouse/Z8N4YQKP22MJ.jpg,mouse
data/original_images/files/Q10GEDC8Z9WS.jpg,files
data/original_images/binder/9SK78X5U7HHY.jpg,binder
data/original_images/binder/PSW9STEIGAQ3.jpg,binder
data/original_images/mug/34UMJ3N96AMK_aug.jpg,mug
data/original_images/mug/Screenshot 2022-03-30 101941999999.png,mug
data/original_images/mug/A7V38ZWOFBNL.jpg,mug
data/original_images/mouse/2RYOLI8TW4EV.jpg,mouse
data/original_images/mouse/ZJNLIRWVAGV3.jpg,mouse
data/original_images/files/DZ6HTDAKS0Z1.jpg,files
data/original_images/binder/SUXK3Q26YV5L.jpg,binder
data/original_images/mug/V9LQIB3RQM3R_aug.jpg,mug
data/original_images/files/WTL8ZGTQK93Y.jpg,files
data/original_images/binder/T4ECTNS531WJ.jpg,binder
data/original_images/files/1FJTSPUO72ZW.jpg,files
data/original_images/files/K69CRPTA6JU4.jpg,files
data/original_images/headphone/images (132).jpeg,headphone
data/original_images/mouse/F6MNIZTB2AC6.jpg,mouse
data/original_images/ballpoint/RRD0F13NPUXO.jpg,ballpoint
data/original_images/headphone/GIT0GUJD1HR4.jpg,headphone
data/original_images/files/12YDMDTCZGI0.jpg,files
data/original_images/ballpoint/FD1KYSB8HBK0.jpg,ballpoint
data/original_images/binder/EUJIBN8OJUBQ.jpg,binder
data/original_images/ballpoint/1D77MRWJVJTJ.jpg,ballpoint
data/original_images/mug/OTTLIHLC0Q7X.jpg,mug
data/original_images/files/G9EGMA1SB4G2.jpg,files
data/original_images/files/OHKMSMA8OWFA.jpg,files
data/original_images/mug/1MINGYW8JQ4P.jpg,mug
data/original_images/binder/T9J67UFRHSD8_aug.jpg,binder
data/original_images/binder/7KNWEFD801AU.jpg,binder
data/original_images/binder/L2ARUMROTVOW.jpg,binder
data/original_images/headphone/BHVWK0LCWB03_aug.jpg,headphone
data/original_images/headphone/BR62VEWQRY1O.jpg,headphone
data/original_images/binder/UG1DB3952G84_aug.jpg,binder
data/original_images/files/XDLJOR9CNM5L.jpg,files
data/original_images/ballpoint/J70DL4XG0QUH.jpg,ballpoint
data/original_images/ballpoint/53ZF956NYBAI.jpg,ballpoint
data/original_images/mouse/6WEQDES5DO07.jpg,mouse
data/original_images/headphone/P7XWSOPP0XBG_aug.jpg,headphone
data/original_images/binder/KMQSYCX1E1UU.jpg,binder
data/original_images/ballpoint/3GYFY7VF5EB5.jpg,ballpoint
data/original_images/ballpoint/ROQUNVSCXAU9.jpg,ballpoint
data/original_images/mug/0U88U58ZSFYV.jpg,mug
data/original_images/mouse/LJR7AXJ0Y4CA.jpg,mouse
data/original_images/headphone/4SWC57H3TYXP.jpg,headphone
data/original_images/ballpoint/NGSY82CIYSOC.jpg,ballpoint
data/original_images/ballpoint/U2BJ24ASCO1G.jpg,ballpoint
data/original_images/files/LUUWBZ7QJ2M8.jpg,files
data/original_images/mouse/6N8ETC498H2W.jpg,mouse
data/original_images/binder/15P7489XWK72.jpg,binder
data/original_images/mouse/PJKC9KTC6U8O.jpg,mouse
data/original_images/binder/TWPG2H256UJM.jpg,binder
data/original_images/binder/D3KN7LSKGUNQ_aug.jpg,binder
data/original_images/files/QT9U6S8ID8QA.jpg,files
data/original_images/mug/OLZYZQLX3XCG.jpg,mug
data/original_images/mouse/7SFDD7SF9GOQ.jpg,mouse
data/original_images/ballpoint/E08G3UISC3IN.jpg,ballpoint
data/original_images/files/G4GM9PFB9GHK.jpg,files
data/original_images/binder/6P310HB2V21K.jpg,binder
data/original_images/headphone/EYB9MKK6BRFT.jpg,headphone
data/original_images/binder/M871EBL65LZN.jpg,binder
data/original_images/ballpoint/SLXH9DO960ML.jpg,ballpoint
data/original_images/mouse/4L8AJKF3NQU8.jpg,mouse
data/original_images/binder/FPJKCMXDNKPX.jpg,binder
data/original_images/ballpoint/UKETV9CCTRVR.jpg,ballpoint
data/original_images/binder/4R9OSURC1IRE.jpg,binder
data/original_images/ballpoint/LAYE2SZL6HF2.jpg,ballpoint
data/original_images/mug/AHFFQJWGUBS8.jpg,mug
data/original_images/headphone/TYL1QOFO786M.jpg,headphone
data/original_images/binder/DJS7HVGMG2CC.jpg,binder
data/original_images/ballpoint/NTGE7SIK4SWU.jpg,ballpoint
data/original_images/binder/K7CY7B5X5MPN.jpg,binder
data/original_images/mug/images - 2022-03-30T093740.007.jpg,mug
data/original_images/mug/images - 2022-03-30T093740.071.jpg,mug
data/original_images/files/WAB6KVEKW0VY.jpg,files
data/original_images/mug/PHUXMBJ2EUKI.jpg,mug
data/original_images/mug/images (88).jpg,mug
data/original_images/files/W4KBNW0CXT1J.jpg,files
data/original_images/binder/ZZZL2R0H3GQJ.jpg,binder
data/original_images/ballpoint/UXX6JKNPSAP1.jpg,ballpoint
data/original_images/files/HKUETM0C3Y1L.jpg,files
data/original_images/files/FI3D9UT936WW.jpg,files
data/original_images/binder/D6N812Y5R40O.jpg,binder
data/original_images/files/MQ1AHB3DLVT0.jpg,files
data/original_images/ballpoint/STI1E3D8GVBU.jpg,ballpoint
data/original_images/mouse/V4ZH82WHN1VV.jpg,mouse
data/original_images/binder/TCQKCXDCS8V3_aug.jpg,binder
data/original_images/ballpoint/MGYPARNNN4OM.jpg,ballpoint
data/original_images/headphone/0JR878FZ9ZQ2.jpg,headphone
data/original_images/mug/PWXG1T2RG75V.jpg,mug
data/original_images/mouse/NWZM6PJ76Z46.jpg,mouse
data/original_images/ballpoint/3GEFMCNBUVTN.jpg,ballpoint
data/original_images/mouse/S4K9F6CGR8ZC.jpg,mouse
data/original_images/ballpoint/834NC8UY8OXK.jpg,ballpoint
data/original_images/mug/images - 2022-03-30T094104.920.jpg,mug
data/original_images/mug/images - 2022-03-30T104257.957.jpg,mug
data/original_images/headphone/08LZP852AZEW_aug.jpg,headphone
data/original_images/files/GXMZ4ZMAYNT7.jpg,files
data/original_images/files/V145IRF2JWV8.jpg,files
data/original_images/files/OSSRRXL0L51A.jpg,files
data/original_images/files/5JH9M5CC8UJW.jpg,files
data/original_images/mouse/YJ8LJDUKCLA7.jpg,mouse
data/original_images/binder/6PLI2YEO5OGK.jpg,binder
data/original_images/files/RCUGWO9V8YKR_aug.jpg,files
data/original_images/ballpoint/4CODGU7ETA5N.jpg,ballpoint
data/original_images/mouse/THP1A4N5JVKC.jpg,mouse
data/original_images/files/1VU1KYDH2XR9.jpg,files
data/original_images/ballpoint/9UYOA3HLYR36.jpg,ballpoint
data/original_images/ballpoint/2X1N5KNOR33G.jpg,ballpoint
data/original_images/files/R8H0BDPLJP8D.jpg,files
data/original_images/headphone/GI3BL18GRVDM.jpg,headphone
data/original_images/files/4N87TWP8UB8R.jpg,files
data/original_images/mug/KJOUVOLQT6RY_aug.jpg,mug
data/original_images/files/K1EJMP4SCCPC.jpg,files
data/original_images/mug/3C9H3FDT0UFJ.jpg,mug
data/original_images/mouse/NTWVFXVKDNDV.jpg,mouse
data/original_images/files/ZUUQJ1OK5LA0.jpg,files
data/original_images/mug/HHGZNWDNNNQ1.jpg,mug
data/original_images/mouse/WDJXN2VYWFWZ.jpg,mouse
data/original_images/mug/VG5N00F3TNL8.jpg,mug
data/original_images/headphone/images (182).jpeg,headphone
data/original_images/files/LA265EDWI4DV.jpg,files
data/original_images/mug/images - 2022-03-30T094105.021.jpg,mug
data/original_images/mug/images - 2022-03-29T161629.243.jpg,mug
data/original_images/headphone/E3TM60NQU8TY_aug.jpg,headphone
data/original_images/headphone/KYHIGY6VEIXC.jpg,headphone
data/original_images/headphone/UQQ6QY7QBJO1_aug.jpg,headphone
data/original_images/binder/G9SQ81NINEE3.jpg,binder
data/original_images/files/IK289BLB66ZL.jpg,files
data/original_images/ballpoint/HL0G18OD3OOK.jpg,ballpoint
data/original_images/ballpoint/93JW4RYZS803.jpg,ballpoint
data/original_images/binder/CC357C6SCZSA.jpg,binder
data/original_images/files/9FRI4AE8YZJS.jpg,files
data/original_images/ballpoint/WRF8NU9CDJYS.jpg,ballpoint
data/original_images/files/Y4W2302OGXR1_aug.jpg,files
data/original_images/headphone/images (76).jpeg,headphone
data/original_images/binder/G2WOAVTPBH18.jpg,binder
data/original_images/headphone/B6ZITEOKITIT.jpg,headphone
data/original_images/mug/images (85).jpg,mug
data/original_images/binder/OU4FJ02F464Y_aug.jpg,binder
data/original_images/files/UJA93ETEYGS7.jpg,files
data/original_images/binder/E2HKY8W7AEVI.jpg,binder
data/original_images/binder/MLGVNUTPZY5H.jpg,binder
data/original_images/files/8HEOV7RKFS35.jpg,files
data/original_images/headphone/FNX8UTMFBTA0_aug.jpg,headphone
data/original_images/mouse/B442DKNACW2G.jpg,mouse
data/original_images/binder/H4V1PFFYHTRI.jpg,binder
data/original_images/binder/D3KN7LSKGUNQ.jpg,binder
data/original_images/mug/86LFWWTKF6K0.jpg,mug
data/original_images/binder/O1W0PSB58ZCA.jpg,binder
data/original_images/binder/53K7GCC0H938.jpg,binder
data/original_images/mug/images - 2022-03-30T103924.745 (2).jpg,mug
data/original_images/binder/TG3WYHHRODJL.jpg,binder
data/original_images/binder/Z9QXCFHI9SOZ.jpg,binder
data/original_images/mug/images (96).jpg,mug
data/original_images/ballpoint/F7HL25XIAH42.jpg,ballpoint
data/original_images/binder/1FBX9LE7JIYH.jpg,binder
data/original_images/mug/images - 2022-03-29T160313.619.jpg,mug
data/original_images/files/S5K5LO587GRO.jpg,files
data/original_images/ballpoint/5OQJCPRTB8I2.jpg,ballpoint
data/original_images/mouse/UVB9YFU1R243.jpg,mouse
data/original_images/mouse/7B0Y9ECZFUKU.jpg,mouse
data/original_images/binder/NUSZMTHRDFCS.jpg,binder
data/original_images/mouse/74LAVJJ017W6.jpg,mouse
data/original_images/binder/2AR3W58WIK2A.jpg,binder
data/original_images/binder/HYDITSTN4AXX.jpg,binder
data/original_images/mug/images (89).jpg,mug
data/original_images/mouse/OII147ZCMI14.jpg,mouse
data/original_images/ballpoint/Z1OY2E5GTADT.jpg,ballpoint
data/original_images/mouse/G8SDNEQ2ULWQ.jpg,mouse
data/original_images/files/I9Z57PXTKJA5.jpg,files
data/original_images/headphone/UUD84BSKBW58.jpg,headphone
data/original_images/mug/images (43).jpg,mug
data/original_images/binder/ISQCCQO2D7VF_aug.jpg,binder
data/original_images/files/P01M8NG1G7AC.jpg,files
data/original_images/binder/9MHSF3LJZS41.jpg,binder
data/original_images/ballpoint/UI80ZME4YNK7.jpg,ballpoint
data/original_images/mug/images - 2022-03-30T094104.952.jpg,mug
data/original_images/ballpoint/28VCEBAGYTMQ.jpg,ballpoint
data/original_images/binder/GPZX8O2HKTCF_aug.jpg,binder
data/original_images/mug/Z3BZX81C79HB.jpg,mug
data/original_images/mouse/V9YP47J9TBN8.jpg,mouse
data/original_images/mouse/FELTCH4IDAWZ.jpg,mouse
data/original_images/files/J4TB726ERD37.jpg,files
data/original_images/mug/38HRMYZ9XNKB.jpg,mug
data/original_images/ballpoint/8AF8UZ4WSYNV.jpg,ballpoint
data/original_images/binder/LRKQ0WPLDORJ.jpg,binder
data/original_images/headphone/images (149).jpeg,headphone
data/original_images/headphone/229N691JNBFZ.jpg,headphone
data/original_images/files/3VWLBJIKXPCT.jpg,files
data/original_images/ballpoint/WEOMYAZYGUF2.jpg,ballpoint
data/original_images/binder/KSWKY0ZSGBSW_aug.jpg,binder
data/original_images/mug/images (11).jpg,mug
data/original_images/mug/GL0YE4MEZ7ZD_aug.jpg,mug
data/original_images/ballpoint/71C1LUWWE8RO.jpg,ballpoint
data/original_images/files/V1DZVDOPQZRP_aug.jpg,files
data/original_images/mouse/KW7H24IA4RZF.jpg,mouse
data/original_images/binder/Q6YHXRWE9XUE_aug.jpg,binder
data/original_images/headphone/S6S3D8N69YU2.jpg,headphone
data/original_images/mug/images - 2022-03-30T094636.104.jpg,mug
data/original_images/files/MZFG2GGKW3U8.jpg,files
data/original_images/binder/NJMI1F7MMB04.jpg,binder
data/original_images/files/SBI1UZY3UICC.jpg,files
data/original_images/headphone/images (2).png,headphone
data/original_images/ballpoint/623WKJM5JIR1.jpg,ballpoint
data/original_images/mug/LDJET3VQBNYE.jpg,mug
data/original_images/mouse/MPLQHG4BQJXX.jpg,mouse
data/original_images/ballpoint/P1YWOR0ZE930.jpg,ballpoint
data/original_images/binder/F2A3E90Z13U7.jpg,binder
data/original_images/files/HJNOK6HVMDJQ.jpg,files
data/original_images/mug/3RC1FYEOQ78A.jpg,mug
data/original_images/ballpoint/YSL1FR13IFF7.jpg,ballpoint
data/original_images/headphone/MG8XIH09CP1Z_aug.jpg,headphone
data/original_images/files/XBP7KQY262EA_aug.jpg,files
data/original_images/mug/images - 2022-03-29T161629.311.jpg,mug
data/original_images/mug/1UANHSVEB31Y.jpg,mug
data/original_images/binder/C1PWTU1KW27X.jpg,binder
data/original_images/binder/Q3WSY8ETJXZH.jpg,binder
data/original_images/files/TKL7BGXP5N8T.jpg,files
data/original_images/mouse/U3W8654GJA2V.jpg,mouse
data/original_images/binder/AGZ31AZWYPZD.jpg,binder
data/original_images/files/3I5BOVW7G3QI.jpg,files
data/original_images/files/ZSI7OBV4GKVJ.jpg,files
data/original_images/ballpoint/Z6NBMS7X86ER.jpg,ballpoint
data/original_images/files/9360TOIG21OD.jpg,files
data/original_images/ballpoint/BVBOJGLKB4VE.jpg,ballpoint
data/original_images/binder/S3252UDZ6SQ6.jpg,binder
data/original_images/binder/S46UIS9F9K37_aug.jpg,binder
data/original_images/ballpoint/5P2QZ75OCQKF.jpg,ballpoint
data/original_images/ballpoint/HV58990X939H.jpg,ballpoint
data/original_images/files/2HSEUND3LC1M.jpg,files
data/original_images/mouse/FIM5KZF0IRS5.jpg,mouse
data/original_images/binder/TS678YR66XBZ.jpg,binder
data/original_images/mouse/ZRMOWOQTGNGY.jpg,mouse
data/original_images/files/VNX5JOGQ7LW0.jpg,files
data/original_images/headphone/images (37).jpeg,headphone
data/original_images/binder/OVKCFBOL6R59.jpg,binder
data/original_images/mug/TS80DKK56OF4.jpg,mug
data/original_images/mug/images (52).jpg,mug
data/original_images/mug/Screenshot 2022-03-30 095045sx.png,mug
data/original_images/binder/ODI8Q0DBZSY9.jpg,binder
data/original_images/mouse/U1YQ6CHGJXR3.jpg,mouse
data/original_images/headphone/GY65P3I7CWZY_aug.jpg,headphone
data/original_images/headphone/images (104).jpeg,headphone
data/original_images/mug/IV8ONVTQI2A8.jpg,mug
data/original_images/binder/N6XMUEZKAR8N_aug.jpg,binder
data/original_images/mouse/RGWEK2O9KD34.jpg,mouse
data/original_images/files/4XY3A3V1LIAF.jpg,files
data/original_images/mug/NJG2G42IONVX_aug.jpg,mug
data/original_images/ballpoint/F6MQQUULHODH.jpg,ballpoint
data/original_images/files/9MP1YAQ1RD4O.jpg,files
data/original_images/binder/4VF4LDAAEAA7.jpg,binder
data/original_images/binder/1IAMIELMIFZK.jpg,binder
data/original_images/binder/YKM2RHCCY4S9.jpg,binder
data/original_images/mug/37FD05CTPABG_aug.jpg,mug
data/original_images/headphone/RPEJZKS8U39R.jpg,headphone
data/original_images/files/PKIXIZ665TTP.jpg,files
data/original_images/mug/images (8).png,mug
data/original_images/mug/UQ08S2SB6JFT.jpg,mug
data/original_images/binder/E2797JTNUIEF.jpg,binder
data/original_images/files/K1ZQUX2HTV3H.jpg,files
data/original_images/files/B532J6GEXSYV.jpg,files
data/original_images/files/CKD0PI8JI7WY.jpg,files
data/original_images/mug/images - 2022-03-30T104352.849.jpg,mug
data/original_images/mouse/0VF9O9GJHDU8.jpg,mouse
data/original_images/ballpoint/ODMXPHFRKX4A.jpg,ballpoint
data/original_images/ballpoint/OSDE6S2Y4VRH.jpg,ballpoint
data/original_images/ballpoint/PSB3XD41HS92.jpg,ballpoint
data/original_images/mug/LK1C8L3TZXQ6.jpg,mug
data/original_images/mug/UTTH25HKT61N.jpg,mug
data/original_images/mouse/8C9PILSPI8L0.jpg,mouse
data/original_images/ballpoint/HJUTXBJ13S0A.jpg,ballpoint
data/original_images/binder/QVH78NCUM1RQ.jpg,binder
data/original_images/ballpoint/AG69WMUNRR21.jpg,ballpoint
data/original_images/ballpoint/5BQ4KW5RTNRM.jpg,ballpoint
data/original_images/mouse/0DVLKXZHYAVT.jpg,mouse
data/original_images/binder/58SKNZT2WB8X.jpg,binder
data/original_images/mug/6GPGS7SYAVS6.jpg,mug
data/original_images/ballpoint/5TRCHUW9NA2A.jpg,ballpoint
data/original_images/headphone/AFLJW3S6S62K.jpg,headphone
data/original_images/ballpoint/F2TMJWB7QJC1.jpg,ballpoint
data/original_images/files/4ZNF1DDVULDP.jpg,files
data/original_images/ballpoint/ZC5VGZO6JFQS.jpg,ballpoint
data/original_images/mouse/ZWSKSCH9C63J.jpg,mouse
data/original_images/mug/3O6H8TG7E6R3.jpg,mug
data/original_images/files/ZHC2SUXV2HIB_aug.jpg,files
data/original_images/binder/ESJCYFY46O7Q.jpg,binder
data/original_images/headphone/L1X3IO4I1UZJ.jpg,headphone
data/original_images/headphone/FQ7TA1ATTZRA.jpg,headphone
data/original_images/mouse/VJZOEZGM5OZF.jpg,mouse
data/original_images/ballpoint/L21HNE7RTN3G.jpg,ballpoint
data/original_images/mouse/1IWR7XV9KKDF.jpg,mouse
data/original_images/headphone/H5JKFTS5SR0G.jpg,headphone
data/original_images/binder/SZHVH298XQGD.jpg,binder
data/original_images/mug/images - 2022-03-30T104257.928.jpg,mug
data/original_images/binder/GG6V5H7BGTKH_aug.jpg,binder
data/original_images/files/YLHQ6IRG5HOX.jpg,files
data/original_images/binder/9Y79RNLC50ZO.jpg,binder
data/original_images/files/7OZC6RGZHALV.jpg,files
data/original_images/headphone/GTQWKB3XUQ8Z.jpg,headphone
data/original_images/binder/PMYOET022MWE.jpg,binder
data/original_images/files/UP5UEGOSUGQX.jpg,files
data/original_images/mug/images - 2022-03-30T093930.409.jpg,mug
data/original_images/ballpoint/7L5OWQZTJMC8.jpg,ballpoint
data/original_images/ballpoint/TSE91F0LKIGY.jpg,ballpoint
data/original_images/binder/0UDIXMG7QBPK.jpg,binder
data/original_images/binder/LHD4UWLK3QQR.jpg,binder
data/original_images/binder/5C1IBIQFT7MZ.jpg,binder
data/original_images/ballpoint/6INID81ZNX8U.jpg,ballpoint
data/original_images/mouse/XVUQEFYEOOGO.jpg,mouse
data/original_images/files/HFSX0Q2GCM8D.jpg,files
data/original_images/mug/BD474I2RA81G.jpg,mug
data/original_images/ballpoint/96FU523MKGT7.jpg,ballpoint
data/original_images/files/46T8OIU5OY2O.jpg,files
data/original_images/headphone/YO7PHNVMMLYA.jpg,headphone
data/original_images/ballpoint/MLK38J5HQXSN.jpg,ballpoint
data/original_images/files/R1TB0ZKJ565O_aug.jpg,files
data/original_images/binder/KWJQOEAK46O3.jpg,binder
data/original_images/mouse/AWM0T4AVIJYT.jpg,mouse
data/original_images/files/4SD34EUANF1L.jpg,files
data/original_images/binder/G9DRC3209GYX.jpg,binder
data/original_images/binder/IWLWI1WKS0HF.jpg,binder
data/original_images/ballpoint/X4AACOA4VWGY.jpg,ballpoint
data/original_images/mouse/Y51AIRPWXEZE.jpg,mouse
data/original_images/mouse/RTYZM50KE1W5.jpg,mouse
data/original_images/files/T31XDTZSD3OS_aug.jpg,files
data/original_images/mug/4F64K9Q536B4.jpg,mug
data/original_images/files/0S6BEBOL1QCR.jpg,files
data/original_images/ballpoint/KHG5HC4KVB7J.jpg,ballpoint
data/original_images/headphone/LZUPF348N74V.jpg,headphone
data/original_images/mug/81KR04W1K2XF.jpg,mug
data/original_images/headphone/L1X3IO4I1UZJ_aug.jpg,headphone
data/original_images/mug/images - 2022-03-29T161200.799.jpg,mug
data/original_images/mug/WPU9WYJZWA37_aug.jpg,mug
data/original_images/ballpoint/J7NOEDZDDN2D.jpg,ballpoint
data/original_images/mouse/PC866JKZ4WXU.jpg,mouse
data/original_images/binder/LQXFIN40T7XS.jpg,binder
data/original_images/mug/images (51).jpg,mug
data/original_images/files/F14RZJL04ESE.jpg,files
data/original_images/mouse/6SUAESRV5RV7.jpg,mouse
data/original_images/mouse/JTMW1EN3XTUH.jpg,mouse
data/original_images/headphone/Z2MPC9FTN4YN.jpg,headphone
data/original_images/binder/IOS2X8PDSR4Q.jpg,binder
data/original_images/ballpoint/SFIAEP4HR61Z.jpg,ballpoint
data/original_images/mouse/X6NHA1PCANDZ.jpg,mouse
data/original_images/headphone/JQVLQ2HWRXS5.jpg,headphone
data/original_images/mouse/8KN1D47HGTT2.jpg,mouse
data/original_images/mouse/BS5AQTUX3VUT.jpg,mouse
data/original_images/binder/P2SOBCXSLOM2_aug.jpg,binder
data/original_images/mouse/804YR3BWDRLX.jpg,mouse
data/original_images/headphone/PCDLPXXP6TDU.jpg,headphone
data/original_images/mug/images (1).png,mug
data/original_images/mug/QENYO1BD07PL_aug.jpg,mug
data/original_images/binder/HE1BZZ7M9YEU.jpg,binder
data/original_images/binder/R861KMV6OAOF.jpg,binder
data/original_images/ballpoint/R4A37AFPCQID.jpg,ballpoint
data/original_images/mug/images - 2022-03-29T160531.839.jpg,mug
data/original_images/files/2BA8154NRLVC.jpg,files
data/original_images/ballpoint/98EHRVXR1HMB.jpg,ballpoint
data/original_images/mouse/YMC20088KN9W.jpg,mouse
data/original_images/mouse/XIJRM624CQU8.jpg,mouse
data/original_images/mouse/E1XCPCCPSEJW.jpg,mouse
data/original_images/mug/E1M6MSAP1CEN_aug.jpg,mug
data/original_images/files/X6HRUPIIOBED_aug.jpg,files
data/original_images/mouse/2XNDESNKJ91L.jpg,mouse
data/original_images/mug/HL84R3B5PF3K.jpg,mug
data/original_images/headphone/TEA3F4O3SUG9.jpg,headphone
data/original_images/files/87HMEWDETWJ4.jpg,files
data/original_images/mouse/EZDV8I1WRPC6.jpg,mouse
data/original_images/mug/images - 2022-03-29T155402.974.jpg,mug
data/original_images/ballpoint/XT2KSBB97LCE.jpg,ballpoint
data/original_images/ballpoint/4KESQE4W42XU.jpg,ballpoint
data/original_images/ballpoint/SZ71MYB61K4G.jpg,ballpoint
data/original_images/files/LLSNC1HL29QC.jpg,files
data/original_images/files/VUVCD285STHD.jpg,files
data/original_images/mug/5IYQVVO1EUII.jpg,mug
data/original_images/headphone/images (74).jpeg,headphone
data/original_images/files/W0YENS6ZWYV6.jpg,files
data/original_images/mouse/BVQ5MTWDVNYK.jpg,mouse
data/original_images/headphone/JJ5PTGTOKNQB_aug.jpg,headphone
data/original_images/mouse/FMQSKP8HSL7K.jpg,mouse
data/original_images/binder/2Y1M2OIO3I4E.jpg,binder
data/original_images/mug/O2F5JFYG02TK.jpg,mug
data/original_images/mouse/XIQP0B00F3G7.jpg,mouse
data/original_images/mouse/KSSJL107XHJM.jpg,mouse
data/original_images/ballpoint/HPNBT5DZFOHK.jpg,ballpoint
data/original_images/headphone/J0J2COE6JVWT.jpg,headphone
data/original_images/mouse/G5Y93TZWG1VS.jpg,mouse
data/original_images/binder/QIQ07KMK4364.jpg,binder
data/original_images/mouse/0G13MB318MET.jpg,mouse
data/original_images/mouse/56PPXFMGCUOW.jpg,mouse
data/original_images/mouse/8KOLMF83PS5U.jpg,mouse
data/original_images/ballpoint/C084XNA1EBXY.jpg,ballpoint
data/original_images/binder/GB0GH8BSO1IE.jpg,binder
data/original_images/ballpoint/7F8Y7HXFZE4M.jpg,ballpoint
data/original_images/binder/05DLRV9SL75E.jpg,binder
data/original_images/headphone/RNBDRMXWHOOU.jpg,headphone
data/original_images/mouse/X1YA51ZRJ87P.jpg,mouse
data/original_images/headphone/GY65P3I7CWZY.jpg,headphone
data/original_images/ballpoint/3QZ19P0BA958.jpg,ballpoint
data/original_images/binder/BVD7UQ0EXSXM.jpg,binder
data/original_images/binder/423YXLIJT4WA.jpg,binder
data/original_images/ballpoint/SHARJO1R4JY5.jpg,ballpoint
data/original_images/files/0R0CDQF2VS1C.jpg,files
data/original_images/mug/images - 2022-03-29T160313.602.jpg,mug
data/original_images/mug/GSMKYQUYY6NV_aug.jpg,mug
data/original_images/binder/3Q1O8Q3PXOTX.jpg,binder
data/original_images/mouse/K7ZYHYK5DDBJ.jpg,mouse
data/original_images/files/DXXFFG5B9BLV.jpg,files
data/original_images/ballpoint/04Z2WOPO2K0O.jpg,ballpoint
data/original_images/binder/6K77B38EPFFA.jpg,binder
data/original_images/files/1YLUKAFUZK5Y.jpg,files
data/original_images/headphone/MZ1ALG3FRYA3.jpg,headphone
data/original_images/mouse/04USRR31RAJ6.jpg,mouse
data/original_images/ballpoint/A09ZEO4VLKP1.jpg,ballpoint
data/original_images/mug/images (21).jpg,mug
data/original_images/mug/AX2T0ODVDCLJ.jpg,mug
data/original_images/ballpoint/L95RUXW533LV.jpg,ballpoint
data/original_images/binder/ODR2NYQC87RP.jpg,binder
data/original_images/binder/UCTMNK9C1DOV.jpg,binder
data/original_images/ballpoint/N21RMFY6A7ZE.jpg,ballpoint
data/original_images/mouse/QZF6KXLZSTDU.jpg,mouse
data/original_images/files/CGZUMIQXO0L7.jpg,files
data/original_images/files/TWRRF5RUK2S1_aug.jpg,files
data/original_images/headphone/HPTPWZPBOZMW.jpg,headphone
data/original_images/files/WOVODE87HP2B_aug.jpg,files
data/original_images/headphone/CRLWWBHSO3CJ.jpg,headphone
data/original_images/binder/Q0VYNAGQE252.jpg,binder
data/original_images/ballpoint/3EPXXM96KGYU.jpg,ballpoint
data/original_images/headphone/AQJDLXUGJA5D_aug.jpg,headphone
data/original_images/mug/RDN39FOTFP9O.jpg,mug
data/original_images/binder/82WIJQ69GAB2.jpg,binder
data/original_images/mouse/TQHAKNWFZ9LP.jpg,mouse
data/original_images/mug/images (84).jpg,mug
data/original_images/mouse/FWBSV48A1T8Y.jpg,mouse
data/original_images/binder/45SAQ3Y7FEAL.jpg,binder
data/original_images/ballpoint/SN6JANK973XX.jpg,ballpoint
data/original_images/mouse/VER5CGDWDBFM.jpg,mouse
data/original_images/files/ELTWO8YBYH3Y.jpg,files
data/original_images/binder/P0QPOCK4VNU1.jpg,binder
data/original_images/files/VLWV5KR025HO.jpg,files
data/original_images/mug/images - 2022-03-30T093740.024.jpg,mug
data/original_images/files/2IHTSUTZUY46.jpg,files
data/original_images/mouse/FNX3JC0EM3ZQ.jpg,mouse
data/original_images/mug/U97RZPG0V3TR.jpg,mug
data/original_images/ballpoint/HJELEVMUMO7U.jpg,ballpoint
data/original_images/mouse/MS53OC93I323.jpg,mouse
data/original_images/headphone/34HW25DC89A4.jpg,headphone
data/original_images/mug/images (48).jpg,mug
data/original_images/mug/images - 2022-03-29T161200.771.jpg,mug
data/original_images/mug/A1R5N3856A3V.jpg,mug
data/original_images/binder/U440VS3UAKLH.jpg,binder
data/original_images/ballpoint/3C8ODCSGLH14.jpg,ballpoint
data/original_images/mug/images - 2022-03-29T155402.496.jpg,mug
data/original_images/mug/images - 2022-03-29T161200.998.jpg,mug
data/original_images/ballpoint/D1XQHXZESU5W.jpg,ballpoint
data/original_images/binder/NI5O9ZQVVXGC_aug.jpg,binder
data/original_images/ballpoint/Z404TO9CLT7O.jpg,ballpoint
data/original_images/mouse/NFI8GMUNU3CS.jpg,mouse
data/original_images/mouse/YXRZLUZWO0GP.jpg,mouse
data/original_images/binder/G0KU4IWW47F6.jpg,binder
data/original_images/binder/TQYRTAO2VFI0_aug.jpg,binder
data/original_images/mug/A30CI0R6RUHV.jpg,mug
data/original_images/headphone/4NAZ45YI2WO7_aug.jpg,headphone
data/original_images/binder/0FNW367OA1K3.jpg,binder
data/original_images/mouse/MESFNM9YEVEP.jpg,mouse
data/original_images/files/7QY63QPIWS6A.jpg,files
data/original_images/mug/INIFGM8SKIC0.jpg,mug
data/original_images/headphone/images (88).jpeg,headphone
data/original_images/mouse/OV2CIYN5JCZG.jpg,mouse
data/original_images/mug/5D2XNPCZUZHZ.jpg,mug
data/original_images/headphone/534FT38QGRZR.jpg,headphone
data/original_images/headphone/images (178).jpeg,headphone
data/original_images/ballpoint/KWVMO3QW405Q.jpg,ballpoint
data/original_images/files/3EMZ35QQ9DJ8.jpg,files
data/original_images/mouse/FM0IPKMUBESN.jpg,mouse
data/original_images/headphone/LGEV78FT0K4L.jpg,headphone
data/original_images/mug/Screenshot 2022-03-30 102756bbbbbbbb.png,mug
data/original_images/ballpoint/LXZJLFNIGDPC.jpg,ballpoint
data/original_images/mouse/9FB0KVNMR0Q2.jpg,mouse
data/original_images/headphone/image (21).jpeg,headphone
data/original_images/mug/images - 2022-03-29T161200.803.jpg,mug
data/original_images/headphone/0KNUNKKFSQM3_aug.jpg,headphone
data/original_images/mug/GQ7MW375NF90_aug.jpg,mug
data/original_images/mug/G0MWLWT7H4ZL.jpg,mug
data/original_images/ballpoint/6UIEM0KOSR9Z.jpg,ballpoint
data/original_images/files/R1S3PZLDVRM6.jpg,files
data/original_images/mug/5NST6YHTUI84.jpg,mug
data/original_images/mouse/KJMOV7IWYR21.jpg,mouse
data/original_images/files/SUFZHCAC0X6Y.jpg,files
data/original_images/mouse/EPSDBYCXM2D4.jpg,mouse
data/original_images/mug/Y02LOG1XZKBR.jpg,mug
data/original_images/mouse/YZUYAROWJQ5J.jpg,mouse
data/original_images/headphone/images (106).jpeg,headphone
data/original_images/mouse/3NDZWUG2U8MH.jpg,mouse
data/original_images/mouse/6RPYZI9BPY0F.jpg,mouse
data/original_images/mug/8LU8QXZMKJNU_aug.jpg,mug
data/original_images/files/U6RR438I811U.jpg,files
data/original_images/ballpoint/EJIU29VTL6DO.jpg,ballpoint
data/original_images/files/S5YEUA8W0AXX.jpg,files
data/original_images/files/C2FFXYCHE3NF.jpg,files
data/original_images/files/O3C0LDGHKIHL.jpg,files
data/original_images/mug/PDXPWOOM6ZM8.jpg,mug
data/original_images/mug/ssssssssssssss.png,mug
data/original_images/headphone/54EY6GT0PZQN.jpg,headphone
data/original_images/mug/images - 2022-03-30T104353.057.jpg,mug
data/original_images/ballpoint/OAWVSYOTA5KG.jpg,ballpoint
data/original_images/headphone/U4HX51C06KQW.jpg,headphone
data/original_images/mug/Z69VR3PVWYG3.jpg,mug
data/original_images/mug/EEWPB9IQBFKA.jpg,mug
data/original_images/files/7VH3EHJ38II0.jpg,files
data/original_images/files/VIZQ7GY16N75.jpg,files
data/original_images/files/2L4CAI91XY9I.jpg,files
data/original_images/files/2TZM6R74SPKQ.jpg,files
data/original_images/ballpoint/KOP7DTPYCKDT.jpg,ballpoint
data/original_images/mouse/7QNBGGK00MZC.jpg,mouse
data/original_images/files/OGLXD7741UUU.jpg,files
data/original_images/mouse/7QR69HQYIGV8.jpg,mouse
data/original_images/binder/P1JMO71QC4MQ_aug.jpg,binder
data/original_images/mouse/1MW8BGQNOI1J.jpg,mouse
data/original_images/mouse/WR9DRXGOSKFG.jpg,mouse
data/original_images/files/R3ZFWNSL4IPW.jpg,files
data/original_images/mouse/O4BR82XAUKU0.jpg,mouse
data/original_images/files/763JLEXVFI1Y.jpg,files
data/original_images/mug/XTQA7DM0DBG8.jpg,mug
data/original_images/mug/Screenshot 2022-03-30 103618.png,mug
data/original_images/mug/cccc.png,mug
data/original_images/ballpoint/6GIM866K8NH9.jpg,ballpoint
data/original_images/ballpoint/ONKYEOUEU96T.jpg,ballpoint
data/original_images/ballpoint/3VQJYFB5CVIT.jpg,ballpoint
data/original_images/files/AFNPBR0PFS54.jpg,files
data/original_images/mug/M6X6040VLE66.jpg,mug
data/original_images/mouse/LBO3UTVIDQOP.jpg,mouse
data/original_images/mouse/W0BYG735J1M2.jpg,mouse
data/original_images/mouse/I71L8KVGQKVS.jpg,mouse
data/original_images/mug/images - 2022-03-30T104257.944.jpg,mug
data/original_images/mug/RF8IS9C9UH0Q.jpg,mug
data/original_images/mug/Screenshot 2022-03-30 100928yyyyyyyyyyyyy.png,mug
data/original_images/mouse/A5G9XL8O487P.jpg,mouse
data/original_images/binder/L3DZBA0CMEZ2.jpg,binder
data/original_images/files/SAXOFBZ2F2B7.jpg,files
data/original_images/mouse/ZIL0590MK1IJ.jpg,mouse
data/original_images/ballpoint/5K6AKEOK645N.jpg,ballpoint
data/original_images/mouse/H3UF3VK46ZLN.jpg,mouse
data/original_images/files/FM5CAGTVGRQ3.jpg,files
data/original_images/mug/THTFQV7AX1SV.jpg,mug
data/original_images/mug/images - 2022-03-30T103924.784.jpg,mug
data/original_images/ballpoint/K7WS0CCHUYCL.jpg,ballpoint
data/original_images/headphone/Q6JKIJ041POV.jpg,headphone
data/original_images/ballpoint/GR8K2A31PS6V.jpg,ballpoint
data/original_images/ballpoint/SSF0F6GGMCU7.jpg,ballpoint
data/original_images/files/SPZB2IBLWHQM.jpg,files
data/original_images/headphone/MG8XIH09CP1Z.jpg,headphone
data/original_images/ballpoint/APY87TD5KWZQ.jpg,ballpoint
data/original_images/binder/ZUCQ6RTF5Y2C.jpg,binder
data/original_images/files/NHFF507ISHFG.jpg,files
data/original_images/mug/images - 2022-03-30T104353.152.jpg,mug
data/original_images/binder/DI275VO92CDW.jpg,binder
data/original_images/headphone/R0W5NFVO5WIH.jpg,headphone
data/original_images/mouse/CSF2RTKGWKHX.jpg,mouse
data/original_images/mouse/N8XST3CUDCU5.jpg,mouse
data/original_images/ballpoint/NDI3JT79FQOF.jpg,ballpoint
data/original_images/mouse/AZUZYO7MJURI.jpg,mouse
data/original_images/headphone/Z2D86X82B8MT.jpg,headphone
data/original_images/files/K2UWT6K8FZIJ.jpg,files
data/original_images/binder/Q032I6IH14MN.jpg,binder
data/original_images/headphone/424ESDMTONRH.jpg,headphone
data/original_images/mug/images - 2022-03-30T104352.854.jpg,mug
data/original_images/binder/YTOTR45NPCYK.jpg,binder
data/original_images/files/E6ELPS8N8697.jpg,files
data/original_images/ballpoint/1PCXYV5LL5M4.jpg,ballpoint
data/original_images/ballpoint/Q91334ELIWLB.jpg,ballpoint
data/original_images/binder/N1DOG9LMWKGF_aug.jpg,binder
data/original_images/mug/images - 2022-03-29T161002.596.jpg,mug
data/original_images/ballpoint/L6D7TNPGZC62.jpg,ballpoint
data/original_images/mug/Screenshot 2022-03-30 100414zzzzxxxxxxxxxxxxx.png,mug
data/original_images/files/6I6ZWOC5W0BL.jpg,files
data/original_images/mug/H70QX9E20MVS.jpg,mug
data/original_images/headphone/images (55).jpeg,headphone
data/original_images/files/61UEDK5N7SO5.jpg,files
data/original_images/binder/OCL21LZBDC57.jpg,binder
data/original_images/headphone/images (173).jpeg,headphone
data/original_images/headphone/W1ORLT9NUCZX_aug.jpg,headphone
data/original_images/binder/LRPY99P3XYQP_aug.jpg,binder
data/original_images/mug/TW1JBWV5KKCU.jpg,mug
data/original_images/mug/images - 2022-03-29T160935.704.jpg,mug
data/original_images/mouse/YILZFAOQZZ50.jpg,mouse
data/original_images/mouse/D96DPTTUUG5Q.jpg,mouse
data/original_images/files/73OCUJV258T2.jpg,files
data/original_images/mouse/MVXU746OM0QO.jpg,mouse
data/original_images/mug/JR90O3V8HEGR.jpg,mug
data/original_images/mouse/7FM5Z4WJ3U9P.jpg,mouse
data/original_images/mug/UXV42BZZH44F.jpg,mug
data/original_images/headphone/E80PMHL6RI9P.jpg,headphone
data/original_images/binder/2ADJWI446R3E.jpg,binder
data/original_images/files/SASNO0KI31HR_aug.jpg,files
data/original_images/mouse/L1KU54NGA1AN.jpg,mouse
data/original_images/files/M9GT3FOVF2NG.jpg,files
data/original_images/files/VOQOK47F621O.jpg,files
data/original_images/headphone/QKDCVH9D5Y9M.jpg,headphone
data/original_images/headphone/FMWTMIJ8Y38J.jpg,headphone
data/original_images/headphone/F5V2H5NFJ1DC.jpg,headphone
data/original_images/binder/L624DISBWZV3.jpg,binder
data/original_images/mouse/PBKSXWKWSJUE.jpg,mouse
data/original_images/binder/E5LM4FUBXQIA_aug.jpg,binder
data/original_images/headphone/6GN6O10G1X3N.jpg,headphone
data/original_images/mug/images - 2022-03-30T104221.111.jpg,mug
data/original_images/files/1YWL55C404QF.jpg,files
data/original_images/ballpoint/WWM7Z8AT634M.jpg,ballpoint
data/original_images/headphone/F9YQLCB7CJ61.jpg,headphone
data/original_images/ballpoint/CT5XHUFNH5M1.jpg,ballpoint
data/original_images/mouse/INCMTFJH4VGC.jpg,mouse
data/original_images/ballpoint/YLL5EWRGMS9D.jpg,ballpoint
data/original_images/headphone/83T7XTM1OXFJ.jpg,headphone
data/original_images/files/0K52WOK9VWN3.jpg,files
data/original_images/ballpoint/73L5KT535S3N.jpg,ballpoint
data/original_images/ballpoint/4NRM6TNCN7HS.jpg,ballpoint
data/original_images/mouse/8WWUJT6D50KI.jpg,mouse
data/original_images/files/DUZDZLHGA4OQ.jpg,files
data/original_images/binder/4B0VM6EIITIJ.jpg,binder
data/original_images/mug/Screenshot 2022-03-30 102140mmmmmmmmmmmmmmmmmmm.png,mug
data/original_images/mug/JXAHTD3TFHHN.jpg,mug
data/original_images/mouse/AKBGS67LNCXJ.jpg,mouse
data/original_images/ballpoint/1USOXCG4Z4AR.jpg,ballpoint
data/original_images/mouse/GKCJN29PUR5X.jpg,mouse
data/original_images/mouse/1OB19ZJKTGNB.jpg,mouse
data/original_images/binder/8U2JVQHT740J.jpg,binder
data/original_images/mouse/HSGDVKJUQI12.jpg,mouse
data/original_images/mouse/KN2D5X0SFLVE.jpg,mouse
data/original_images/ballpoint/NX9XAB5V4KQ5.jpg,ballpoint
data/original_images/binder/SB2JXV92WEGP.jpg,binder
data/original_images/mug/images - 2022-03-29T161629.239.jpg,mug
data/original_images/mug/R58J3OV8U3M2.jpg,mug
data/original_images/binder/1684KUMBT33V.jpg,binder
data/original_images/files/YKNEX3D3MCI4.jpg,files
data/original_images/files/VMUSN847YQXX.jpg,files
data/original_images/ballpoint/SSETOPY5MTJ1.jpg,ballpoint
data/original_images/headphone/images (57).jpeg,headphone
data/original_images/files/X73U95BLK8AW.jpg,files
data/original_images/files/4XYT1TDB45GR.jpg,files
data/original_images/files/R5IMC7DQTJCY.jpg,files
data/original_images/headphone/QKDCVH9D5Y9M_aug.jpg,headphone
data/original_images/headphone/images (169).jpeg,headphone
data/original_images/files/A77F225V2K2F.jpg,files
data/original_images/mug/4H70V36XQ2OR.jpg,mug
data/original_images/headphone/UEHW2EZTVQKQ.jpg,headphone
data/original_images/mouse/67N543IL8MUA.jpg,mouse
data/original_images/ballpoint/UNTVWBD6LEXD.jpg,ballpoint
data/original_images/files/SVSXNP020O8J.jpg,files
data/original_images/mug/images (58).jpg,mug
data/original_images/mouse/VC8GUCDC8O8C.jpg,mouse
data/original_images/ballpoint/SEXI1G1PCYIH.jpg,ballpoint
data/original_images/mouse/PF4PN1A0GZ4K.jpg,mouse
data/original_images/ballpoint/CDI0YDNJKJI5.jpg,ballpoint
data/original_images/binder/OZA6NRE43FBD.jpg,binder
data/original_images/ballpoint/VPXQY8KU1DYU.jpg,ballpoint
data/original_images/headphone/5MQ1V28PPB67_aug.jpg,headphone
data/original_images/ballpoint/JIHJRQ4A3TCC.jpg,ballpoint
data/original_images/files/SJXW2CB6AWOM.jpg,files
data/original_images/mouse/HMF92YVIRW6N.jpg,mouse
data/original_images/ballpoint/Z1J9J8MHWZ9W.jpg,ballpoint
data/original_images/mouse/28EJU4V5LCB5.jpg,mouse
data/original_images/binder/MLRWGH9WPHHV_aug.jpg,binder
data/original_images/binder/GI3P1HZ6LQUZ_aug.jpg,binder
data/original_images/binder/P1AU1NYTGO2R_aug.jpg,binder
data/original_images/ballpoint/49YUH8IOWU4Q.jpg,ballpoint
data/original_images/files/HNS3XYT7GMQ4.jpg,files
data/original_images/mug/W1L7TRCLKV79_aug.jpg,mug
data/original_images/files/QE88W99ZS6B2.jpg,files
data/original_images/files/1PACS5XGO73C.jpg,files
data/original_images/headphone/6WNZ3SR4KN9R_aug.jpg,headphone
data/original_images/files/1SQKXJ6CMWEI.jpg,files
data/original_images/files/5A1QARD6I3YS.jpg,files
data/original_images/ballpoint/KLYPXAMRV770.jpg,ballpoint
data/original_images/mug/images - 2022-03-30T104006.179.jpg,mug
data/original_images/headphone/images (160).jpeg,headphone
data/original_images/mug/WUB7C57Z6KPQ.jpg,mug
data/original_images/files/M6CVQ02NIDM0.jpg,files
data/original_images/headphone/Z16VWZL3ZR8P.jpg,headphone
data/original_images/mouse/CDCQMBVL8W4X.jpg,mouse
data/original_images/ballpoint/TPAUADG2G35E.jpg,ballpoint
data/original_images/binder/LI6DMRH47KNK.jpg,binder
data/original_images/ballpoint/FVDZXOCKX0D2.jpg,ballpoint
data/original_images/binder/7SJAGBNO4W0T.jpg,binder
data/original_images/binder/A10HLWCARM88_aug.jpg,binder
data/original_images/ballpoint/P0KLCJLGL886.jpg,ballpoint
data/original_images/binder/58UA0RG0UK0F.jpg,binder
data/original_images/mouse/69U12BUPDCC7.jpg,mouse
data/original_images/mouse/C36P15U6SC6Z.jpg,mouse
data/original_images/files/XDZ2IID4KO7E.jpg,files
data/original_images/ballpoint/O2G7YHQ17NJR.jpg,ballpoint
data/original_images/files/JIFEI5PZ6VPR.jpg,files
data/original_images/binder/SH0DNQHHJTVR.jpg,binder
data/original_images/binder/N6XMUEZKAR8N.jpg,binder
data/original_images/mug/hhhhhhhhhhhh.png,mug
data/original_images/ballpoint/FB44AV3ROQO2.jpg,ballpoint
data/original_images/mouse/3OPFJ1CV8OQR.jpg,mouse
data/original_images/binder/H9JOCRAFS2RB.jpg,binder
data/original_images/binder/GXSQK1BXPE7C.jpg,binder
data/original_images/headphone/NQ70DNCDKZOT_aug.jpg,headphone
data/original_images/mouse/PEGMRK1BCOHW.jpg,mouse
data/original_images/binder/TLUSYH6PZ21R.jpg,binder
data/original_images/ballpoint/FN7WNEZKFRIK.jpg,ballpoint
data/original_images/headphone/S0O7FHZPDMEC.jpg,headphone
data/original_images/headphone/J161W64DN0DN_aug.jpg,headphone
data/original_images/binder/MQHAPMSHD1KV.jpg,binder
data/original_images/mug/TT056A4LJ9Q2.jpg,mug
data/original_images/binder/I56K06LWJJ60.jpg,binder
data/original_images/mouse/MAAK3XPOPM9S.jpg,mouse
data/original_images/binder/UG1DB3952G84.jpg,binder
data/original_images/ballpoint/TDMO1SLH2L2I.jpg,ballpoint
data/original_images/mug/images - 2022-03-30T094243.301.jpg,mug
data/original_images/files/TCKWK9THKWAT_aug.jpg,files
data/original_images/mug/OJR68ARAR4F3.jpg,mug
data/original_images/headphone/ISG54ZIGM20P.jpg,headphone
data/original_images/mug/X0K6IU7IZO4X.jpg,mug
data/original_images/files/UGBEJCC3ASKK.jpg,files
data/original_images/mug/F6VW5JBNDS3R_aug.jpg,mug
data/original_images/ballpoint/9D40GESD4VBF.jpg,ballpoint
data/original_images/binder/JCEXTKKG88Z9.jpg,binder
data/original_images/ballpoint/1K22I0EBKVLF.jpg,ballpoint
data/original_images/ballpoint/DKOCCHK97D54.jpg,ballpoint
data/original_images/mug/194V82OT2CEA.jpg,mug
data/original_images/files/OYWWH7296BIY.jpg,files
data/original_images/headphone/9PH9KD2S5ABK.jpg,headphone
data/original_images/ballpoint/YOD7TAQM4IG5.jpg,ballpoint
data/original_images/files/70Z1AQRR8FNU.jpg,files
data/original_images/headphone/FBYFB5G29FFZ_aug.jpg,headphone
data/original_images/binder/7CFF54643CNO.jpg,binder
data/original_images/binder/4H90X95HVPGG.jpg,binder
data/original_images/mouse/8V398F6KYG14.jpg,mouse
data/original_images/mug/images (64).jpg,mug
data/original_images/ballpoint/B6E69UXQ45HE.jpg,ballpoint
data/original_images/mouse/BTSB68PYOAGC.jpg,mouse
data/original_images/files/DVGPUL1HVQS3.jpg,files
data/original_images/mug/U4WRQJNQM3DZ.jpg,mug
data/original_images/mug/DLSFMUHIAX08.jpg,mug
data/original_images/headphone/Y4XCAB6R3PN8.jpg,headphone
data/original_images/headphone/T460YXEILS2C_aug.jpg,headphone
data/original_images/files/2FXVLCLRCDC6.jpg,files
data/original_images/ballpoint/D7OJ8EFR7X46.jpg,ballpoint
data/original_images/mouse/YJKANCJ0J59I.jpg,mouse
data/original_images/headphone/images (40).jpeg,headphone
data/original_images/mouse/GZ8NVCH4QJU3.jpg,mouse
data/original_images/binder/B2UERKVKPK9H.jpg,binder
data/original_images/binder/8Q860XR8ZI7H.jpg,binder
data/original_images/mouse/6W4AT252L90R.jpg,mouse
data/original_images/binder/I43Q0FOCBNC6_aug.jpg,binder
data/original_images/headphone/S83UUUQMF7BS.jpg,headphone
data/original_images/binder/N463DDPCW2P7.jpg,binder
data/original_images/mouse/9L5DR1C18C2O.jpg,mouse
data/original_images/binder/G2ZQEZNMK12I.jpg,binder
data/original_images/ballpoint/FX8BY0FMSSUW.jpg,ballpoint
data/original_images/ballpoint/0FTQ3FTJ1SU5.jpg,ballpoint
data/original_images/binder/R2WYFHWWSJE5.jpg,binder
data/original_images/headphone/ZPICCV3JWEE5.jpg,headphone
data/original_images/mug/H9JGAMF9TZBA_aug.jpg,mug
data/original_images/files/O0C2PEBINE4P.jpg,files
data/original_images/ballpoint/6JXGNICEU3EQ.jpg,ballpoint
data/original_images/binder/JR4YFUMFHUWI.jpg,binder
data/original_images/files/DGOC8P9D7D0W.jpg,files
data/original_images/ballpoint/4EASURZNJ7VN.jpg,ballpoint
data/original_images/files/6UQM1EMC8IDX.jpg,files
data/original_images/mug/images - 2022-03-29T160313.642.jpg,mug
data/original_images/mouse/GDBTYQ8AP5SA.jpg,mouse
data/original_images/mouse/S305NJNE0D4K.jpg,mouse
data/original_images/mug/N4C2M41IEFXQ.jpg,mug
data/original_images/binder/D4DO072MCEG3.jpg,binder
data/original_images/headphone/P9CBCTZGICJP_aug.jpg,headphone
data/original_images/ballpoint/0FPUNC0Y0XBM.jpg,ballpoint
data/original_images/binder/EUFOHL1TQ95B.jpg,binder
data/original_images/files/1HO6BWODW2EB.jpg,files
data/original_images/binder/J2J8MR9CJYEV.jpg,binder
data/original_images/binder/B82JNRY16I8V_aug.jpg,binder
data/original_images/mug/images (53).jpg,mug
data/original_images/binder/2O8PC6N147ZL.jpg,binder
data/original_images/headphone/images (30).jpeg,headphone
data/original_images/mug/images - 2022-03-30T094206.806.jpg,mug
data/original_images/files/FB1XJXRSHFBH.jpg,files
data/original_images/ballpoint/Z9C25SJQLO9W.jpg,ballpoint
data/original_images/headphone/NOHJJ1QILOE1.jpg,headphone
data/original_images/mug/images - 2022-03-30T094357.236.jpg,mug
data/original_images/mug/images - 2022-03-29T161200.887.jpg,mug
data/original_images/binder/TRRZ8H3EBF1G.jpg,binder
data/original_images/mouse/G4DCBEVOAGSN.jpg,mouse
data/original_images/mug/8VEYD17V5RMX.jpg,mug
data/original_images/ballpoint/ZJYTUYJPADNL.jpg,ballpoint
data/original_images/mug/ZZOPN33E1W2A.jpg,mug
data/original_images/mug/TEQX8NZIIRY1_aug.jpg,mug
data/original_images/files/AR64UBN3HDA6.jpg,files
data/original_images/mug/Screenshot 2022-03-30 104615mmmmmmmmmmmm.png,mug
data/original_images/mouse/3FJR45JGF6TE.jpg,mouse
data/original_images/mouse/7QTMUUVNK769.jpg,mouse
data/original_images/mug/UHU1V4H6Q8F7.jpg,mug
data/original_images/mouse/QJUHWD4CL0FZ.jpg,mouse
data/original_images/headphone/images (154).jpeg,headphone
data/original_images/files/9IJZ70X8563S.jpg,files
data/original_images/mouse/YY90P70VUYV5.jpg,mouse
data/original_images/mouse/RP123HWTGMQV.jpg,mouse
data/original_images/files/9WT5RWMV2JNB.jpg,files
data/original_images/mug/images - 2022-03-30T103924.651.jpg,mug
data/original_images/mug/images - 2022-03-29T161629.336.jpg,mug
data/original_images/mug/images - 2022-03-29T161629.258.jpg,mug
data/original_images/binder/B9VOJ1F2PDE4_aug.jpg,binder
data/original_images/files/SJOJUC8FJESQ.jpg,files
data/original_images/binder/05DWHS5FRZ6B.jpg,binder
data/original_images/mouse/YAY609G6IG2I.jpg,mouse
data/original_images/ballpoint/JF67JLK5EEK3.jpg,ballpoint
data/original_images/files/U8TFJNPUA4QE.jpg,files
data/original_images/binder/CJSN6D0Y71PY_aug.jpg,binder
data/original_images/mug/DUJFLMXNBGBV_aug.jpg,mug
data/original_images/binder/0NX5REQC9ATW.jpg,binder
data/original_images/mouse/540ZFMW3SGBA.jpg,mouse
data/original_images/mug/images - 2022-03-30T104353.087.jpg,mug
data/original_images/mug/NSNLSB8NIBQP.jpg,mug
data/original_images/mouse/LL5HL6SNWMXI.jpg,mouse
data/original_images/mouse/QZSZOU49EQWN.jpg,mouse
data/original_images/ballpoint/LCIHL19MBP54.jpg,ballpoint
data/original_images/headphone/GVKMU38DUISF.jpg,headphone
data/original_images/binder/CV7TZU4NG7LS.jpg,binder
data/original_images/files/JSN7DL19XI4C.jpg,files
data/original_images/binder/A0Z9KEUU7GAX.jpg,binder
data/original_images/ballpoint/7APH742DDPCL.jpg,ballpoint
data/original_images/mouse/A5L5WUENWKFV.jpg,mouse
data/original_images/binder/G0FKDFZ66DQD_aug.jpg,binder
data/original_images/mouse/XJ7X05MP6S53.jpg,mouse
data/original_images/files/CHWH87DQ5WHT.jpg,files
data/original_images/mug/GCO4HLAB7MRN_aug.jpg,mug
data/original_images/headphone/VT70M9I5942S_aug.jpg,headphone
data/original_images/binder/4V4Y2J81015D.jpg,binder
data/original_images/files/59BX6XNZJFEG.jpg,files
data/original_images/mug/RDN39FOTFP9O_aug.jpg,mug
data/original_images/mug/EQ8TAZJNWAJB_aug.jpg,mug
data/original_images/files/JRYT8CH87BSY.jpg,files
data/original_images/ballpoint/9U9ZNMIUIVZV.jpg,ballpoint
data/original_images/headphone/WNADHO83DJBE.jpg,headphone
data/original_images/ballpoint/15DOMPLXGWNF.jpg,ballpoint
data/original_images/binder/K697QJIM5K2N.jpg,binder
data/original_images/mug/images - 2022-03-30T093844.189.jpg,mug
data/original_images/mouse/ZGIVU241EBOD.jpg,mouse
data/original_images/mouse/YBVYLBDJLMRB.jpg,mouse
data/original_images/ballpoint/4A9AAGEU89HH.jpg,ballpoint
data/original_images/ballpoint/L6YHN1D7PEIH.jpg,ballpoint
data/original_images/mug/YDQ3TCL34REO.jpg,mug
data/original_images/mug/36WN5ENH9UBV.jpg,mug
data/original_images/mug/RLGEYFBTK6KF.jpg,mug
data/original_images/headphone/4RVMZF9O7V25_aug.jpg,headphone
data/original_images/mug/43KIL5VAE8JP_aug.jpg,mug
data/original_images/mug/2MYBENXYQYSC.jpg,mug
data/original_images/ballpoint/SR7DKV04N62H.jpg,ballpoint
data/original_images/headphone/LYXUXCDUL4M7.jpg,headphone
data/original_images/ballpoint/IE6PW69TT7PH.jpg,ballpoint
data/original_images/files/45ZJDX56RXOD.jpg,files
data/original_images/mug/5BMRF0270CT6.jpg,mug
data/original_images/mug/images (24).jpg,mug
data/original_images/headphone/images (18).jpeg,headphone
data/original_images/mug/images (36).jpg,mug
data/original_images/mug/7U4WA5B1S1X0.jpg,mug
data/original_images/files/41KMG8E537PC.jpg,files
data/original_images/ballpoint/FH1J5TF2EFCS.jpg,ballpoint
data/original_images/headphone/IXLJ4HIOPCNP.jpg,headphone
data/original_images/binder/JQY5YFH19URJ.jpg,binder
data/original_images/binder/HPC6P5KXH8JD.jpg,binder
data/original_images/binder/N4L59OKJ8E5Q_aug.jpg,binder
data/original_images/files/P3BFODVXFB05.jpg,files
data/original_images/files/E16UPI3MLXDI.jpg,files
data/original_images/headphone/AXXEH1XMRUVO.jpg,headphone
data/original_images/headphone/VEGI79L3AEJL.jpg,headphone
data/original_images/headphone/0IC835MQF0EM.jpg,headphone
data/original_images/ballpoint/HPF66Z3IIOIC.jpg,ballpoint
data/original_images/mug/2QH1B7AH55MZ.jpg,mug
data/original_images/binder/TUUOWO506GN3_aug.jpg,binder
data/original_images/mug/images - 2022-03-30T094636.108.jpg,mug
data/original_images/mug/PQA8R5S28MWT_aug.jpg,mug
data/original_images/mouse/YW674253G6Q4.jpg,mouse
data/original_images/mug/E9XOI11A2ZPG.jpg,mug
data/original_images/mouse/VLZ4HXHMVCIP.jpg,mouse
data/original_images/mouse/PXYBTPXUYGXM.jpg,mouse
data/original_images/binder/DH09YR99WSWW_aug.jpg,binder
data/original_images/headphone/UD9YD9RS3UUX.jpg,headphone
data/original_images/files/ISZXOGTPQPZH.jpg,files
data/original_images/files/8LC7PJXQX79R.jpg,files
data/original_images/files/VA3HP3JT0YKY.jpg,files
data/original_images/mouse/NO6221HMLMO4.jpg,mouse
data/original_images/mug/images - 2022-03-29T160531.648.jpg,mug
data/original_images/mug/YOCG3J880LHW.jpg,mug
data/original_images/mug/DSM8GD91JZ7X.jpg,mug
data/original_images/files/IREZP0L3KEK2.jpg,files
data/original_images/files/30K1WGKS8Y97.jpg,files
data/original_images/files/P8BKQUUGR6N3.jpg,files
data/original_images/mouse/V7CQDF6X0K96.jpg,mouse
data/original_images/mug/6DSKSSIIR60S.jpg,mug
data/original_images/mouse/7QMPFJHA5K0V.jpg,mouse
data/original_images/mug/images - 2022-03-30T094206.738.jpg,mug
data/original_images/binder/MWGI8R8KI0SV.jpg,binder
data/original_images/mouse/T7CA61XC1LC8.jpg,mouse
data/original_images/mouse/B8AMVQVCKXAQ.jpg,mouse
data/original_images/binder/7G9P1Q78W9S6.jpg,binder
data/original_images/binder/SDVX4Y8WRQXV.jpg,binder
data/original_images/files/EM0S9EDNCWES.jpg,files
data/original_images/ballpoint/BYZ982IUE52M.jpg,ballpoint
data/original_images/files/G4YNNFMPDEOI.jpg,files
data/original_images/ballpoint/ENPWFNPDVUJA.jpg,ballpoint
data/original_images/mouse/JCB54AWDFVZ5.jpg,mouse
data/original_images/mug/X6Z4Q9M7CIYU_aug.jpg,mug
data/original_images/files/TICIFLMWWVT6_aug.jpg,files
data/original_images/headphone/GTQWKB3XUQ8Z_aug.jpg,headphone
data/original_images/mouse/V3GGT8LWW6K4.jpg,mouse
data/original_images/headphone/image (15).jpeg,headphone
data/original_images/binder/A0TGWEM1Q14I.jpg,binder
data/original_images/mouse/C67RYND8KD8W.jpg,mouse
data/original_images/headphone/ON95U4H0ZRCC.jpg,headphone
data/original_images/mouse/4OHZVPQ8WDI2.jpg,mouse
data/original_images/files/VJERNF5W4DA8_aug.jpg,files
data/original_images/binder/QV8ZMSBHV1NR.jpg,binder
data/original_images/mouse/6XC04CHSN7I2.jpg,mouse
data/original_images/ballpoint/H1Q81IC6EUE8.jpg,ballpoint
data/original_images/mouse/CIGO4LW6VOF2.jpg,mouse
data/original_images/headphone/YA82M0SGOL1F.jpg,headphone
data/original_images/files/DDEMDMFFPY61.jpg,files
data/original_images/mug/images - 2022-03-30T104006.151.jpg,mug
data/original_images/mug/TLQYPDML3MU1.jpg,mug
data/original_images/ballpoint/0T4YK1DDOC7Q.jpg,ballpoint
data/original_images/files/9XPA44DDBCDE.jpg,files
data/original_images/mouse/GDKFV618QHXP.jpg,mouse
data/original_images/mouse/A9CWVIJWP4K6.jpg,mouse
data/original_images/ballpoint/3WPB26KXPI51.jpg,ballpoint
data/original_images/ballpoint/ZXZGR2ESNCOY.jpg,ballpoint
data/original_images/files/QCSDYJBC2VH0_aug.jpg,files
data/original_images/ballpoint/U6D7826HAFP9.jpg,ballpoint
data/original_images/ballpoint/TXB4UKOJMPQP.jpg,ballpoint
data/original_images/ballpoint/ZN50Z9HI6MOY.jpg,ballpoint
data/original_images/mouse/MC6IQFSOCHSK.jpg,mouse
data/original_images/mouse/HHU5IXQJ9QYM.jpg,mouse
data/original_images/binder/OQTE14QD5JGR.jpg,binder
data/original_images/binder/3MJ8C5LQ9F8U.jpg,binder
data/original_images/mouse/I2Y7R6NYQNUH.jpg,mouse
data/original_images/mouse/JVT5Q0564EMZ.jpg,mouse
data/original_images/mug/JWNMM8247Z5O_aug.jpg,mug
data/original_images/mug/images (13).jpg,mug
data/original_images/mouse/SIDKW9HACFNN.jpg,mouse
data/original_images/headphone/A10O2JEBWRTU.jpg,headphone
data/original_images/binder/8N2LHCP062K4.jpg,binder
data/original_images/headphone/5HNMEKBQEU4H.jpg,headphone
data/original_images/binder/J4IPRC88ELIM.jpg,binder
data/original_images/files/N4W8RWG0IE7M.jpg,files
data/original_images/binder/CHZC70H95YP6.jpg,binder
data/original_images/ballpoint/ZVNPZNKX36PJ.jpg,ballpoint
data/original_images/binder/ZA0GW6FTDS8K_aug.jpg,binder
data/original_images/ballpoint/ROA361VUD49C.jpg,ballpoint
data/original_images/mouse/QY4TOYZTM6BY.jpg,mouse
data/original_images/binder/68WZHSP0VNZO_aug.jpg,binder
data/original_images/binder/G8ZM6T6RPHFP.jpg,binder
data/original_images/files/1AZABSMELIRF.jpg,files
data/original_images/ballpoint/2UJV26XNZVMZ.jpg,ballpoint
data/original_images/binder/M6HTZB8A9UKA.jpg,binder
data/original_images/headphone/images (137).jpeg,headphone
data/original_images/binder/F1OMLS05BBG3_aug.jpg,binder
data/original_images/mug/images - 2022-03-30T094243.283.jpg,mug
data/original_images/mouse/Q9XDQN45ES0B.jpg,mouse
data/original_images/mouse/KG15HHWHA4U1.jpg,mouse
data/original_images/mug/4W0XJ5HRFXDR.jpg,mug
data/original_images/binder/PEHEHV7R0FNX.jpg,binder
data/original_images/binder/DW4RFB0ZRMAJ.jpg,binder
data/original_images/files/1OAEZEDJ0SQ7.jpg,files
data/original_images/binder/7QMXR9DYG7BE.jpg,binder
data/original_images/mouse/OHSBNKJWBWVZ.jpg,mouse
data/original_images/binder/3K6A9W0EP3AW.jpg,binder
data/original_images/mug/Q9WK9PDGV0XM.jpg,mug
data/original_images/mug/images - 2022-03-30T094243.440.jpg,mug
data/original_images/mug/Screenshot 2022-03-30 095938nnnnnnnnnnnn.png,mug
data/original_images/mug/12D9OET6GTXP.jpg,mug
data/original_images/binder/CD8YJV92WHGJ_aug.jpg,binder
data/original_images/ballpoint/R44K0TKOP6A6.jpg,ballpoint
data/original_images/mouse/B267WM7EBA1I.jpg,mouse
data/original_images/mug/EEFO0WXFRCGW.jpg,mug
data/original_images/binder/SHW84W9EGQW9.jpg,binder
data/original_images/files/YWH2D91EQ0LU.jpg,files
data/original_images/binder/FHH5WH7E97ON.jpg,binder
data/original_images/ballpoint/513RCCEZ8J5I.jpg,ballpoint
data/original_images/files/VKM5K8CFUTE3.jpg,files
data/original_images/mug/bzxxxxxxxx.png,mug
data/original_images/files/9K1M9MC93F77.jpg,files
data/original_images/mug/images (42).jpg,mug
data/original_images/headphone/XSUWEE2CP8KW_aug.jpg,headphone
data/original_images/mug/W2BW38B4PRF9_aug.jpg,mug
data/original_images/headphone/KMEWAGECY3K8_aug.jpg,headphone
data/original_images/headphone/D76IB1SEGRHB.jpg,headphone
data/original_images/ballpoint/61OTX4ZP85CL.jpg,ballpoint
data/original_images/headphone/UHFOFJ2EUNWU.jpg,headphone
data/original_images/mug/images - 2022-03-30T104112.121.jpg,mug
data/original_images/mouse/1BZO6XIWTEQT.jpg,mouse
data/original_images/headphone/images (172).jpeg,headphone
data/original_images/mouse/R3RXM3054ZUI.jpg,mouse
data/original_images/files/2K0MN5W0F6MY.jpg,files
data/original_images/mug/images - 2022-03-29T161629.247.jpg,mug
data/original_images/mouse/U5OMGCFL136W.jpg,mouse
data/original_images/mouse/AKJVUGK4EZG7.jpg,mouse
data/original_images/ballpoint/0NKFJH8MC3SO.jpg,ballpoint
data/original_images/mouse/1E09PGK7SYA9.jpg,mouse
data/original_images/ballpoint/5965UE2Q9PK6.jpg,ballpoint
data/original_images/mug/JQYN1Q3USU3R.jpg,mug
data/original_images/ballpoint/G9HNZFXGGRVJ.jpg,ballpoint
data/original_images/ballpoint/O99STUR9DB76.jpg,ballpoint
data/original_images/files/LEW1NF00XVJE.jpg,files
data/original_images/headphone/88NTIHWSM8PY.jpg,headphone
data/original_images/binder/QMSY6715IGDW_aug.jpg,binder
data/original_images/ballpoint/XNVP4SCLKDRJ.jpg,ballpoint
data/original_images/mouse/3N5A0RYR6JR1.jpg,mouse
data/original_images/binder/TKKEE8QH6EYT.jpg,binder
data/original_images/mug/Screenshot 2022-03-30 102608asdsd.png,mug
data/original_images/mouse/WKFTWUJ63KUW.jpg,mouse
data/original_images/files/H7BI9APD0H9T.jpg,files
data/original_images/headphone/images (103).jpeg,headphone
data/original_images/ballpoint/5W0LTZ6N0HS3.jpg,ballpoint
data/original_images/binder/JEPOJ0A7OQNZ.jpg,binder
data/original_images/mug/4708ZMTMA0WD.jpg,mug
data/original_images/binder/DE2YQN10UXDE_aug.jpg,binder
data/original_images/mug/images - 2022-03-29T155402.808.jpg,mug
data/original_images/files/JAD5XT2RGT5J.jpg,files
data/original_images/files/DOGLCVNFH39V.jpg,files
data/original_images/ballpoint/RN48494POGW0.jpg,ballpoint
data/original_images/mug/YEM14D7L26PD_aug.jpg,mug
data/original_images/files/B6J57INMQ2G2.jpg,files
data/original_images/ballpoint/DZDV7V1ZXH92.jpg,ballpoint
data/original_images/binder/ZXLTFKXWYY7Z_aug.jpg,binder
data/original_images/headphone/MBHTSNXQJ6EC.jpg,headphone
data/original_images/headphone/XMQKHG3DXPNU.jpg,headphone
data/original_images/files/RPA6D33YW0CR.jpg,files
data/original_images/mouse/WR9CZWJE4W9K.jpg,mouse
data/original_images/files/ONAUYYTTVBCN.jpg,files
data/original_images/headphone/CGQL9ZYJQ5MV_aug.jpg,headphone
data/original_images/headphone/05IHYWTGML52.jpg,headphone
data/original_images/binder/3HW55XQI2AV4.jpg,binder
data/original_images/ballpoint/YO77AF95DPVC.jpg,ballpoint
data/original_images/mug/9LP82EXII4BC.jpg,mug
data/original_images/mouse/MIISRM6DX235.jpg,mouse
data/original_images/files/6PYHWL3ZOJR3.jpg,files
data/original_images/mug/A6BIGK4SON9Y.jpg,mug
data/original_images/files/SASNO0KI31HR.jpg,files
data/original_images/mouse/SKMI7Y05OQDS.jpg,mouse
data/original_images/ballpoint/11956SQGDCJE.jpg,ballpoint
data/original_images/headphone/7ELKI381T215.jpg,headphone
data/original_images/binder/OCC1CYAQS6P5_aug.jpg,binder
data/original_images/files/K0AA5DBPCLF9.jpg,files
data/original_images/mouse/OT7TVW4X19EU.jpg,mouse
data/original_images/ballpoint/L4L8A94AT3UD.jpg,ballpoint
data/original_images/mouse/896W17H9JPGW.jpg,mouse
data/original_images/binder/AZMS8B4KQ8NP.jpg,binder
data/original_images/binder/K83LSIXMZ24H_aug.jpg,binder
data/original_images/files/XP8VQISB0RD3.jpg,files
data/original_images/ballpoint/PYUDPSYOE0DN.jpg,ballpoint
data/original_images/binder/MWVJGKDORZXI.jpg,binder
data/original_images/mouse/J1WRVAH7UYLS.jpg,mouse
data/original_images/files/LFQBNMZ2XVDK.jpg,files
data/original_images/mouse/EVUF5ALBS1GW.jpg,mouse
data/original_images/mug/images - 2022-03-30T094357.207.jpg,mug
data/original_images/mug/images.jpg,mug
data/original_images/mug/TCIZQ7YFUB91_aug.jpg,mug
data/original_images/files/WN4H0R78UKTY.jpg,files
data/original_images/mug/IXXA169TDYN0.jpg,mug
data/original_images/files/S5YATX2B181N_aug.jpg,files
data/original_images/ballpoint/B4364XMT6MI6.jpg,ballpoint
data/original_images/ballpoint/2125VSEA59L7.jpg,ballpoint
data/original_images/binder/OUOITXXIZBMW.jpg,binder
data/original_images/mug/PDFIPC80NYQL_aug.jpg,mug
data/original_images/files/C3PAQMCDI4CC.jpg,files
data/original_images/binder/DXGI1DNL8PIH_aug.jpg,binder
data/original_images/ballpoint/5YTL7TERR5KW.jpg,ballpoint
data/original_images/ballpoint/XIKL8L7C9ACY.jpg,ballpoint
data/original_images/mouse/GA4WP271HO0D.jpg,mouse
data/original_images/binder/ZR2CMNN9QOON_aug.jpg,binder
data/original_images/ballpoint/FJ7EQ4415YWW.jpg,ballpoint
data/original_images/ballpoint/DOG6WTNZ2JAL.jpg,ballpoint
data/original_images/files/IMI62XQN857F.jpg,files
data/original_images/mouse/ZW6HGKU0YKBO.jpg,mouse
data/original_images/binder/DIGH4VD3KIDP.jpg,binder
data/original_images/ballpoint/7BJP9TOTASXV.jpg,ballpoint
data/original_images/mouse/PDI2XZ3MGFVN.jpg,mouse
data/original_images/ballpoint/5MXK0A7JB7IJ.jpg,ballpoint
data/original_images/headphone/0FHRDA3DB4QA_aug.jpg,headphone
data/original_images/mouse/DXEPU62BG471.jpg,mouse
data/original_images/headphone/images (128).jpeg,headphone
data/original_images/mouse/1C5PLK3EY97U.jpg,mouse
data/original_images/mug/images - 2022-03-30T104257.878.jpg,mug
data/original_images/mug/images - 2022-03-29T160313.586.jpg,mug
data/original_images/binder/25X1XNBSJ1BE.jpg,binder
data/original_images/headphone/WYVMOV19CAZF_aug.jpg,headphone
data/original_images/headphone/images (131).jpeg,headphone
data/original_images/mug/35ANA38Y2QWO_aug.jpg,mug
data/original_images/mug/images (16).jpg,mug
data/original_images/ballpoint/Y3MB8HVXBPS8.jpg,ballpoint
data/original_images/binder/CECSW9UWCDOU.jpg,binder
data/original_images/binder/BN75EFFS3GDO.jpg,binder
data/original_images/binder/MJ43PNCL6CIE_aug.jpg,binder
data/original_images/headphone/Q9L0GXBQ5XNA.jpg,headphone
data/original_images/headphone/W1ORLT9NUCZX.jpg,headphone
data/original_images/files/R25BD000S9XD.jpg,files
data/original_images/mug/Screenshot 2022-03-30 095343mmmm.png,mug
data/original_images/mouse/S1CNLR8S748Z.jpg,mouse
data/original_images/headphone/H47UGRK779DD_aug.jpg,headphone
data/original_images/mug/images - 2022-03-30T093930.415.jpg,mug
data/original_images/mouse/UK5QP727QE57.jpg,mouse
data/original_images/headphone/image (27).jpeg,headphone
data/original_images/mug/ST3ORXAAK351.jpg,mug
data/original_images/ballpoint/9XWT3KY36V3X.jpg,ballpoint
data/original_images/binder/NJMI1F7MMB04_aug.jpg,binder
data/original_images/files/GH170THS7QVJ.jpg,files
data/original_images/files/DO0JTRXAJBF3.jpg,files
data/original_images/binder/SZHVH298XQGD_aug.jpg,binder
data/original_images/mouse/8STI6NN5PL90.jpg,mouse
data/original_images/mug/Screenshot 2022-03-30 101303zxxxxxxx.png,mug
data/original_images/binder/HJB3TORCAIHJ.jpg,binder
data/original_images/ballpoint/QNOPW1YRBV2B.jpg,ballpoint
data/original_images/binder/812BU92638FG.jpg,binder
data/original_images/files/H1CH1HHBVF8F.jpg,files
data/original_images/headphone/EHAG4SZF1RJZ.jpg,headphone
data/original_images/files/4MYA2K4D9QLA.jpg,files
data/original_images/mouse/FD7JOB5CVW0X.jpg,mouse
data/original_images/mouse/YL1X5EAOEV9D.jpg,mouse
data/original_images/headphone/TYG4QM72CIHF.jpg,headphone
data/original_images/ballpoint/DHO9YPHG922C.jpg,ballpoint
data/original_images/files/4PMH0T1XT0QR.jpg,files
data/original_images/ballpoint/AV14MVNCLIWS.jpg,ballpoint
data/original_images/files/SHOUR2TUVXVX.jpg,files
data/original_images/binder/TWPG2H256UJM_aug.jpg,binder
data/original_images/files/NMUPGGD2I2E0.jpg,files
data/original_images/headphone/KJZ51YLM12B3.jpg,headphone
data/original_images/headphone/images (34).jpeg,headphone
data/original_images/mouse/3NLF4R4L5PPZ.jpg,mouse
data/original_images/mouse/K03UR6TNDEFR.jpg,mouse
data/original_images/ballpoint/YORXOEUPBUUK.jpg,ballpoint
data/original_images/mug/images - 2022-03-30T103924.651 (2).jpg,mug
data/original_images/binder/FDJB3KDQNCNS.jpg,binder
data/original_images/mug/images - 2022-03-29T155402.647.jpg,mug
data/original_images/files/1FF94S0AH6GK.jpg,files
data/original_images/files/UV5N8J6VHCRY.jpg,files
data/original_images/binder/AYUVYRUVWFCG.jpg,binder
data/original_images/binder/TS678YR66XBZ_aug.jpg,binder
data/original_images/ballpoint/XCLFVPZMBL0K.jpg,ballpoint
data/original_images/files/0T0UNRAQ72IS.jpg,files
data/original_images/mug/8USXP74J24GZ_aug.jpg,mug
data/original_images/files/V1TJNEKRE4K4.jpg,files
data/original_images/binder/1Z6H40XIWX5V.jpg,binder
data/original_images/ballpoint/Q7TV64YEOIB9.jpg,ballpoint
data/original_images/mouse/X86W5ZSNHP1A.jpg,mouse
data/original_images/headphone/QAWQ2TXF7BAO.jpg,headphone
data/original_images/ballpoint/TXIR9EZ9ORW9.jpg,ballpoint
data/original_images/binder/IUTAETPLV4HX_aug.jpg,binder
data/original_images/binder/KODCKLUYGABL.jpg,binder
data/original_images/files/376FAIJG96M4.jpg,files
data/original_images/binder/5CM26L07TQIX.jpg,binder
data/original_images/headphone/0GQJR1P9OJDP.jpg,headphone
data/original_images/files/8WITOJ28U488.jpg,files
data/original_images/headphone/J4WSKE1CZODV.jpg,headphone
data/original_images/files/CE4M53QNS1IU.jpg,files
data/original_images/mouse/RHS9VX6H2CJK.jpg,mouse
data/original_images/files/VKM5K8CFUTE3_aug.jpg,files
data/original_images/mouse/D9IGDXJHAKWV.jpg,mouse
data/original_images/binder/QUFTE8YXMNE5.jpg,binder
data/original_images/ballpoint/8S4NQO0IFW2I.jpg,ballpoint
data/original_images/mouse/H53H4ZN4EUAC.jpg,mouse
data/original_images/mouse/5IW9DN40USQG.jpg,mouse
data/original_images/mouse/PMLMK9B66M69.jpg,mouse
data/original_images/headphone/W2G1K2ZTR2C9_aug.jpg,headphone
data/original_images/files/WOJWU6TXDPAI.jpg,files
data/original_images/mouse/5FQX4A4CMAH0.jpg,mouse
data/original_images/files/AAMHYBX81CRN.jpg,files
data/original_images/files/CAPL5VX8Z1TB.jpg,files
data/original_images/files/64ZCUPO9I2EL.jpg,files
data/original_images/binder/L2LIQOYM4O2B_aug.jpg,binder
data/original_images/files/68ZV51K6FJ3C.jpg,files
data/original_images/ballpoint/VCSSDTXY8ULP.jpg,ballpoint
data/original_images/mug/images - 2022-03-30T093844.162.jpg,mug
data/original_images/ballpoint/QK164DPYIV9H.jpg,ballpoint
data/original_images/files/VMUSN847YQXX_aug.jpg,files
data/original_images/ballpoint/V58VTO3ELXBE.jpg,ballpoint
data/original_images/files/YTXZO3TCM93Q_aug.jpg,files
data/original_images/binder/0B7770FILK5W.jpg,binder
data/original_images/binder/8IRDSMCO02TF.jpg,binder
data/original_images/mouse/5I0NV9Y7BF4X.jpg,mouse
data/original_images/binder/TI024AOIO0IM.jpg,binder
data/original_images/mouse/8J5DT0FE9ZYS.jpg,mouse
data/original_images/binder/SFARMOAOM2JW.jpg,binder
data/original_images/binder/CYRXXULOUR52_aug.jpg,binder
data/original_images/mouse/4WX6APWPT2O7.jpg,mouse
data/original_images/mouse/I8C4Q8BTQM1M.jpg,mouse
data/original_images/headphone/KOGQ13DCYYL0_aug.jpg,headphone
data/original_images/mug/9NJC9RIW81HZ.jpg,mug
data/original_images/binder/MSWJGCQMB3LV.jpg,binder
data/original_images/binder/ODGDN5IODATT.jpg,binder
data/original_images/mug/8Q8G97LYV2SW_aug.jpg,mug
data/original_images/binder/CPIDJ7UHULE3.jpg,binder
data/original_images/mug/HXCN5OJV0QYD.jpg,mug
data/original_images/headphone/HDJ4RI9LLGNX.jpg,headphone
data/original_images/mug/SIDH4RTUEMYH.jpg,mug
data/original_images/headphone/images (87).jpeg,headphone
data/original_images/headphone/FKXQEZZUJ9S2.jpg,headphone
data/original_images/files/L6AY9VIAF3Q7.jpg,files
data/original_images/mouse/ZLLI3P6I684L.jpg,mouse
data/original_images/headphone/ZKXBWZ97P2YR.jpg,headphone
data/original_images/binder/BHCQ0C6R9J9J_aug.jpg,binder
data/original_images/mug/7PJTJXOFDCUP_aug.jpg,mug
data/original_images/files/FS0RAT1UBKJJ.jpg,files
data/original_images/files/1SXXB7WZWYAB.jpg,files
data/original_images/mug/Screenshot 2022-03-30 1018540000000000000000000000000 - Copy.png,mug
data/original_images/binder/MO49VQOL3DMJ.jpg,binder
data/original_images/binder/TMHECVGFBRQN.jpg,binder
data/original_images/headphone/7GB5J1SN788O.jpg,headphone
data/original_images/mug/HQ9TXOURM5KC_aug.jpg,mug
data/original_images/mug/3GD2W07S01FM.jpg,mug
data/original_images/headphone/YV7K8EPCSEKD.jpg,headphone
data/original_images/files/0DBKLPMZLDX9.jpg,files
data/original_images/binder/OYGUTN90MLGN_aug.jpg,binder
data/original_images/mug/images - 2022-03-29T160935.711.jpg,mug
data/original_images/files/SZ10ZWRMC9DM_aug.jpg,files
data/original_images/ballpoint/QLWQSGR24LXE.jpg,ballpoint
data/original_images/ballpoint/K56SS9PMW3TS.jpg,ballpoint
data/original_images/binder/KKWY56JVWDWN.jpg,binder
data/original_images/files/U1CGFQM8TRSD.jpg,files
data/original_images/mug/images - 2022-03-30T094707.515.jpg,mug
data/original_images/headphone/RJI7LUN8BDCE_aug.jpg,headphone
data/original_images/headphone/ENI60KVS6AV9.jpg,headphone
data/original_images/mug/images - 2022-03-30T103924.743.jpg,mug
data/original_images/binder/DH09YR99WSWW.jpg,binder
data/original_images/binder/L0GP5JUCNZK0.jpg,binder
data/original_images/binder/PA4Y1EZEDE6L_aug.jpg,binder
data/original_images/mouse/KYXP2T3AZTDB.jpg,mouse
data/original_images/ballpoint/NNHHNUGBUV5Y.jpg,ballpoint
data/original_images/mouse/P1ML7J8K9TAM.jpg,mouse
data/original_images/ballpoint/F3M9OUBFR2DH.jpg,ballpoint
data/original_images/files/ERTKZVK9IHVR.jpg,files
data/original_images/headphone/Q9L5F6PUPOW8_aug.jpg,headphone
data/original_images/mouse/CRZEYH259VMQ.jpg,mouse
data/original_images/ballpoint/7A7DGKFZCFPE.jpg,ballpoint
data/original_images/binder/I9022RJVLKI7_aug.jpg,binder
data/original_images/headphone/QEJT320KY8K3_aug.jpg,headphone
data/original_images/files/9CQCGAW6O97G.jpg,files
data/original_images/binder/ISQCCQO2D7VF.jpg,binder
data/original_images/headphone/8L7N0KYZ0D4I_aug.jpg,headphone
data/original_images/mouse/ALYOUGX7CI59.jpg,mouse
data/original_images/mug/images - 2022-03-29T155402.656.jpg,mug
data/original_images/ballpoint/JZPSFVKW78BK.jpg,ballpoint
data/original_images/headphone/7D4A6KOMLEIR_aug.jpg,headphone
data/original_images/files/Q5YIQSDP4F3H.jpg,files
data/original_images/binder/TT0KS7ZMF3Z7.jpg,binder
data/original_images/binder/AE59MGP08DI4.jpg,binder
data/original_images/mouse/L90G9DMGIL9F.jpg,mouse
data/original_images/mug/CNOHDGZ040X1.jpg,mug
data/original_images/mug/images - 2022-03-30T104352.855.jpg,mug
data/original_images/mug/8FZFFZY031YE.jpg,mug
data/original_images/binder/ZD6TDUD0URPT.jpg,binder
data/original_images/mug/T82ES4A2FQJP.jpg,mug
data/original_images/mouse/BHVB2VXYGPKA.jpg,mouse
data/original_images/ballpoint/NEZJS4O3OED0.jpg,ballpoint
data/original_images/mouse/IR8U0A7WSB0B.jpg,mouse
data/original_images/mouse/MDY9ZOE36L4Q.jpg,mouse
data/original_images/headphone/images (60).jpeg,headphone
data/original_images/files/FKVUEDPRVUCE.jpg,files
data/original_images/files/XAU7WY4PGQT0.jpg,files
data/original_images/binder/3LKC6HQKHIM2.jpg,binder
data/original_images/ballpoint/T89J6ZC2G6Y2.jpg,ballpoint
data/original_images/mouse/WEYU71Z4GPMQ.jpg,mouse
data/original_images/ballpoint/JE8BI1QD0HPO.jpg,ballpoint
data/original_images/ballpoint/OAX9DJPMQA99.jpg,ballpoint
data/original_images/headphone/W7VKKSBNIUDB.jpg,headphone
data/original_images/headphone/DWT2M4U8OA0J.jpg,headphone
data/original_images/binder/0UAO5NMNL34R.jpg,binder
data/original_images/mug/RFUKNTL74CYO.jpg,mug
data/original_images/files/3B6AMBZVVPPE.jpg,files
data/original_images/mouse/2BTD9TNIPGZR.jpg,mouse
data/original_images/mouse/6YHWUDBGHSIP.jpg,mouse
data/original_images/files/2IGFE6KXST93.jpg,files
data/original_images/mug/G0UO2XSND6MC.jpg,mug
data/original_images/files/635W01U8E525.jpg,files
data/original_images/mug/RWC06EAUT626.jpg,mug
data/original_images/binder/7KF017YGVPJ1.jpg,binder
data/original_images/ballpoint/GL8LU4FRHR2Y.jpg,ballpoint
data/original_images/mug/1Q52IEJQ4SML.jpg,mug
data/original_images/files/A3RSQQ1ABQ3Q.jpg,files
data/original_images/headphone/DA7ML6DF7DFN.jpg,headphone
data/original_images/headphone/ETYSZ5QJOHU4.jpg,headphone
data/original_images/mouse/A8RICX9ERSVX.jpg,mouse
data/original_images/mouse/VUU7QGGI20OR.jpg,mouse
data/original_images/binder/QDWTX2OAUPVQ.jpg,binder
data/original_images/mouse/D03VS0J951ZH.jpg,mouse
data/original_images/mug/M6V0DJ4WK84D.jpg,mug
data/original_images/binder/MPRVLW2SMIPB_aug.jpg,binder
data/original_images/headphone/MGSRTW02XBB2_aug.jpg,headphone
data/original_images/ballpoint/X33QLJVS6GYS.jpg,ballpoint
data/original_images/mouse/AANG90VKSKM4.jpg,mouse
data/original_images/binder/2HTOH1YFK470.jpg,binder
data/original_images/files/YOBUV6T8CFZ2.jpg,files
data/original_images/files/RV2AIS7R64M1.jpg,files
data/original_images/mug/images - 2022-03-29T160531.736.jpg,mug
data/original_images/binder/GF0V0NOKPF45.jpg,binder
data/original_images/ballpoint/34AO3TM6EZAO.jpg,ballpoint
data/original_images/mouse/KAEK2GY4CXO7.jpg,mouse
data/original_images/binder/ORRWM7J4NFV4.jpg,binder
data/original_images/binder/1ARD17JGMN1O.jpg,binder
data/original_images/ballpoint/22U78PV80I3A.jpg,ballpoint
data/original_images/mouse/ERFX3D2ZPU01.jpg,mouse
data/original_images/mouse/R8QANZDDAPIM.jpg,mouse
data/original_images/ballpoint/BZJG0ZZVYTCN.jpg,ballpoint
data/original_images/files/XCG0EJIXEODE.jpg,files
data/original_images/mouse/QMRXJ208ZIM0.jpg,mouse
data/original_images/binder/QDJEJPEDI4BL_aug.jpg,binder
data/original_images/mouse/A7M7KJ317CE7.jpg,mouse
data/original_images/binder/89RSQ1PO5OT5.jpg,binder
data/original_images/headphone/3ODCJHCUCQ6Z_aug.jpg,headphone
data/original_images/mouse/Y1A1CDF72H12.jpg,mouse
data/original_images/binder/A9IVIFUH7KR8.jpg,binder
data/original_images/binder/7553D9IUULQF.jpg,binder
data/original_images/files/D6ZBX3YECHOT.jpg,files
data/original_images/ballpoint/G5V7ROEA49FZ.jpg,ballpoint
data/original_images/ballpoint/R0RFORNWN84Y.jpg,ballpoint
data/original_images/ballpoint/ERWDXSA8KWVX.jpg,ballpoint
data/original_images/ballpoint/O2ILWSKE1D77.jpg,ballpoint
data/original_images/ballpoint/FECLLL46RDT1.jpg,ballpoint
data/original_images/ballpoint/ANOVQLKAW20A.jpg,ballpoint
data/original_images/mug/SEK9AZM42OJV.jpg,mug
data/original_images/binder/N87SP5FA3ZSI_aug.jpg,binder
data/original_images/ballpoint/RNNG1EJZXSC0.jpg,ballpoint
data/original_images/mouse/3PSDL0THMTAD.jpg,mouse
data/original_images/files/YD2EARQNQ5EV.jpg,files
data/original_images/headphone/7YHN9EDNR4ZW_aug.jpg,headphone
data/original_images/files/QF0I3NT3H132_aug.jpg,files
data/original_images/files/D5MA2LA84BB7.jpg,files
data/original_images/binder/I9022RJVLKI7.jpg,binder
data/original_images/ballpoint/JAEZC34B642U.jpg,ballpoint
data/original_images/mug/images - 2022-03-30T094243.292.jpg,mug
data/original_images/mug/images - 2022-03-30T094243.436.jpg,mug
data/original_images/binder/DNHWUIZMVQ0I.jpg,binder
data/original_images/mug/images (67).jpg,mug
data/original_images/mug/images - 2022-03-30T094105.022.jpg,mug
data/original_images/mug/5X14CA103BHK.jpg,mug
data/original_images/headphone/UUD84BSKBW58_aug.jpg,headphone
data/original_images/mouse/51FUGV0RREAU.jpg,mouse
data/original_images/binder/E2HKY8W7AEVI_aug.jpg,binder
data/original_images/headphone/FKG4DP4UBSYV.jpg,headphone
data/original_images/mug/images - 2022-03-29T160935.703.jpg,mug
data/original_images/mug/IW82MKFQOFPD_aug.jpg,mug
data/original_images/binder/ZIAGAUOEVAM4.jpg,binder
data/original_images/ballpoint/WEI5LSNQX2PO.jpg,ballpoint
data/original_images/headphone/D7THWWR2YBIC.jpg,headphone
data/original_images/mouse/1T8TN2A7JHX0.jpg,mouse
data/original_images/ballpoint/SWY39T6XBXME.jpg,ballpoint
data/original_images/headphone/NPTSUBBG76G2.jpg,headphone
data/original_images/mouse/4D6FHQJQJM00.jpg,mouse
data/original_images/mouse/YB7T4MH6ZUD8.jpg,mouse
data/original_images/ballpoint/AOO6RR0F80OP.jpg,ballpoint
data/original_images/headphone/F5T3I7I45VUF.jpg,headphone
data/original_images/binder/AZMS8B4KQ8NP_aug.jpg,binder
data/original_images/ballpoint/1SNKLMI81NQJ.jpg,ballpoint
data/original_images/headphone/2CED6NFDZDV6.jpg,headphone
data/original_images/headphone/DS97KWYRQXPH_aug.jpg,headphone
data/original_images/files/1HKOZTR8FZV9.jpg,files
data/original_images/mug/images (78).jpg,mug
data/original_images/mug/LD7HN1MQT25S.jpg,mug
data/original_images/binder/2NV0IPAU05U3.jpg,binder
data/original_images/headphone/10PU8CHA68A2.jpg,headphone
data/original_images/mouse/5IZ0SCRZHMCT.jpg,mouse
data/original_images/binder/CQLOZPEHWIYY.jpg,binder
data/original_images/ballpoint/JVTCPBGZ0T0Q.jpg,ballpoint
data/original_images/mouse/G48F2FQP5U7C.jpg,mouse
data/original_images/ballpoint/SIEZSRQKW07H.jpg,ballpoint
data/original_images/ballpoint/YJQD8ZDP2G9P.jpg,ballpoint
data/original_images/mouse/UPM45BW66E0J.jpg,mouse
data/original_images/headphone/images (46).jpeg,headphone
data/original_images/mouse/78ACEOHIDUGX.jpg,mouse
data/original_images/mug/images - 2022-03-29T161200.800.jpg,mug
data/original_images/headphone/0ZPYPPV0SPZN.jpg,headphone
data/original_images/headphone/9O78QRD0T7QA.jpg,headphone
data/original_images/mug/QUCAYCVRMQBB.jpg,mug
data/original_images/binder/Z5K1PA2FHBFD_aug.jpg,binder
data/original_images/headphone/WH1XYJENCD6D.jpg,headphone
data/original_images/mug/VNSIATSFFZH3.jpg,mug
data/original_images/mouse/3K5JXYCWMHVX.jpg,mouse
data/original_images/mouse/EQ5S4NXJPNUP.jpg,mouse
data/original_images/mouse/8ED6PIS6H6GZ.jpg,mouse
data/original_images/binder/3QCL77MYUW49.jpg,binder
data/original_images/mouse/7OM1C1NHOJDI.jpg,mouse
data/original_images/ballpoint/P372APUNKZ69.jpg,ballpoint
data/original_images/mouse/LKJKV222KI1I.jpg,mouse
data/original_images/headphone/PFQ6W6VD13D0.jpg,headphone
data/original_images/files/272LO6RL8SG5.jpg,files
data/original_images/binder/4H15VIGAD7Q4.jpg,binder
data/original_images/ballpoint/MDXJFL1V4228.jpg,ballpoint
data/original_images/binder/9CLF8WKXDBRX.jpg,binder
data/original_images/ballpoint/DP3TONDRY3CM.jpg,ballpoint
data/original_images/mug/images - 2022-03-30T103924.755.jpg,mug
data/original_images/mug/ANNQ6OL07C5F.jpg,mug
data/original_images/ballpoint/YAVM5XYMPMHV.jpg,ballpoint
data/original_images/ballpoint/ZSZKPG9A9642.jpg,ballpoint
data/original_images/ballpoint/7VHGHKR6WDJX.jpg,ballpoint
data/original_images/headphone/MQOHJ6SGILD4_aug.jpg,headphone
data/original_images/ballpoint/SYRN56HGA7VI.jpg,ballpoint
data/original_images/mouse/LEGR3SMQOJLL.jpg,mouse
data/original_images/mug/QD10SWOMITJP.jpg,mug
data/original_images/binder/91DTRMHA6RLC.jpg,binder
data/original_images/binder/FCNRL4XKCACQ.jpg,binder
data/original_images/mug/4SIETPAS5P15.jpg,mug
data/original_images/mug/W9A736IVX8B5.jpg,mug
data/original_images/mug/V6CDXUVN60RT_aug.jpg,mug
data/original_images/ballpoint/WRS9DQDJFB6S.jpg,ballpoint
data/original_images/ballpoint/I6G0Z7FEUBEU.jpg,ballpoint
data/original_images/headphone/QHA6FGID9OAN.jpg,headphone
data/original_images/mug/7U4T5O1FLFO9_aug.jpg,mug
data/original_images/files/0IVFETQ676BT.jpg,files
data/original_images/mug/S0ZNB4KTX3ST_aug.jpg,mug
data/original_images/mouse/11L5JTMACIV0.jpg,mouse
data/original_images/binder/5LPIGY6G6JX8.jpg,binder
data/original_images/mug/images - 2022-03-30T093958.671.jpg,mug
data/original_images/ballpoint/NEL9OV4MP3IE.jpg,ballpoint
data/original_images/files/5CVVP4ATVH3Y.jpg,files
data/original_images/mug/images.png,mug
data/original_images/ballpoint/KEMB42HB6H3T.jpg,ballpoint
data/original_images/ballpoint/6P1KLB5BPYV2.jpg,ballpoint
data/original_images/mug/NFMEES3SVP9I.jpg,mug
data/original_images/mug/S4VZNMQENYZQ_aug.jpg,mug
data/original_images/mug/images (7).jpg,mug
data/original_images/headphone/91EYLVVDJH0L.jpg,headphone
data/original_images/binder/P2SOBCXSLOM2.jpg,binder
data/original_images/mug/BKD617S8WVR3.jpg,mug
data/original_images/files/T7KI9VO6NBS3_aug.jpg,files
data/original_images/mouse/4UT1LA0D9TUM.jpg,mouse
data/original_images/files/479VFQJNRNUX.jpg,files
data/original_images/mug/images - 2022-03-30T093844.145.jpg,mug
data/original_images/mouse/AMH0TBW28ZR9.jpg,mouse
data/original_images/ballpoint/Z5ZDO3DQFPD2.jpg,ballpoint
data/original_images/files/7NE6Q1A03P2G.jpg,files
data/original_images/mouse/6UWVXEO4ISSM.jpg,mouse
data/original_images/headphone/images (7).jpeg,headphone
data/original_images/mouse/REWRREP3US14.jpg,mouse
data/original_images/mouse/1HRTKUEVVC0O.jpg,mouse
data/original_images/ballpoint/C7N5241O28HH.jpg,ballpoint
data/original_images/mug/Screenshot 2022-03-30 100952mmmmmmmmmmmmmmmm.png,mug
data/original_images/ballpoint/KGKXWCB2XMIP.jpg,ballpoint
data/original_images/files/WKZ2GJFP840U_aug.jpg,files
data/original_images/mouse/B9D00LYTDD01.jpg,mouse
data/original_images/files/X07T061J06WP.jpg,files
data/original_images/headphone/images (12).jpeg,headphone
data/original_images/headphone/images (45).jpeg,headphone
data/original_images/ballpoint/8V31HQJ2AMQP.jpg,ballpoint
data/original_images/files/EIXXBGMYVGMZ.jpg,files
data/original_images/ballpoint/TD3RM8D79QF3.jpg,ballpoint
data/original_images/binder/E969CO3FMLKA.jpg,binder
data/original_images/mouse/BQ5OZJLBSNP4.jpg,mouse
data/original_images/binder/YWK779DAE2PI.jpg,binder
data/original_images/mug/EEUV1241E0UI.jpg,mug
data/original_images/headphone/VT70M9I5942S.jpg,headphone
data/original_images/binder/IP481TPFPLOB.jpg,binder
data/original_images/mug/images - 2022-03-29T161629.246.jpg,mug
data/original_images/mouse/A5680AT8H3Y0.jpg,mouse
data/original_images/mug/DD7KXY6ZSIHD.jpg,mug
data/original_images/ballpoint/S12OZBUKTZ8S.jpg,ballpoint
data/original_images/binder/CN33MVSQV28B.jpg,binder
data/original_images/binder/2DPZL55ER9M4.jpg,binder
data/original_images/binder/B25A9ZGYXR1E.jpg,binder
data/original_images/files/SPQRXB2NT48G.jpg,files
data/original_images/mouse/5TRPCBEBJTQI.jpg,mouse
data/original_images/headphone/FHX9JWAPXHFG.jpg,headphone
data/original_images/files/RXJL9FRZDUTD.jpg,files
data/original_images/binder/HPC6P5KXH8JD_aug.jpg,binder
data/original_images/mug/images - 2022-03-30T094206.801.jpg,mug
data/original_images/ballpoint/74GFOVW06X5O.jpg,ballpoint
data/original_images/binder/DMFJ6E0C905F.jpg,binder
data/original_images/mouse/72VCIB9SU1X4.jpg,mouse
data/original_images/ballpoint/1C1GM3MJ9C3F.jpg,ballpoint
data/original_images/mug/THTFQV7AX1SV_aug.jpg,mug
data/original_images/files/MHB9CIU720KS.jpg,files
data/original_images/files/BURVKE5BWYJG.jpg,files
data/original_images/mug/FW6DKNSXLGHQ_aug.jpg,mug
data/original_images/ballpoint/RVVHIBGRTY40.jpg,ballpoint
data/original_images/ballpoint/QJREL1U1HX63.jpg,ballpoint
data/original_images/headphone/L7PB7VT9Y0EC.jpg,headphone
data/original_images/mouse/JRHSFI2706AF.jpg,mouse
data/original_images/ballpoint/KLYJUVT2M3SW.jpg,ballpoint
data/original_images/headphone/LA8JCYIY85DW_aug.jpg,headphone
data/original_images/files/HMU6Z4O1K9W7.jpg,files
data/original_images/files/8OMYEG7WQ1OP.jpg,files
data/original_images/binder/Q14BYLT1AGE1.jpg,binder
data/original_images/mug/FWBZV9KNFTRA.jpg,mug
data/original_images/headphone/GFQIVUIYFYYI.jpg,headphone
data/original_images/mouse/W9RDHFZZ1SPX.jpg,mouse
data/original_images/files/OL6VSRP9RO95.jpg,files
data/original_images/ballpoint/6HOLCKMPT1CA.jpg,ballpoint
data/original_images/mug/KWTH8BMJPDW7_aug.jpg,mug
data/original_images/mug/YYKP8Z3TCIZJ.jpg,mug
data/original_images/headphone/S5VDSWSHTQ0O.jpg,headphone
data/original_images/ballpoint/64E6UZ0SP6GS.jpg,ballpoint
data/original_images/files/9XCY251QZC7F.jpg,files
data/original_images/mouse/0AFJKP9V23M6.jpg,mouse
data/original_images/mouse/8S33EPU27HJW.jpg,mouse
data/original_images/files/HEMNYCPXOXIK.jpg,files
data/original_images/ballpoint/BUQUPDM3Y7P2.jpg,ballpoint
data/original_images/binder/NLC8E86BT3LF.jpg,binder
data/original_images/binder/MTCZZDZNDBKW.jpg,binder
data/original_images/files/0NQK5VLPHP8Y.jpg,files
data/original_images/ballpoint/3YKGD4UHB8UO.jpg,ballpoint
data/original_images/binder/H6YLPD2SREWZ.jpg,binder
data/original_images/binder/9HHHZ9L7HD7Q.jpg,binder
data/original_images/files/WTU0W6X30JBD.jpg,files
data/original_images/mug/images - 2022-03-29T160935.671.jpg,mug
data/original_images/ballpoint/NJEBZLY2CGWQ.jpg,ballpoint
data/original_images/mug/images - 2022-03-30T093844.138.jpg,mug
data/original_images/binder/HYPEN1DVUO28.jpg,binder
data/original_images/mouse/ZNOGFMEY7E8E.jpg,mouse
data/original_images/binder/0A864WSEQWR5.jpg,binder
data/original_images/ballpoint/58J2F2SQ20QO.jpg,ballpoint
data/original_images/files/5I56BDRBWMJU.jpg,files
data/original_images/mouse/LFOV0HKVMMJY.jpg,mouse
data/original_images/files/ET2KVQKWZYC7.jpg,files
data/original_images/headphone/CVKHGO4A0TFH.jpg,headphone
data/original_images/files/YQ94A7A6P6XP.jpg,files
data/original_images/ballpoint/0CVKO83AWNW3.jpg,ballpoint
data/original_images/headphone/ZQ99SX3N9H5P.jpg,headphone
data/original_images/binder/O3BKHA2MKS2Z.jpg,binder
data/original_images/mouse/OJMZ3X51VLZA.jpg,mouse
data/original_images/mug/6JEP9WE19JUM.jpg,mug
data/original_images/binder/1JZ7B7DXD1OJ.jpg,binder
data/original_images/headphone/3BC0ZNZG3DUE.jpg,headphone
data/original_images/ballpoint/P0TGWOJKAS65.jpg,ballpoint
data/original_images/headphone/FC7NBYL4YJ9Z.jpg,headphone
data/original_images/binder/A2KD8J7AU4JD.jpg,binder
data/original_images/headphone/04FG4GFTD7DL.jpg,headphone
data/original_images/binder/BI5HCLZW0JNG.jpg,binder
data/original_images/ballpoint/WHHXXGQGC9KW.jpg,ballpoint
data/original_images/headphone/K1FECN0MPCPW.jpg,headphone
data/original_images/mouse/M7AEWWP7HLBA.jpg,mouse
data/original_images/ballpoint/53OZBH42S7E5.jpg,ballpoint
data/original_images/ballpoint/71J4U65Y1W4K.jpg,ballpoint
data/original_images/mug/images - 2022-03-29T155402.433.jpg,mug
data/original_images/files/M5GVX2R9FN7G.jpg,files
data/original_images/headphone/UY0KFZB60UYU.jpg,headphone
data/original_images/headphone/images (53).jpeg,headphone
data/original_images/files/AJGX4NOMK8N9.jpg,files
data/original_images/ballpoint/XNB8G45N8B5Y.jpg,ballpoint
data/original_images/mug/images - 2022-03-30T094104.885.jpg,mug
data/original_images/mouse/LOF5P47O926Y.jpg,mouse
data/original_images/ballpoint/ZJ4531B2MYO3.jpg,ballpoint
data/original_images/files/QK7NC2576J6W.jpg,files
data/original_images/ballpoint/SG80SOF9VNSA.jpg,ballpoint
data/original_images/binder/F7FSWXZV2DOP_aug.jpg,binder
data/original_images/headphone/O5S65CBK3E48.jpg,headphone
data/original_images/mouse/1H2A3D04EIX6.jpg,mouse
data/original_images/mug/42DLX75JZ5ZW.jpg,mug
data/original_images/ballpoint/L48U93YAGSDH.jpg,ballpoint
data/original_images/mouse/ZGOIZPL6HDTI.jpg,mouse
data/original_images/binder/CXPKJR6LUSNR.jpg,binder
data/original_images/files/SUYOQH3O8XHL_aug.jpg,files
data/original_images/mug/13TYGCDXC00P_aug.jpg,mug
data/original_images/mouse/TTJ2O1G6J385.jpg,mouse
data/original_images/mug/K44BWXKSR7HP.jpg,mug
data/original_images/ballpoint/ZB56W71ZM4P5.jpg,ballpoint
data/original_images/mouse/LFBU8SRYPW1L.jpg,mouse
data/original_images/headphone/NQ70DNCDKZOT.jpg,headphone
data/original_images/files/KP22KEVEX68Q.jpg,files
data/original_images/mug/images - 2022-03-29T161200.974.jpg,mug
data/original_images/mouse/1NPNHIGYICHT.jpg,mouse
data/original_images/mouse/8B52OHCATPNV.jpg,mouse
data/original_images/binder/SDVX4Y8WRQXV_aug.jpg,binder
data/original_images/ballpoint/52GZTPI3AJH6.jpg,ballpoint
data/original_images/mouse/8FHO8JX9ZFNP.jpg,mouse
data/original_images/ballpoint/5QN84K81P3Z5.jpg,ballpoint
data/original_images/files/ESMBKX52AV5C.jpg,files
data/original_images/files/VV2T6OM1OD10_aug.jpg,files
data/original_images/mouse/CZUHNCVAUS3K.jpg,mouse
data/original_images/mouse/41HS1X7X0VZ7.jpg,mouse
data/original_images/files/TSL3PWA0XIJ0.jpg,files
data/original_images/headphone/DY6KR4LYNQA2.jpg,headphone
data/original_images/mug/images - 2022-03-30T104006.205.jpg,mug
data/original_images/files/WTU0W6X30JBD_aug.jpg,files
data/original_images/ballpoint/Z4ZJ98WT9RR2.jpg,ballpoint
data/original_images/headphone/98HS9QOVT68I.jpg,headphone
data/original_images/mouse/6RPPR7LDUXOF.jpg,mouse
data/original_images/mug/2O713S9FZYEX.jpg,mug
data/original_images/mug/Screenshot 2022-03-30 101610000000000000000000000.png,mug
data/original_images/mug/images (72).jpg,mug
data/original_images/headphone/MZ2KLNEQD6W0_aug.jpg,headphone
data/original_images/mouse/KVUSOCFDGJLY.jpg,mouse
data/original_images/headphone/FQ7TA1ATTZRA_aug.jpg,headphone
data/original_images/files/N598A3VXMXX0.jpg,files
data/original_images/mouse/OGEDIHQWQQQO.jpg,mouse
data/original_images/mouse/X0ZC9DLIKB24.jpg,mouse
data/original_images/files/GS5KT83G56RI.jpg,files
data/original_images/mouse/O5QXOQ05SINR.jpg,mouse
data/original_images/binder/PCX8DF8ZRIU0.jpg,binder
data/original_images/mug/GL0YE4MEZ7ZD.jpg,mug
data/original_images/binder/4WLCHK3R5CDB.jpg,binder
data/original_images/headphone/G539TEJ5H943.jpg,headphone
data/original_images/mouse/R2EKWN4ASPMU.jpg,mouse
data/original_images/headphone/11IRLFAUPQ8D_aug.jpg,headphone
data/original_images/binder/IBYH82LWORCJ.jpg,binder
data/original_images/headphone/LX0N053XRNLB.jpg,headphone
data/original_images/binder/Z0EU2212NADC.jpg,binder
data/original_images/mouse/QB41DSY0NGF4.jpg,mouse
data/original_images/files/7TQUDARW2V55.jpg,files
data/original_images/mug/PDQ2IJLNP5W3.jpg,mug
data/original_images/mug/0T1GM25DXHUX.jpg,mug
data/original_images/headphone/AAZ3GDWB8UBP_aug.jpg,headphone
data/original_images/mug/images - 2022-03-30T094104.978.jpg,mug
data/original_images/files/I59YFV94O8EK.jpg,files
data/original_images/headphone/LL8VUG5W31MT.jpg,headphone
data/original_images/binder/SOHR97Z9N5II.jpg,binder
data/original_images/mug/TZ72NU4OQO00.jpg,mug
data/original_images/mouse/GM592F89XL8A.jpg,mouse
data/original_images/mug/F8IOEIRKV5CB_aug.jpg,mug
data/original_images/headphone/23RZRMJH93V0.jpg,headphone
data/original_images/headphone/9BMP6NVDNERS.jpg,headphone
data/original_images/binder/8FY5LM6I1D5S.jpg,binder
data/original_images/mug/images - 2022-03-30T094104.826.jpg,mug
data/original_images/ballpoint/YVJ69C89E6XC.jpg,ballpoint
data/original_images/headphone/images (129).jpeg,headphone
data/original_images/binder/K697QJIM5K2N_aug.jpg,binder
data/original_images/binder/6CSQBTS4782O.jpg,binder
data/original_images/binder/ODC1F3LFCLCY.jpg,binder
data/original_images/headphone/images (141).jpeg,headphone
data/original_images/ballpoint/ZDCM1JRAKM5E.jpg,ballpoint
data/original_images/binder/624FOAK4XIU4.jpg,binder
data/original_images/mug/7PJTJXOFDCUP.jpg,mug
data/original_images/mug/N0C1MM0RJ5OC.jpg,mug
data/original_images/binder/IXGV6AD6JFMC_aug.jpg,binder
data/original_images/binder/U1O4VKPDN4ZM.jpg,binder
data/original_images/headphone/images (176).jpeg,headphone
data/original_images/ballpoint/0LO4MLEGO2GK.jpg,ballpoint
data/original_images/binder/SH0DNQHHJTVR_aug.jpg,binder
data/original_images/mug/YK2TLEPQ7NXG.jpg,mug
data/original_images/binder/5SPHMCFRQ3TV.jpg,binder
data/original_images/mug/images - 2022-03-30T104353.180.jpg,mug
data/original_images/mug/Screenshot 2022-03-30 095417iiii.png,mug
data/original_images/headphone/4K78WP0YWBLY.jpg,headphone
data/original_images/files/ZR49YQMQXT6I.jpg,files
data/original_images/mug/DLPH8J9FWERN_aug.jpg,mug
data/original_images/mug/50E7W9IWWVRX.jpg,mug
data/original_images/files/FKI35EX52UDO.jpg,files
data/original_images/mouse/9JMSIDNTOTIJ.jpg,mouse
data/original_images/binder/C1PWTU1KW27X_aug.jpg,binder
data/original_images/binder/3AKTTNLFGNOH.jpg,binder
data/original_images/ballpoint/RPD0VE364R8N.jpg,ballpoint
data/original_images/files/M2RVWZCK4C92.jpg,files
data/original_images/mug/PN0OGSY2ZYLI.jpg,mug
data/original_images/mug/Screenshot 2022-03-30 102514fdfdfdf.png,mug
data/original_images/binder/IX13GBGNSJVI_aug.jpg,binder
data/original_images/ballpoint/DYIG2HS3MPNY.jpg,ballpoint
data/original_images/headphone/DCUUY0KWNGL5.jpg,headphone
data/original_images/ballpoint/OPRSVUWHNCMQ.jpg,ballpoint
data/original_images/mug/12121.png,mug
data/original_images/binder/6R2IONWFMX25.jpg,binder
data/original_images/mouse/9P9I4NVWEM2X.jpg,mouse
data/original_images/mug/PRMUA5WCIY8Y.jpg,mug
data/original_images/files/C9FTNQNJN7M5.jpg,files
data/original_images/files/W0Z5AAXQQN0B.jpg,files
data/original_images/binder/TYTHYZDTC36A_aug.jpg,binder
data/original_images/binder/CTBUAEETSFJS.jpg,binder
data/original_images/ballpoint/8O3BO03NQLEF.jpg,ballpoint
data/original_images/binder/D7H0ABBZF2PG.jpg,binder
data/original_images/mug/OM667QDPY78U.jpg,mug
data/original_images/ballpoint/3LOK55LEXQVK.jpg,ballpoint
data/original_images/binder/G5J2DINHY04Q.jpg,binder
data/original_images/binder/SF26SS5KE981.jpg,binder
data/original_images/headphone/images (168).jpeg,headphone
data/original_images/ballpoint/PGCD4KM2BKBQ.jpg,ballpoint
data/original_images/files/0A46MFAG3Q33.jpg,files
data/original_images/mug/FS0CRA6RS0YW.jpg,mug
data/original_images/headphone/3QA76FBH2NB9_aug.jpg,headphone
data/original_images/mug/DSUGKKTQ0GRX_aug.jpg,mug
data/original_images/binder/0L504WFIBK7R.jpg,binder
data/original_images/ballpoint/OAVAYDW8RLDA.jpg,ballpoint
data/original_images/binder/SYATWD6VBXEQ.jpg,binder
data/original_images/mug/zxxxxxxxxxxxxxxxxxxx - Copy.png,mug
data/original_images/headphone/8JP6TPWL74D4.jpg,headphone
data/original_images/mug/VW15QRVOE7FK.jpg,mug
data/original_images/mouse/QCWM37NADKZ2.jpg,mouse
data/original_images/mug/J0LKNHYZNI2F_aug.jpg,mug
data/original_images/mug/KV4H6OCYJT32_aug.jpg,mug
data/original_images/mug/Screenshot 2022-03-30 095243aksakska.png,mug
data/original_images/mug/VQI65KOVNOGK.jpg,mug
data/original_images/mouse/4P9LIYSZ5ZTD.jpg,mouse
data/original_images/binder/S8C5M43S1FMF.jpg,binder
data/original_images/headphone/IJJJH2K7PCHG.jpg,headphone
data/original_images/binder/MF1LNBROMF5W_aug.jpg,binder
data/original_images/mug/RFUKNTL74CYO_aug.jpg,mug
data/original_images/binder/5X5J6MI9W9GC.jpg,binder
data/original_images/ballpoint/PBY1TPQ1U7IB.jpg,ballpoint
data/original_images/mouse/H22Q22WXJY89.jpg,mouse
data/original_images/files/ZBGJO4WR1FHR.jpg,files
data/original_images/files/J037BHAA8S3V.jpg,files
data/original_images/headphone/N65W8FA95PNV_aug.jpg,headphone
data/original_images/binder/PDEQHH7NQZ8V.jpg,binder
data/original_images/binder/63BKICJ5Z5HE_aug.jpg,binder
data/original_images/mouse/1CCFHURXIV8E.jpg,mouse
data/original_images/headphone/1VJE0KBAR041.jpg,headphone
data/original_images/headphone/WR9OS9YOJGJS_aug.jpg,headphone
data/original_images/mug/images - 2022-03-29T155403.031.jpg,mug
data/original_images/files/1CAWC29J2C87.jpg,files
data/original_images/binder/13YSLZFNBG83.jpg,binder
data/original_images/mouse/L6266A9JORBS.jpg,mouse
data/original_images/mouse/3MW0OAKFUQQ8.jpg,mouse
data/original_images/files/RRBNJVJEFMJF.jpg,files
data/original_images/files/4QEF0LKV225J.jpg,files
data/original_images/mug/images - 2022-03-30T093844.125.jpg,mug
data/original_images/files/Z6UHIEGG93CB_aug.jpg,files
data/original_images/mouse/UD9CWXMN2RDJ.jpg,mouse
data/original_images/mouse/6OQM3O17P3M5.jpg,mouse
data/original_images/ballpoint/566B4LYCEG2Q.jpg,ballpoint
data/original_images/files/LV0WR3QFPW7P.jpg,files
data/original_images/binder/KAG8BSGCOLOR.jpg,binder
data/original_images/binder/RDRZU29RZ0E0.jpg,binder
data/original_images/mug/GJP89AR95E1U.jpg,mug
data/original_images/mouse/06C9PHW87QFI.jpg,mouse
data/original_images/mug/images - 2022-03-29T161629.314.jpg,mug
data/original_images/files/LA1SO2G8XLKQ.jpg,files
data/original_images/binder/4M7HUWAZ61G6.jpg,binder
data/original_images/mug/QPC8N8EC41CC.jpg,mug
data/original_images/headphone/4YJ0BHSMG86T.jpg,headphone
data/original_images/mug/TKCB23DYBTIZ_aug.jpg,mug
data/original_images/binder/03IIVW50D2QU.jpg,binder
data/original_images/files/JOY2GGIYJ7OY.jpg,files
data/original_images/binder/SBSOS9FCC9DZ.jpg,binder
data/original_images/headphone/0CVE6T214FIN.jpg,headphone
data/original_images/files/UO98A544KO3B.jpg,files
data/original_images/mug/images - 2022-03-29T161200.713.jpg,mug
data/original_images/mouse/THPQ8J3V3LDC.jpg,mouse
data/original_images/headphone/GTIQE0WYXLJ9_aug.jpg,headphone
data/original_images/binder/GB2YKCDOE9YU.jpg,binder
data/original_images/headphone/7SKYZM4X3ZR7.jpg,headphone
data/original_images/mug/images - 2022-03-29T160531.873.jpg,mug
data/original_images/mug/Screenshot 2022-03-30 095433ppp.png,mug
data/original_images/ballpoint/1NI5HC77OSHK.jpg,ballpoint
data/original_images/binder/G4B4MCAUB3HN.jpg,binder
data/original_images/files/V1R5Y4KHKQO4.jpg,files
data/original_images/headphone/7D4A6KOMLEIR.jpg,headphone
data/original_images/files/23ZAMW53WDU9.jpg,files
data/original_images/mug/PJQH6MWTMUP4.jpg,mug
data/original_images/binder/NZ9YAG4UVL5G.jpg,binder
data/original_images/ballpoint/EFMVHABVM80E.jpg,ballpoint
data/original_images/headphone/IJJJH2K7PCHG_aug.jpg,headphone
data/original_images/mouse/1SAK4O619VYQ.jpg,mouse
data/original_images/binder/G3EQ18MPWD5X_aug.jpg,binder
data/original_images/headphone/14YDA9YY7AML.jpg,headphone
data/original_images/headphone/M25C8RH80858.jpg,headphone
data/original_images/binder/09VF8IOYVILR.jpg,binder
data/original_images/ballpoint/4CIKTU32PK20.jpg,ballpoint
data/original_images/mug/35ANA38Y2QWO.jpg,mug
data/original_images/ballpoint/RDJ8IKQ472EK.jpg,ballpoint
data/original_images/files/RLPX249D61D8_aug.jpg,files
data/original_images/ballpoint/BJVL73PMI8M0.jpg,ballpoint
data/original_images/headphone/DA7ML6DF7DFN_aug.jpg,headphone
data/original_images/files/ZZI2T8T7AR74.jpg,files
data/original_images/files/SBO074T8DSNS.jpg,files
data/original_images/ballpoint/31GFG5WXDPJJ.jpg,ballpoint
data/original_images/mug/Screenshot 2022-03-30 100347sssssssssss.png,mug
data/original_images/binder/JO13KA270F29.jpg,binder
data/original_images/mug/images - 2022-03-30T094105.036.jpg,mug
data/original_images/mouse/48G3A9JOPTBV.jpg,mouse
data/original_images/files/C4FM2P4BMKB7.jpg,files
data/original_images/ballpoint/4NOZFCW74P7R.jpg,ballpoint
data/original_images/binder/CUOF3A71LUW7.jpg,binder
data/original_images/ballpoint/CPCHNS4376P2.jpg,ballpoint
data/original_images/headphone/4CYIX2L5DO2G.jpg,headphone
data/original_images/binder/A06PP8DQJ2QB_aug.jpg,binder
data/original_images/binder/56TOPVYX297Q.jpg,binder
data/original_images/files/PGVGVY03EGO7.jpg,files
data/original_images/mug/U1RPTZKW18MV.jpg,mug
data/original_images/mug/OFS60RRHC83G.jpg,mug
data/original_images/files/DGWSMY5VOWJE.jpg,files
data/original_images/ballpoint/SYQMM5JKN9LU.jpg,ballpoint
data/original_images/headphone/GRN3J8VPZEY1.jpg,headphone
data/original_images/binder/1S2MH6TVWQLE.jpg,binder
data/original_images/mouse/7AY99DZZJZM4.jpg,mouse
data/original_images/binder/LHAJW9KLNCFJ.jpg,binder
data/original_images/binder/H3TETUBDOMWS_aug.jpg,binder
data/original_images/binder/N87SP5FA3ZSI.jpg,binder
data/original_images/headphone/N65W8FA95PNV.jpg,headphone
data/original_images/mouse/N9ITNWR3VWSI.jpg,mouse
data/original_images/headphone/images (70).jpeg,headphone
data/original_images/mug/images - 2022-03-29T155402.895.jpg,mug
data/original_images/binder/SL4L9KQPDQV1_aug.jpg,binder
data/original_images/ballpoint/XI53ZHSPZAC3.jpg,ballpoint
data/original_images/binder/YYDE6D6FQGGR.jpg,binder
data/original_images/files/FOCRO7PPQQB4.jpg,files
data/original_images/mug/images (95).jpg,mug
data/original_images/ballpoint/O99KQ0RIB0DQ.jpg,ballpoint
data/original_images/headphone/TEVX1VS3KXQ6.jpg,headphone
data/original_images/files/O692HSZCXFWT.jpg,files
data/original_images/ballpoint/F5C44141R9EY.jpg,ballpoint
data/original_images/files/WPSLNBZ6KHMR.jpg,files
data/original_images/binder/U0XP9HLSPV55_aug.jpg,binder
data/original_images/ballpoint/ESTVWOYRP6OE.jpg,ballpoint
data/original_images/headphone/80V22WRUUN4S.jpg,headphone
data/original_images/files/MIP12NM5ZB3U.jpg,files
data/original_images/binder/JR4YFUMFHUWI_aug.jpg,binder
data/original_images/mug/27WK3XJN1NET.jpg,mug
data/original_images/mug/0HXAZ2W5N54X.jpg,mug
data/original_images/binder/HVVZBAS21RZM_aug.jpg,binder
data/original_images/files/VYO9YLINY470.jpg,files
data/original_images/mug/ZWGLNSC27LET.jpg,mug
data/original_images/binder/S06UEZJ6WJS1.jpg,binder
data/original_images/ballpoint/VQMNYQHR3VFC.jpg,ballpoint
data/original_images/binder/SIPRT5AL1RWY.jpg,binder
data/original_images/mouse/8QZ46ADPGEYX.jpg,mouse
data/original_images/mouse/1N7VLW082LB2.jpg,mouse
data/original_images/mouse/IUE46U5IHKFM.jpg,mouse
data/original_images/mouse/NFGH4FS9LSOP.jpg,mouse
data/original_images/headphone/0DKQKEIFZ1B3.jpg,headphone
data/original_images/files/ROPJ5CC73NPE.jpg,files
data/original_images/mouse/65WMG27GHHUZ.jpg,mouse
data/original_images/binder/P4QRLWPB50BD.jpg,binder
data/original_images/ballpoint/9ZKIQLVT5COD.jpg,ballpoint
data/original_images/files/XMFDQXQJ0K2U.jpg,files
data/original_images/mug/ZPI22AGJG0WG.jpg,mug
data/original_images/ballpoint/KN45GB1DHOKK.jpg,ballpoint
data/original_images/ballpoint/2YYHY0C6K6TF.jpg,ballpoint
data/original_images/mouse/HP8LFA4S8MIG.jpg,mouse
data/original_images/mouse/G4YM96QQ4LVC.jpg,mouse
data/original_images/ballpoint/Q3DAMSHQPLA4.jpg,ballpoint
data/original_images/mouse/K70JPPZYUIYU.jpg,mouse
data/original_images/ballpoint/C7HPOTVQ4WFY.jpg,ballpoint
data/original_images/headphone/9VBIXI824426.jpg,headphone
data/original_images/binder/T535S272EYPG.jpg,binder
data/original_images/files/4TYT4MP23I12.jpg,files
data/original_images/binder/8LBHMLHYCO35.jpg,binder
data/original_images/mouse/5P7P5PJKQ9WB.jpg,mouse
data/original_images/mouse/X3X60EXKKI8V.jpg,mouse
data/original_images/mouse/WIHT3VSPNQLZ.jpg,mouse
data/original_images/binder/3UD8RXEX66FM.jpg,binder
data/original_images/ballpoint/QI4CGUUYNVQD.jpg,ballpoint
data/original_images/mug/M6V0DJ4WK84D_aug.jpg,mug
data/original_images/binder/FMFPNV4AIQQ5.jpg,binder
data/original_images/ballpoint/1W61923W882K.jpg,ballpoint
data/original_images/files/GS660O0JKTZD.jpg,files
data/original_images/binder/ALFNDEDJYLZZ.jpg,binder
data/original_images/binder/PIEETVPFOXY7.jpg,binder
data/original_images/mouse/JSV2G1SSXP70.jpg,mouse
data/original_images/files/EWPFLU85PCPW.jpg,files
data/original_images/headphone/N9F3NQCTGVR7_aug.jpg,headphone
data/original_images/headphone/RLF2IS09TXMR.jpg,headphone
data/original_images/mouse/TFEOEX6T8OEZ.jpg,mouse
data/original_images/ballpoint/LKB61GK9DD8E.jpg,ballpoint
data/original_images/mouse/Q05X9DHZHNIP.jpg,mouse
data/original_images/ballpoint/M4KL6REL0NSG.jpg,ballpoint
data/original_images/mug/Screenshot 2022-03-30 102502djfjsjfd.png,mug
data/original_images/files/SPJHMRWQ4X42.jpg,files
data/original_images/binder/N4L59OKJ8E5Q.jpg,binder
data/original_images/mouse/OCN97L56CID3.jpg,mouse
data/original_images/headphone/MC2FRDLLJW34.jpg,headphone
data/original_images/mouse/CXT33AK54W5M.jpg,mouse
data/original_images/ballpoint/VBW3M8FHVS64.jpg,ballpoint
data/original_images/files/WW3SVQE2I5CP.jpg,files
data/original_images/ballpoint/Z1UZN92QRL0R.jpg,ballpoint
data/original_images/files/TOTD3B46WFRG.jpg,files
data/original_images/binder/TUUOWO506GN3.jpg,binder
data/original_images/files/G58ZF125A6V8.jpg,files
data/original_images/mug/J2AMFTFKRG7J.jpg,mug
data/original_images/mouse/F6294HU1QJ5D.jpg,mouse
data/original_images/mouse/FERT6WO5RUDM.jpg,mouse
data/original_images/mug/images - 2022-03-30T093844.129.jpg,mug
data/original_images/files/GFRDCO90CZQG.jpg,files
data/original_images/headphone/QQ3JYZQ9S7UO_aug.jpg,headphone
data/original_images/mug/images - 2022-03-29T161200.844.jpg,mug
data/original_images/files/5EIOKN2IWQ4C.jpg,files
data/original_images/mug/images - 2022-03-30T094357.202.jpg,mug
data/original_images/binder/TNQG2NL04GZS.jpg,binder
data/original_images/binder/GSLI5IP4UMEC_aug.jpg,binder
data/original_images/mouse/F1QY7VAQTZK8.jpg,mouse
data/original_images/binder/L4QV2Z7FBGO1.jpg,binder
data/original_images/files/AU8M7Z2Q4E8Q.jpg,files
data/original_images/headphone/P7XWSOPP0XBG.jpg,headphone
data/original_images/files/WYVTZ6VOUVXS.jpg,files
data/original_images/mouse/92DMTGIJNWHF.jpg,mouse
data/original_images/headphone/VLVGGRMUB4RL.jpg,headphone
data/original_images/files/T72LG6UW6VIF.jpg,files
data/original_images/binder/61NPLYV6XM6N_aug.jpg,binder
data/original_images/files/0C06P2T3SOMG.jpg,files
data/original_images/binder/23PJHW7MPC7F.jpg,binder
data/original_images/mouse/Y223XP7636D5.jpg,mouse
data/original_images/mug/images - 2022-03-30T094636.103.jpg,mug
data/original_images/binder/KUJNHS39F0X3_aug.jpg,binder
data/original_images/binder/TNPMO6FIAAKB_aug.jpg,binder
data/original_images/mouse/J4A4KRAKBG56.jpg,mouse
data/original_images/headphone/YFKWIJ93X5HD_aug.jpg,headphone
data/original_images/mouse/GI2PP4AVZO4C.jpg,mouse
data/original_images/mouse/BJI0FS00XQIH.jpg,mouse
data/original_images/mouse/V8LN8AJLQDFH.jpg,mouse
data/original_images/mug/Z3TGVPZXDGLX_aug.jpg,mug
data/original_images/mug/VC0LP8MJDN62.jpg,mug
data/original_images/files/14EFLQV1C3EI.jpg,files
data/original_images/binder/LARD5SO20YS2.jpg,binder
data/original_images/mug/OM7KXZRVQLM1_aug.jpg,mug
data/original_images/mug/images - 2022-03-30T093740.147.jpg,mug
data/original_images/mouse/MZNZ2V8Y6EPF.jpg,mouse
data/original_images/mouse/5NUX0VKL7K1B.jpg,mouse
data/original_images/ballpoint/5LG6UWBLS71I.jpg,ballpoint
data/original_images/mug/OVNAQR7FDC0O.jpg,mug
data/original_images/mouse/4LWURNOICC33.jpg,mouse
data/original_images/binder/AQ59R1PZDJKQ.jpg,binder
data/original_images/ballpoint/ULUM8X1K6QD2.jpg,ballpoint
data/original_images/mug/BT2LXWWFXZKC.jpg,mug
data/original_images/mouse/TKFB9BNBIRXA.jpg,mouse
data/original_images/files/OCW7SNJLX9YF.jpg,files
data/original_images/ballpoint/QOE1EVK7K511.jpg,ballpoint
data/original_images/ballpoint/ISMJA8P41JZW.jpg,ballpoint
data/original_images/files/4VZ50UVHJ8VU.jpg,files
data/original_images/headphone/6PTXFN4QHM44.jpg,headphone
data/original_images/ballpoint/20FGVI49HVAQ.jpg,ballpoint
data/original_images/binder/C4YEH192MNGU.jpg,binder
data/original_images/files/2FBFNRFBB928.jpg,files
data/original_images/headphone/GNVPCPIZOHO8_aug.jpg,headphone
data/original_images/mouse/Q0FQJD3FHAIQ.jpg,mouse
data/original_images/ballpoint/XOJVNVGX11WI.jpg,ballpoint
data/original_images/mouse/CV86T24VRQ6H.jpg,mouse
data/original_images/headphone/TTNNVUEL0O2E_aug.jpg,headphone
data/original_images/mouse/Z7949QE3QJRA.jpg,mouse
data/original_images/files/LT23VCTKJ20R.jpg,files
data/original_images/mug/J2S3NBXFAV36.jpg,mug
data/original_images/binder/4PCI0OVWYLZE.jpg,binder
data/original_images/mug/KNWFHBOBK795_aug.jpg,mug
data/original_images/mouse/OVE2C3V4NP3Y.jpg,mouse
data/original_images/ballpoint/KTTOUG6X44YM.jpg,ballpoint
data/original_images/ballpoint/U6ORP8A04N3R.jpg,ballpoint
data/original_images/files/TOGKXF2FPPN0.jpg,files
data/original_images/ballpoint/6FC81GQ6W135.jpg,ballpoint
data/original_images/mouse/VOPBTY1458LM.jpg,mouse
data/original_images/binder/A1MRZ04PXD9T.jpg,binder
data/original_images/binder/2RCHCC9HPMCJ.jpg,binder
data/original_images/ballpoint/C6OGF1EXHMZM.jpg,ballpoint
data/original_images/mug/X7387S9HIF8J.jpg,mug
data/original_images/binder/SKF5JVNHNXQX.jpg,binder
data/original_images/mouse/256COMCG5XQU.jpg,mouse
data/original_images/mouse/QK8BHR9OFWIJ.jpg,mouse
data/original_images/headphone/Z260HUI5QW7H.jpg,headphone
data/original_images/mouse/RMX5HD3FTRDD.jpg,mouse
data/original_images/mug/VCX7G8OA1NJ1.jpg,mug
data/original_images/mug/NFI1Z2E9H4VC_aug.jpg,mug
data/original_images/mug/images - 2022-03-29T160313.584.jpg,mug
data/original_images/files/4IA8V0X2QY2S.jpg,files
data/original_images/mug/UL6CQ4YPEWU4.jpg,mug
data/original_images/files/HHEXXSIHAE0E.jpg,files
data/original_images/mug/images (57).jpg,mug
data/original_images/ballpoint/JIDR3Q6B4K93.jpg,ballpoint
data/original_images/files/QI77NMSOAIAD_aug.jpg,files
data/original_images/ballpoint/6FBSKCLIIW1Y.jpg,ballpoint
data/original_images/mug/EESBXHNY0U79.jpg,mug
data/original_images/mouse/EFMUNH5FYQTD.jpg,mouse
data/original_images/mouse/2A7NYONCVF20.jpg,mouse
data/original_images/mouse/YVFBIDHO844N.jpg,mouse
data/original_images/headphone/E57CN9DNZOGV.jpg,headphone
data/original_images/files/HZW1VR6GVPKV.jpg,files
data/original_images/ballpoint/JQDQ63GIMIHK.jpg,ballpoint
data/original_images/mouse/SC6VJ2FG7U3V.jpg,mouse
data/original_images/headphone/Z8USRIOTCM5Z.jpg,headphone
data/original_images/files/8KGQOC85EPR1.jpg,files
data/original_images/files/VCX1B8QTSD0B.jpg,files
data/original_images/files/ORFUBHVW3WDQ.jpg,files
data/original_images/files/DDKDF5X8CX1L.jpg,files
data/original_images/mouse/ZTOQFY21ZZN3.jpg,mouse
data/original_images/ballpoint/Z7HJ4PQ7DXUH.jpg,ballpoint
data/original_images/mouse/D8U2SSWUGY6O.jpg,mouse
data/original_images/mouse/N96UJNC042FB.jpg,mouse
data/original_images/mouse/7LNVM5M1EYIJ.jpg,mouse
data/original_images/mouse/DPBTJU95H9QJ.jpg,mouse
data/original_images/mouse/OTEWCH9ZX76Y.jpg,mouse
data/original_images/files/U4LCZLCNZBSU.jpg,files
data/original_images/files/STSSIESPVH4N.jpg,files
data/original_images/binder/IWLWI1WKS0HF_aug.jpg,binder
data/original_images/binder/L5MJDV6TEGJJ_aug.jpg,binder
data/original_images/ballpoint/CTD7WDXTV2R2.jpg,ballpoint
data/original_images/mug/MACENOJDHZ4E_aug.jpg,mug
data/original_images/files/VT9UUS12TTSQ_aug.jpg,files
data/original_images/mug/images - 2022-03-29T161629.265.jpg,mug
data/original_images/binder/C7VNMCU6KNPP.jpg,binder
data/original_images/headphone/Y6ALBNJVRQ54.jpg,headphone
data/original_images/binder/5Y4DISAQJT3J.jpg,binder
data/original_images/files/J92BFH9AXDNK.jpg,files
data/original_images/mug/JLVVY9TYDFTN.jpg,mug
data/original_images/headphone/YO7PHNVMMLYA_aug.jpg,headphone
data/original_images/mouse/2733NF2D1XWM.jpg,mouse
data/original_images/mug/FWBZV9KNFTRA_aug.jpg,mug
data/original_images/files/2HV1LLQZQV3B.jpg,files
data/original_images/files/FTCS3MKXEH5O.jpg,files
data/original_images/files/4V4RMYOZRC95.jpg,files
data/original_images/mouse/58WGRU8U3CAH.jpg,mouse
data/original_images/files/XBP7KQY262EA.jpg,files
data/original_images/ballpoint/GQ678INU5FUH.jpg,ballpoint
data/original_images/binder/RBDLMS973GCB.jpg,binder
data/original_images/files/8Y4YS3GI7AMO.jpg,files
data/original_images/binder/OT2ET4VKO9ND.jpg,binder
data/original_images/binder/CJSN6D0Y71PY.jpg,binder
data/original_images/mouse/JB2UT03TX5QB.jpg,mouse
data/original_images/headphone/images (47).jpeg,headphone
data/original_images/binder/OTKJ064W7EYK.jpg,binder
data/original_images/mug/4N6KR32Z3E9S.jpg,mug
data/original_images/mug/AYN14UL6PUR5.jpg,mug
data/original_images/mouse/QWMGTXZAA1VA.jpg,mouse
data/original_images/headphone/2QCUW4D5Y503.jpg,headphone
data/original_images/files/MWLUVOLMC8CA.jpg,files
data/original_images/mug/H9JGAMF9TZBA.jpg,mug
data/original_images/ballpoint/DARW544RRIEU.jpg,ballpoint
data/original_images/files/ASZ3HG1Z9UYV.jpg,files
data/original_images/ballpoint/XX9RZUUO0VD0.jpg,ballpoint
data/original_images/mouse/DJHHMJSX32I2.jpg,mouse
data/original_images/headphone/2SSGXBW70KG7.jpg,headphone
data/original_images/mug/images (46).jpg,mug
data/original_images/mug/images - 2022-03-29T160313.583.jpg,mug
data/original_images/ballpoint/1HBGWCHH8C7L.jpg,ballpoint
data/original_images/ballpoint/RZIONXGI17B3.jpg,ballpoint
data/original_images/binder/6ZAW8W2VOPQU.jpg,binder
data/original_images/binder/MCC3LKGG9E1Y.jpg,binder
data/original_images/files/M16LWKKD2DPH.jpg,files
data/original_images/mug/N2GSFL6I1HBH.jpg,mug
data/original_images/binder/DEFIDWKNX2HR_aug.jpg,binder
data/original_images/binder/KRL3N0GNP8TA.jpg,binder
data/original_images/binder/FR05LNG9RTRI.jpg,binder
data/original_images/files/WT487IUXEDCD.jpg,files
data/original_images/headphone/images (116).jpeg,headphone
data/original_images/files/IS9CFWH1BQWF.jpg,files
data/original_images/mug/6LRKOPSN865H.jpg,mug
data/original_images/mouse/ITY8VQAR5IFV.jpg,mouse
data/original_images/mug/0QO3UEFGA5N7.jpg,mug
data/original_images/headphone/CG0E6YJJCQRE_aug.jpg,headphone
data/original_images/binder/SRRU5GFFADL3_aug.jpg,binder
data/original_images/binder/70SOJ5BZWSV9.jpg,binder
data/original_images/mug/images (40).jpg,mug
data/original_images/mug/8XX94ZJJ2S3Q.jpg,mug
data/original_images/mouse/L1PQDFMXCN05.jpg,mouse
data/original_images/mouse/7I2FASANPC4E.jpg,mouse
data/original_images/binder/3XO1JP2HUAR5.jpg,binder
data/original_images/binder/BZT4WUO0DSZF_aug.jpg,binder
data/original_images/mug/XY0TLCKKA4Y1.jpg,mug
data/original_images/mug/images - 2022-03-30T094104.830.jpg,mug
data/original_images/binder/GG6V5H7BGTKH.jpg,binder
data/original_images/headphone/1YSQMV9R3Y31.jpg,headphone
data/original_images/files/2F0YIILV2BUR.jpg,files
data/original_images/mouse/BIA872YI3KP8.jpg,mouse
data/original_images/files/7Z40TP6TC5X8.jpg,files
data/original_images/mug/79C9UUWFDMJG.jpg,mug
data/original_images/binder/HFCNTO0C5ZTS.jpg,binder
data/original_images/ballpoint/HBZ1PSE8HMOH.jpg,ballpoint
data/original_images/files/YIN4AMMXWKTW.jpg,files
data/original_images/files/ZXU4FV28KWJ7.jpg,files
data/original_images/headphone/QDP2810PIYBJ_aug.jpg,headphone
data/original_images/ballpoint/64SXCL8AAS1R.jpg,ballpoint
data/original_images/mug/Screenshot 2022-03-30 0956360000000.png,mug
data/original_images/binder/IHYEFONSY0IJ.jpg,binder
data/original_images/files/R961FBUB8R85_aug.jpg,files
data/original_images/headphone/W5PU9U0LNLPR.jpg,headphone
data/original_images/mug/images - 2022-03-30T094206.871.jpg,mug
data/original_images/ballpoint/P1R1OWEYUVZB.jpg,ballpoint
data/original_images/files/NFDW0CK6Z0HI.jpg,files
data/original_images/headphone/USZ6UXG9WOCC_aug.jpg,headphone
data/original_images/ballpoint/K2SS8URW7F5E.jpg,ballpoint
data/original_images/binder/12V2Q5PBD7GT.jpg,binder
data/original_images/ballpoint/S856F3SLYOC3.jpg,ballpoint
data/original_images/files/D91559RQUF5P.jpg,files
data/original_images/headphone/5IIBD3XY8MS1_aug.jpg,headphone
data/original_images/mouse/6NX2IUFDF7K1.jpg,mouse
data/original_images/files/DGSIWGDPW2LU.jpg,files
data/original_images/mouse/A8FBIOBYIXXH.jpg,mouse
data/original_images/mug/images - 2022-03-29T155402.425.jpg,mug
data/original_images/ballpoint/AVRWGXBILU9A.jpg,ballpoint
data/original_images/mouse/LKDQIV6W8SC3.jpg,mouse
data/original_images/files/OX2MZ39WU4OV.jpg,files
data/original_images/binder/2K1RQ4IC0FV4.jpg,binder
data/original_images/mouse/K9C8J4N1YBAE.jpg,mouse
data/original_images/ballpoint/DDO0CZC8LZYH.jpg,ballpoint
data/original_images/headphone/EIZ0801S7ELG.jpg,headphone
data/original_images/files/8JCBL2TS3UIB.jpg,files
data/original_images/mouse/O8RGLMEDWDIO.jpg,mouse
data/original_images/headphone/images (167).jpeg,headphone
data/original_images/mouse/FEE2JUDSIZY8.jpg,mouse
data/original_images/binder/PE9D0PUB2Q51.jpg,binder
data/original_images/mouse/IIEN4TWHHHBB.jpg,mouse
data/original_images/mug/37FD05CTPABG.jpg,mug
data/original_images/files/Q1LCWAFGJFIS.jpg,files
data/original_images/mug/PQA8R5S28MWT.jpg,mug
data/original_images/mouse/FLR8HXZTC55C.jpg,mouse
data/original_images/headphone/4A41DS64YZVB.jpg,headphone
data/original_images/binder/JOZVXTUG1GYV.jpg,binder
data/original_images/binder/6EDGBSPKWNJ8.jpg,binder
data/original_images/mouse/6TJ0RQIQCCJ2.jpg,mouse
data/original_images/files/US1DO0O80KIR.jpg,files
data/original_images/ballpoint/PKQARZCBOF9M.jpg,ballpoint
data/original_images/ballpoint/7CDI7PXN1OSI.jpg,ballpoint
data/original_images/mug/UL52X9R7UY2C_aug.jpg,mug
data/original_images/binder/4BET1NCZ0N3G.jpg,binder
data/original_images/ballpoint/LQTC9W5H5S20.jpg,ballpoint
data/original_images/mug/images (63).jpg,mug
data/original_images/mug/images - 2022-03-29T155402.457.jpg,mug
data/original_images/mug/L8P1676TDW6N.jpg,mug
data/original_images/ballpoint/R0QWCN40C35B.jpg,ballpoint
data/original_images/files/ZV8ARLOSIC0D.jpg,files
data/original_images/binder/JDRD220VG2C7.jpg,binder
data/original_images/mug/N38CZ4VI314Q.jpg,mug
data/original_images/mouse/N5E04Z26R2ER.jpg,mouse
data/original_images/mouse/BKIVC2VCQA4L.jpg,mouse
data/original_images/mug/NADY42JA7GC3.jpg,mug
data/original_images/binder/SYCRKP5Q5VSQ.jpg,binder
data/original_images/ballpoint/7IYD1OU55S7E.jpg,ballpoint
data/original_images/ballpoint/GDF5KPBCX1J6.jpg,ballpoint
data/original_images/mouse/LG7L5FR0EOG7.jpg,mouse
data/original_images/mouse/BWIRLO9FLVP1.jpg,mouse
data/original_images/ballpoint/X4CSJ80A174S.jpg,ballpoint
data/original_images/files/3U5T6QLEIQGA.jpg,files
data/original_images/files/FQJH7ZXQB73L.jpg,files
data/original_images/ballpoint/LRQ3G4WC34VV.jpg,ballpoint
data/original_images/binder/1T9KRHUAWXAI.jpg,binder
data/original_images/files/ILYMH4FACM2W.jpg,files
data/original_images/ballpoint/B43JT9MB163M.jpg,ballpoint
data/original_images/ballpoint/H5KYO8ODKCCF.jpg,ballpoint
data/original_images/headphone/8JP6TPWL74D4_aug.jpg,headphone
data/original_images/mug/images - 2022-03-30T093844.115.jpg,mug
data/original_images/binder/AQ9LA3BLIUOI_aug.jpg,binder
data/original_images/mug/G0UO2XSND6MC_aug.jpg,mug
data/original_images/mug/JYBFYPU9751Q.jpg,mug
data/original_images/files/ICMG6C57F9L0.jpg,files
data/original_images/files/K8KBFI2NYGKW.jpg,files
data/original_images/binder/6E3Z4YGGPPKH.jpg,binder
data/original_images/ballpoint/1VCR04GRJC8M.jpg,ballpoint
data/original_images/binder/NKOJJXYNTFXA.jpg,binder
data/original_images/files/QF0I3NT3H132.jpg,files
data/original_images/mug/images - 2022-03-30T094243.408.jpg,mug
data/original_images/mug/Screenshot 2022-03-30 095223sdadsds.png,mug
data/original_images/headphone/JY7AMCCS9QMM.jpg,headphone
data/original_images/mug/TBQ3W0ROB0MR_aug.jpg,mug
data/original_images/mouse/WPSZ2B4R5WFJ.jpg,mouse
data/original_images/files/BQNYA7SMYK7G.jpg,files
data/original_images/files/8ZSGAGIUZGUP.jpg,files
data/original_images/ballpoint/BW4XSRTS5TR8.jpg,ballpoint
data/original_images/headphone/BRKX9EH3I8K7_aug.jpg,headphone
data/original_images/files/TAQK8XQVXNUF_aug.jpg,files
data/original_images/binder/0G9VGRP8GBPJ.jpg,binder
data/original_images/mug/images - 2022-03-29T155402.720.jpg,mug
data/original_images/ballpoint/2U6QNES5K303.jpg,ballpoint
data/original_images/mug/CQUWJ7R968LT.jpg,mug
data/original_images/ballpoint/G5IW9MS87WFI.jpg,ballpoint
data/original_images/files/EW927CDGKR10.jpg,files
data/original_images/mug/sdads - Copy.png,mug
data/original_images/headphone/G3NC4E20VIUF_aug.jpg,headphone
data/original_images/ballpoint/WNMORXEPF9XL.jpg,ballpoint
data/original_images/headphone/2KSNCBMCXB17.jpg,headphone
data/original_images/headphone/MESEJX1BGE5U.jpg,headphone
data/original_images/headphone/MV4YBYYTSZSS_aug.jpg,headphone
data/original_images/headphone/images (69).jpeg,headphone
data/original_images/binder/SC0W4HBU5MGU_aug.jpg,binder
data/original_images/headphone/OQT752YI6UEC_aug.jpg,headphone
data/original_images/ballpoint/B5VGWOQLHYQF.jpg,ballpoint
data/original_images/files/4PWCH69MZHMK.jpg,files
data/original_images/mug/CNOHDGZ040X1_aug.jpg,mug
data/original_images/headphone/OH1FDPLJT7NF.jpg,headphone
data/original_images/mouse/NBK61UOLO44V.jpg,mouse
data/original_images/headphone/72T8YBQKBLF6_aug.jpg,headphone
data/original_images/headphone/images (179).jpeg,headphone
data/original_images/ballpoint/A7W2XK9L1CER.jpg,ballpoint
data/original_images/mouse/H38W2HTOH445.jpg,mouse
data/original_images/headphone/1E8CCT9N7Q5J.jpg,headphone
data/original_images/headphone/TKAA3TWGOUAV_aug.jpg,headphone
data/original_images/ballpoint/T4RD1S9O6X3A.jpg,ballpoint
data/original_images/ballpoint/8VAYOCJ1AXA7.jpg,ballpoint
data/original_images/mug/58TNC86QCRC3.jpg,mug
data/original_images/binder/QHOOKCC2T776.jpg,binder
data/original_images/files/N8Q4I0YW1ENL.jpg,files
data/original_images/binder/L4JPQI0BSP06.jpg,binder
data/original_images/headphone/AHTNLAJWZBJP_aug.jpg,headphone
data/original_images/binder/4KEZ9NQYBM2H.jpg,binder
data/original_images/headphone/28EE97ZSZJ2F_aug.jpg,headphone
data/original_images/binder/2XMCC55GPOOB.jpg,binder
data/original_images/headphone/G61RSG316M5G.jpg,headphone
data/original_images/mug/images (56).jpg,mug
data/original_images/mug/OMQCDF5U8C2A_aug.jpg,mug
data/original_images/ballpoint/K1H2G9JRGVU8.jpg,ballpoint
data/original_images/headphone/images (123).jpeg,headphone
data/original_images/files/6QXMTCKCA2O6.jpg,files
data/original_images/ballpoint/OWL6ZSLCDPUQ.jpg,ballpoint
data/original_images/mug/4Y7XJJPQ8DBT.jpg,mug
data/original_images/files/S80RS92CUCH4.jpg,files
data/original_images/binder/7V6W1UL7U9WM.jpg,binder
data/original_images/ballpoint/N8J06AEE4GUZ.jpg,ballpoint
data/original_images/mouse/AUKIJZPURVLA.jpg,mouse
data/original_images/files/SY6NE5MHY8A1.jpg,files
data/original_images/ballpoint/KXNTS3OL5UH1.jpg,ballpoint
data/original_images/binder/04IO3WKQQ6AD.jpg,binder
data/original_images/mug/images - 2022-03-30T094104.947.jpg,mug
data/original_images/headphone/FMWTMIJ8Y38J_aug.jpg,headphone
data/original_images/files/9QW3MGIBB9SE.jpg,files
data/original_images/mouse/H7F3NXLBWWZ8.jpg,mouse
data/original_images/mouse/22GUGLBP8T7V.jpg,mouse
data/original_images/mug/Screenshot 2022-03-30 103018zzzzzzzzzzzzzzz.png,mug
data/original_images/mouse/WDV1CX5V0LX1.jpg,mouse
data/original_images/mug/images - 2022-03-30T094206.835.jpg,mug
data/original_images/binder/CW27534OZXMJ.jpg,binder
data/original_images/headphone/PB3P9AOGYEBF.jpg,headphone
data/original_images/mouse/1Q79DHPFV0WS.jpg,mouse
data/original_images/files/N7WUYQAXZJZD.jpg,files
data/original_images/ballpoint/VP7P038I87GG.jpg,ballpoint
data/original_images/mug/images - 2022-03-30T094029.818.jpg,mug
data/original_images/mug/images (35).jpg,mug
data/original_images/binder/76T5F7UBARBT.jpg,binder
data/original_images/mug/I1E7G1TDIT4R.jpg,mug
data/original_images/files/LSG6ZFAWPEEQ.jpg,files
data/original_images/mouse/WE3TLGVKAP8N.jpg,mouse
data/original_images/headphone/4PVD78HXZ7HZ_aug.jpg,headphone
data/original_images/ballpoint/I3DOASH2AQNV.jpg,ballpoint
data/original_images/files/TISFJM4DT16L.jpg,files
data/original_images/binder/T5V7ETU8F4KN.jpg,binder
data/original_images/binder/4VLO2TZQ3QJ1.jpg,binder
data/original_images/ballpoint/6ZYKCBGK25SS.jpg,ballpoint
data/original_images/files/AF3Q2W5UW28K.jpg,files
data/original_images/ballpoint/L1DKA0LUAJ39.jpg,ballpoint
data/original_images/headphone/PAPBTL46464A.jpg,headphone
data/original_images/headphone/2HB5Y9ONRK0O.jpg,headphone
data/original_images/mug/EYEFALTND66N.jpg,mug
data/original_images/ballpoint/2ZBGFQAL3NLW.jpg,ballpoint
data/original_images/files/QP82ASTRB5LE.jpg,files
data/original_images/headphone/PTK3PUFLO8OU_aug.jpg,headphone
data/original_images/binder/2XTC9QP32HD1.jpg,binder
data/original_images/files/CFGEHV6SVA2M.jpg,files
data/original_images/ballpoint/9OX5JK3UP7YN.jpg,ballpoint
data/original_images/binder/QTD07AS9YF68_aug.jpg,binder
data/original_images/mouse/9742QE5BF4O8.jpg,mouse
data/original_images/mouse/U1MVY9LJWDRF.jpg,mouse
data/original_images/mug/sdads.png,mug
data/original_images/headphone/54EY6GT0PZQN_aug.jpg,headphone
data/original_images/mug/EEKLAJN60GG5.jpg,mug
data/original_images/mouse/YDU3IKLDC25R.jpg,mouse
data/original_images/files/LUS7VUJ40B8I.jpg,files
data/original_images/binder/KJNVU78RIUNA_aug.jpg,binder
data/original_images/mug/images - 2022-03-29T155402.785.jpg,mug
data/original_images/files/ZJ5KDMJGANW3_aug.jpg,files
data/original_images/files/YYDZTFCIZUHT_aug.jpg,files
data/original_images/headphone/image (28).jpeg,headphone
data/original_images/binder/2T3BZHYB6U8Z.jpg,binder
data/original_images/files/QWT82XGDCD2X_aug.jpg,files
data/original_images/mug/CE2LH2BAL2MP.jpg,mug
data/original_images/files/S5XCICZCAIHW.jpg,files
data/original_images/binder/LX3I8SOX30MH.jpg,binder
data/original_images/headphone/02XPJ2NK46CQ.jpg,headphone
data/original_images/ballpoint/H1ZS1UJOSGZK.jpg,ballpoint
data/original_images/mug/images - 2022-03-30T094243.279.jpg,mug
data/original_images/mouse/WA9070OK3V8P.jpg,mouse
data/original_images/files/S7D70QDVYDKB.jpg,files
data/original_images/mug/GLYIPC3Y5LZF.jpg,mug
data/original_images/files/B8CICCGS1H7G.jpg,files
data/original_images/mug/OFP3SEQ2NNH5.jpg,mug
data/original_images/mouse/RXGX1YB3GCQJ.jpg,mouse
data/original_images/mouse/R909L9E4ITGZ.jpg,mouse
data/original_images/ballpoint/VX494W29ZV12.jpg,ballpoint
data/original_images/headphone/images (77).jpeg,headphone
data/original_images/mouse/4UUON0LRRJ0W.jpg,mouse
data/original_images/ballpoint/KDNZQHE4UGGV.jpg,ballpoint
data/original_images/binder/AA6N20Z16K21.jpg,binder
data/original_images/mouse/TXZOTMBQ89B7.jpg,mouse
data/original_images/ballpoint/2NW6XYXR1KBY.jpg,ballpoint
data/original_images/headphone/2D9PTNZBDYRY_aug.jpg,headphone
data/original_images/files/Y8XV9RRPS1NB.jpg,files
data/original_images/mug/images - 2022-03-29T161200.773.jpg,mug
data/original_images/mug/4LHUDTMBKWLV.jpg,mug
data/original_images/files/I5GG4IC7NJU1.jpg,files
data/original_images/mouse/3D856JEA6FBO.jpg,mouse
data/original_images/files/XF8ZXV89VU8N.jpg,files
data/original_images/ballpoint/EM9V5MDX1K8A.jpg,ballpoint
data/original_images/ballpoint/1C0D7CNQ4LW3.jpg,ballpoint
data/original_images/files/O8KYR85PJ2GC.jpg,files
data/original_images/mug/images (55).jpg,mug
data/original_images/binder/HVZ61JBQIW36.jpg,binder
data/original_images/headphone/6ZLTOWRZJL8C.jpg,headphone
data/original_images/files/MF97MFS4PRB8.jpg,files
data/original_images/ballpoint/4ATOJX1OATQW.jpg,ballpoint
data/original_images/files/53HAYF8GOZV8.jpg,files
data/original_images/files/3ZQHLMHRYPSE.jpg,files
data/original_images/files/XP3POP80ZFB6_aug.jpg,files
data/original_images/files/4EUZBDXC7EVY.jpg,files
data/original_images/files/7H404PVGVX15.jpg,files
data/original_images/binder/DV6XL5HIBNN3.jpg,binder
data/original_images/binder/ZJEJE1YJQ5LI.jpg,binder
data/original_images/headphone/R0AR915KXOZP.jpg,headphone
data/original_images/mouse/SLWOYX89A30Z.jpg,mouse
data/original_images/mouse/0Q9Q0AKHG4TE.jpg,mouse
data/original_images/mouse/SBNPDINXLYS2.jpg,mouse
data/original_images/files/MY1K3S6UT0AA.jpg,files
data/original_images/files/366MAAA5EUEW.jpg,files
data/original_images/mug/images - 2022-03-29T161200.820.jpg,mug
data/original_images/files/AU9LCOA279WJ.jpg,files
data/original_images/mug/DWEK6ZL77MTW.jpg,mug
data/original_images/files/YTQK95QQMNS4.jpg,files
data/original_images/files/ZXCM24EMSZJ1.jpg,files
data/original_images/ballpoint/7DYYTSAHF89E.jpg,ballpoint
data/original_images/binder/GMETAFS6A0TW.jpg,binder
data/original_images/mug/NE526A2FLVWI.jpg,mug
data/original_images/mouse/9C1J1DS9UM3B.jpg,mouse
data/original_images/binder/N9M5RF61HBAT.jpg,binder
data/original_images/mug/images - 2022-03-30T094104.858.jpg,mug
data/original_images/mug/77O3M151ASOZ.jpg,mug
data/original_images/files/2UQV9VTEWIQX.jpg,files
data/original_images/files/RU8JLW6L6N1Y.jpg,files
data/original_images/binder/Z6HFDBYINNYY.jpg,binder
data/original_images/files/E2OGOACFLMFW.jpg,files
data/original_images/files/W5CN21FB2WDZ.jpg,files
data/original_images/files/V7DQL1Y32QZT.jpg,files
data/original_images/ballpoint/39TPUKJ3IABB.jpg,ballpoint
data/original_images/files/NEWG0YFZIRNA.jpg,files
data/original_images/files/V71L8VSGRKT2.jpg,files
data/original_images/mug/SCQIPVVWBGNS.jpg,mug
data/original_images/mug/GSMKYQUYY6NV.jpg,mug
data/original_images/ballpoint/V2D7AK5BRVNN.jpg,ballpoint
data/original_images/mug/WSM9JI9FQDU6_aug.jpg,mug
data/original_images/headphone/0FOQWO8QKK43.jpg,headphone
data/original_images/binder/27WU0VOWCTZB.jpg,binder
data/original_images/binder/P1CHP54R2Y4X.jpg,binder
data/original_images/mouse/9VHIHYWGJVI8.jpg,mouse
data/original_images/binder/RUOU9ZPGPO6Z.jpg,binder
data/original_images/ballpoint/3U1G64GBLYPQ.jpg,ballpoint
data/original_images/files/0H62ED3AKFOP.jpg,files
data/original_images/ballpoint/CREBF2L9S79D.jpg,ballpoint
data/original_images/ballpoint/150FLV15LJWN.jpg,ballpoint
data/original_images/binder/PNPJQ4X9DT93_aug.jpg,binder
data/original_images/binder/AXXOBC8KWKGK.jpg,binder
data/original_images/mug/images - 2022-03-30T094029.881.jpg,mug
data/original_images/mouse/555GZ3OP68EH.jpg,mouse
data/original_images/files/AD7BXITC2QJG.jpg,files
data/original_images/ballpoint/U79T8VCOP3WN.jpg,ballpoint
data/original_images/mug/BRME9RN9A3JS.jpg,mug
data/original_images/ballpoint/J6ZQAKJLH663.jpg,ballpoint
data/original_images/binder/SF26SS5KE981_aug.jpg,binder
data/original_images/files/6U1XR0GEAZML.jpg,files
data/original_images/ballpoint/GPU3PBAWOC12.jpg,ballpoint
data/original_images/mouse/5XMNXJSS17DH.jpg,mouse
data/original_images/files/BCR8GT0J9UVA.jpg,files
data/original_images/mouse/HK698RACQVDQ.jpg,mouse
data/original_images/ballpoint/DV96WDEBEHKN.jpg,ballpoint
data/original_images/binder/SLLT0IYZ0U5L.jpg,binder
data/original_images/binder/FQJY6HJ3P3ZH.jpg,binder
data/original_images/mouse/057OE492J5B2.jpg,mouse
data/original_images/binder/5KGDKBKJPP45.jpg,binder
data/original_images/headphone/43M82F4B4MG4_aug.jpg,headphone
data/original_images/headphone/507LQVO0H9TU.jpg,headphone
data/original_images/mouse/LHUAL7BSWYSR.jpg,mouse
data/original_images/files/2NVGYCAKCSIS.jpg,files
data/original_images/files/RCUGWO9V8YKR.jpg,files
data/original_images/mouse/9VA79GNGAVJB.jpg,mouse
data/original_images/files/7PRGE9W8UMKG.jpg,files
data/original_images/headphone/images (158).jpeg,headphone
data/original_images/mug/T47L2619ES0L.jpg,mug
data/original_images/mouse/IXW2AWJQ47IA.jpg,mouse
data/original_images/ballpoint/EM1YNRW0XFDQ.jpg,ballpoint
data/original_images/ballpoint/VF1Y323WAOX8.jpg,ballpoint
data/original_images/headphone/COAKS2UCGV0G.jpg,headphone
data/original_images/binder/T7KJ5EO5F4WJ_aug.jpg,binder
data/original_images/files/M2D5ZM9ZFP66.jpg,files
data/original_images/mug/images (87).jpg,mug
data/original_images/files/Z419V0RUXO6T.jpg,files
data/original_images/binder/FQXOVB93A0PG.jpg,binder
data/original_images/mouse/99ZQ67GDS8PS.jpg,mouse
data/original_images/ballpoint/8PRLDUO9SJRB.jpg,ballpoint
data/original_images/ballpoint/VFCW5LT2BI5A.jpg,ballpoint
data/original_images/ballpoint/AM3TO9ANS08V.jpg,ballpoint
data/original_images/ballpoint/IX8WOZ6HWVOR.jpg,ballpoint
data/original_images/headphone/YSH27V2BLMQJ.jpg,headphone
data/original_images/mouse/OQCNTS53NP57.jpg,mouse
data/original_images/binder/NYJ049UJHAQQ.jpg,binder
data/original_images/headphone/images (133).jpeg,headphone
data/original_images/mouse/NIS8HA6TYA5B.jpg,mouse
data/original_images/files/O0EA4GMEL84X.jpg,files
data/original_images/mug/UCNBWRKQ1GIE.jpg,mug
data/original_images/mug/K16ZAOT1LXL8.jpg,mug
data/original_images/ballpoint/KN95JZTNQ2B5.jpg,ballpoint
data/original_images/mouse/5U8HNOEER7IP.jpg,mouse
data/original_images/mug/images - 2022-03-30T104257.915.jpg,mug
data/original_images/files/A3Y52ZX3OFF5.jpg,files
data/original_images/mouse/QY04EEJJ63RT.jpg,mouse
data/original_images/files/10KRB7W8LJQY.jpg,files
data/original_images/headphone/HV03UY5GE34H.jpg,headphone
data/original_images/mouse/4TUZ1RS8FB0L.jpg,mouse
data/original_images/mug/2ZHTD9IT63UZ.jpg,mug
data/original_images/mouse/YIHLE9QHL1LY.jpg,mouse
data/original_images/mug/9LP82EXII4BC_aug.jpg,mug
data/original_images/mouse/JKACYWBO6LRW.jpg,mouse
data/original_images/headphone/Y6W5BWGXW9DK.jpg,headphone
data/original_images/mug/images (3).png,mug
data/original_images/headphone/51DM01NW3NUC.jpg,headphone
data/original_images/files/67CW6DLZC3SE.jpg,files
data/original_images/binder/RBDLMS973GCB_aug.jpg,binder
data/original_images/files/KDX021JSCKXY.jpg,files
data/original_images/mouse/JAOURIKS6L3Q.jpg,mouse
data/original_images/ballpoint/TSSY3R68AK5G.jpg,ballpoint
data/original_images/files/D2IYQDP1J3ML.jpg,files
data/original_images/headphone/5HXM88H09DG4.jpg,headphone
data/original_images/headphone/K3NVIOR6NG45.jpg,headphone
data/original_images/binder/99S1CI1P1Y2S.jpg,binder
data/original_images/mouse/DPZ4IX29D2ZB.jpg,mouse
data/original_images/files/OBJBZXLZTF3S.jpg,files
data/original_images/mug/GCO4HLAB7MRN.jpg,mug
data/original_images/mug/NADY42JA7GC3_aug.jpg,mug
data/original_images/binder/FR51YV0216BA.jpg,binder
data/original_images/mouse/K3W784YEKK3Z.jpg,mouse
data/original_images/headphone/5IIBD3XY8MS1.jpg,headphone
data/original_images/headphone/N6OK5WDR6UYP.jpg,headphone
data/original_images/files/90D98K5HDQLH.jpg,files
data/original_images/headphone/images (91).jpeg,headphone
data/original_images/files/HXF3X159C5I5.jpg,files
data/original_images/mug/images - 2022-03-30T104257.897.jpg,mug
data/original_images/files/MVCVGCHZT3W2.jpg,files
data/original_images/mug/CH9O30P3HGGI_aug.jpg,mug
data/original_images/binder/M1XP9XJK907M.jpg,binder
data/original_images/ballpoint/B1PK6BKDWCMO.jpg,ballpoint
data/original_images/headphone/BADY7668BM8K.jpg,headphone
data/original_images/headphone/SDO1B9SZS0TV.jpg,headphone
data/original_images/ballpoint/M9IKB3MF44B2.jpg,ballpoint
data/original_images/binder/N5U3JWS2VQT3_aug.jpg,binder
data/original_images/mouse/94ZMZ55FLU76.jpg,mouse
data/original_images/mouse/8B58FI6FVKZE.jpg,mouse
data/original_images/mug/Screenshot 2022-03-30 102941dssssssss.png,mug
data/original_images/headphone/IHQSDYYV17BN_aug.jpg,headphone
data/original_images/binder/5C4CB3R5CQFO.jpg,binder
data/original_images/headphone/ZPICCV3JWEE5_aug.jpg,headphone
data/original_images/mug/6DDJHUYCZAN4.jpg,mug
data/original_images/mouse/1ICXMAOMRPW8.jpg,mouse
data/original_images/ballpoint/AQFZZV0R66P0.jpg,ballpoint
data/original_images/binder/BKOI6SCMVTLR.jpg,binder
data/original_images/mug/GZ8HQVGTYPHH_aug.jpg,mug
data/original_images/mouse/3DMT4CP8ZFNN.jpg,mouse
data/original_images/mouse/3UYPW2IVOLH2.jpg,mouse
data/original_images/mouse/HMORD5TBPK7G.jpg,mouse
data/original_images/mouse/Y61YTWG93KUJ.jpg,mouse
data/original_images/binder/IAJECS7IGVJX_aug.jpg,binder
data/original_images/binder/4228FBU9MDXV.jpg,binder
data/original_images/mouse/WVMDK4Y5CM6B.jpg,mouse
data/original_images/headphone/OUIL89JDW233_aug.jpg,headphone
data/original_images/mug/1OYWW0JDIEAP.jpg,mug
data/original_images/binder/2HZEKX71ZFJ1.jpg,binder
data/original_images/mouse/YR7J1QL3F3JM.jpg,mouse
data/original_images/files/U279RQSLEZB3.jpg,files
data/original_images/files/YRS4RSMDDK9K_aug.jpg,files
data/original_images/mug/images - 2022-03-30T094104.914.jpg,mug
data/original_images/mug/7CPMB8PHFXPP.jpg,mug
data/original_images/mug/YW05DMA7FPSD_aug.jpg,mug
data/original_images/mug/D2HJ14K2GQ3B.jpg,mug
data/original_images/ballpoint/BWDT0IYM7FNR.jpg,ballpoint
data/original_images/mug/FW6DKNSXLGHQ.jpg,mug
data/original_images/mouse/2JPBQUA7OG6S.jpg,mouse
data/original_images/files/FS6WQYRADOIV.jpg,files
data/original_images/ballpoint/H02MNOBYVOV2.jpg,ballpoint
data/original_images/binder/A960LK891V27.jpg,binder
data/original_images/mouse/A5K064UGI6CD.jpg,mouse
data/original_images/ballpoint/DVEKFUKA0UCJ.jpg,ballpoint
data/original_images/headphone/G3NC4E20VIUF.jpg,headphone
data/original_images/mug/7RJ1O7MA2CH1.jpg,mug
data/original_images/mug/images - 2022-03-30T093740.010.jpg,mug
data/original_images/mug/7FL4613561VA.jpg,mug
data/original_images/ballpoint/OQY7BCJH5CJ9.jpg,ballpoint
data/original_images/files/VYO9YLINY470_aug.jpg,files
data/original_images/files/5AL44TNDN3PM.jpg,files
data/original_images/mouse/1QTB4ELNLDCP.jpg,mouse
data/original_images/binder/9AX1EMUPUUNO.jpg,binder
data/original_images/files/7XGU80SR8A3L.jpg,files
data/original_images/files/R961FBUB8R85.jpg,files
data/original_images/mouse/55WR0BGSZVM8.jpg,mouse
data/original_images/mug/images - 2022-03-30T093930.477.jpg,mug
data/original_images/binder/RQMPJOSANWRK.jpg,binder
data/original_images/ballpoint/AUU5ZM6MFJXC.jpg,ballpoint
data/original_images/mug/ENIAULDCQ30F.jpg,mug
data/original_images/ballpoint/GGWMNLGETF2M.jpg,ballpoint
data/original_images/headphone/4T0DXNOKJUN5.jpg,headphone
data/original_images/mug/L2UVDHZZ2J45_aug.jpg,mug
data/original_images/mug/2U2CD9MHI02Q.jpg,mug
data/original_images/mug/X6088YX84H3E.jpg,mug
data/original_images/files/WB3WELDTJIF7_aug.jpg,files
data/original_images/binder/IVQDG4AGAICP_aug.jpg,binder
data/original_images/headphone/QEJT320KY8K3.jpg,headphone
data/original_images/binder/OU4FJ02F464Y.jpg,binder
data/original_images/binder/Z5SX0URFOM98.jpg,binder
data/original_images/mug/Z4LBY89PFKAQ_aug.jpg,mug
data/original_images/files/8EWYQX1HXPNW.jpg,files
data/original_images/headphone/7T00KZP4DPKK.jpg,headphone
data/original_images/binder/PI5AXCPZKUAV.jpg,binder
data/original_images/ballpoint/8N98X0LI8ZNJ.jpg,ballpoint
data/original_images/mouse/IQKT1UA9Y9QN.jpg,mouse
data/original_images/headphone/00DB7KGKTDVN.jpg,headphone
data/original_images/ballpoint/6REZEQ9OS7KC.jpg,ballpoint
data/original_images/ballpoint/2H55D8E47Y9V.jpg,ballpoint
data/original_images/binder/9DDV875P92EH.jpg,binder
data/original_images/mug/Screenshot 2022-03-30 102341uuuuuu.png,mug
data/original_images/binder/JWWVJCSNX7NE_aug.jpg,binder
data/original_images/binder/F0K5CLZ014QQ.jpg,binder
data/original_images/binder/GL56ZHYOWE4O_aug.jpg,binder
data/original_images/mouse/8LQB8BQFU60J.jpg,mouse
data/original_images/files/PPWAPJSHPI30.jpg,files
data/original_images/mouse/C2HF00DKKJYS.jpg,mouse
data/original_images/mug/Screenshot 2022-03-30 095510jjj.png,mug
data/original_images/binder/OUOITXXIZBMW_aug.jpg,binder
data/original_images/files/7GSK24YFCFN1.jpg,files
data/original_images/binder/QDWTX2OAUPVQ_aug.jpg,binder
data/original_images/files/TLQ0VJHSXWDF.jpg,files
data/original_images/headphone/8RHAIV2Y70UX.jpg,headphone
data/original_images/mouse/FXSFEZ58SR6T.jpg,mouse
data/original_images/mouse/RMNWLOJ6S80C.jpg,mouse
data/original_images/mouse/TKQ52DW1K4UT.jpg,mouse
data/original_images/mug/ZDH0XQ222Y3S.jpg,mug
data/original_images/mouse/6GRXV2JSKQPR.jpg,mouse
data/original_images/headphone/J17WSMLDG596.jpg,headphone
data/original_images/mouse/ZBOJCPGZC4TX.jpg,mouse
data/original_images/mouse/OJFDSTH1FH3X.jpg,mouse
data/original_images/binder/2OMBAR26NT1Z.jpg,binder
data/original_images/headphone/OQT752YI6UEC.jpg,headphone
data/original_images/binder/QXDMTL7PYY0P.jpg,binder
data/original_images/mouse/GP0BFQGL8WWX.jpg,mouse
data/original_images/headphone/SNTXHC6L0JW8.jpg,headphone
data/original_images/files/RUWXRHKXU8I8_aug.jpg,files
data/original_images/files/4HPIG3YGE7EE.jpg,files
data/original_images/mug/images - 2022-03-30T094104.974.jpg,mug
data/original_images/mouse/W62ZWHEP2PJM.jpg,mouse
data/original_images/mouse/VLUKAMHCJGW7.jpg,mouse
data/original_images/binder/97M7EKYKJ182.jpg,binder
data/original_images/files/DEDA6TRJ9MTK.jpg,files
data/original_images/ballpoint/UJJ6QIXA3QSS.jpg,ballpoint
data/original_images/mug/images - 2022-03-29T161002.569.jpg,mug
data/original_images/files/UU6O90LQCVOB_aug.jpg,files
data/original_images/mouse/U2SNTQEZJ8S1.jpg,mouse
data/original_images/mouse/EN880M3583GM.jpg,mouse
data/original_images/binder/0JK5ZUWVOW0S.jpg,binder
data/original_images/mouse/MBI2MYDAJWE8.jpg,mouse
data/original_images/files/BOPDB1OAG6MF.jpg,files
data/original_images/mug/images - 2022-03-30T094707.487.jpg,mug
data/original_images/headphone/AN8X45P3F0JE.jpg,headphone
data/original_images/binder/YKQ6GZ7A0SPN.jpg,binder
data/original_images/binder/GHF6PHYMWI42.jpg,binder
data/original_images/ballpoint/PLPBRW0TE7SG.jpg,ballpoint
data/original_images/mug/images - 2022-03-29T160313.543.jpg,mug
data/original_images/ballpoint/KSIGCP74ZUL4.jpg,ballpoint
data/original_images/mug/images - 2022-03-30T103924.640.jpg,mug
data/original_images/mouse/ARYZFQCCAUOC.jpg,mouse
data/original_images/ballpoint/J9BAK4AE5OY1.jpg,ballpoint
data/original_images/headphone/VUDIBEYEYW5S.jpg,headphone
data/original_images/files/H30KEYPUX040.jpg,files
data/original_images/mouse/EAVJHQ0ECVGC.jpg,mouse
data/original_images/ballpoint/4H8DUDS9YTFH.jpg,ballpoint
data/original_images/binder/61NPLYV6XM6N.jpg,binder
data/original_images/binder/23Q60JHBD9AD.jpg,binder
data/original_images/ballpoint/Q9J3BNNJQGF3.jpg,ballpoint
data/original_images/ballpoint/13PL6XJQEREJ.jpg,ballpoint
data/original_images/binder/I0BKK50GZHLM.jpg,binder
data/original_images/files/DV2S9NBSZ84P.jpg,files
data/original_images/mug/D968GOZ5EP7F.jpg,mug
data/original_images/ballpoint/SUOB5HAGCF24.jpg,ballpoint
data/original_images/mug/WXV786BS759E.jpg,mug
data/original_images/files/78OSW2FHVGI1.jpg,files
data/original_images/files/PL0U23GCWQZT.jpg,files
data/original_images/headphone/VJB7X4UIEG49.jpg,headphone
data/original_images/ballpoint/R5IVSUDGXN4P.jpg,ballpoint
data/original_images/mouse/CDH7LEECNKV4.jpg,mouse
data/original_images/headphone/3CYMVVBDAGGT_aug.jpg,headphone
data/original_images/mug/WK2PNWOD30LR.jpg,mug
data/original_images/files/ODQEEBFGXJFJ.jpg,files
data/original_images/mug/images - 2022-03-29T160935.674.jpg,mug
data/original_images/headphone/images (155).jpeg,headphone
data/original_images/binder/QDJEJPEDI4BL.jpg,binder
data/original_images/files/VV2T6OM1OD10.jpg,files
data/original_images/binder/94TW3R1J2MHB.jpg,binder
data/original_images/ballpoint/M16MFIGG02WA.jpg,ballpoint
data/original_images/ballpoint/L5ENDEDR4WVU.jpg,ballpoint
data/original_images/mouse/YN2NK0PYXU3B.jpg,mouse
data/original_images/files/E72MTQ0CGSLG.jpg,files
data/original_images/mug/KJOUVOLQT6RY.jpg,mug
data/original_images/mouse/AHZIT9ABLBXV.jpg,mouse
data/original_images/files/NSYXXGUUHIYK.jpg,files
data/original_images/headphone/V2VIGEGZ55KQ_aug.jpg,headphone
data/original_images/headphone/F5V2H5NFJ1DC_aug.jpg,headphone
data/original_images/ballpoint/JXKI9NXT8T7L.jpg,ballpoint
data/original_images/binder/1FQDT353QBG3.jpg,binder
data/original_images/files/WKWPQJHBR4NU.jpg,files
data/original_images/mouse/SINVBM2VSMD1.jpg,mouse
data/original_images/files/G0HUF1LT5J7E.jpg,files
data/original_images/mug/Screenshot 2022-03-30 102528qwewqew.png,mug
data/original_images/ballpoint/JY8SD4H8H2B4.jpg,ballpoint
data/original_images/ballpoint/SLGLA0KZK6DV.jpg,ballpoint
data/original_images/files/H9CVTK8W02RD.jpg,files
data/original_images/headphone/images (80).jpeg,headphone
data/original_images/files/0ZAPC52XBYCW.jpg,files
data/original_images/files/1C5TZB8TAAOI.jpg,files
data/original_images/ballpoint/MZ8P59PPJU5N.jpg,ballpoint
data/original_images/files/KNTI4BZR4V1D.jpg,files
data/original_images/binder/NBBO4YIRUBJ8.jpg,binder
data/original_images/mug/images - 2022-03-29T161629.270.jpg,mug
data/original_images/mug/OMQCDF5U8C2A.jpg,mug
data/original_images/headphone/7RXED9URD6YR.jpg,headphone
data/original_images/ballpoint/OH2SR8U83I9O.jpg,ballpoint
data/original_images/binder/ITN9COX013E3.jpg,binder
data/original_images/binder/JWWVJCSNX7NE.jpg,binder
data/original_images/binder/BR6XGGWZOMC6.jpg,binder
data/original_images/headphone/90Z5FLPO917W.jpg,headphone
data/original_images/files/3MRMV9UCWEW1.jpg,files
data/original_images/mouse/Z4MZ5C7WPMB1.jpg,mouse
data/original_images/binder/TZU1P79LEOAA.jpg,binder
data/original_images/mouse/VLZIB9E3837M.jpg,mouse
data/original_images/mouse/QCXWYT0XIYEZ.jpg,mouse
data/original_images/mouse/HL569TSGP4QZ.jpg,mouse
data/original_images/mouse/1VK6XEUP1L1E.jpg,mouse
data/original_images/mug/images - 2022-03-29T155402.722.jpg,mug
data/original_images/mug/3BDMNJYMALNC.jpg,mug
data/original_images/headphone/4RN4UJ2QX9IG.jpg,headphone
data/original_images/binder/P1AU1NYTGO2R.jpg,binder
data/original_images/mug/images (97).jpg,mug
data/original_images/binder/PB6IPC4CDGJY.jpg,binder
data/original_images/files/YZMIGJL2BIT7.jpg,files
data/original_images/ballpoint/VFAB1QT5TEIT.jpg,ballpoint
data/original_images/binder/29BFO2T1QZ0G.jpg,binder
data/original_images/headphone/GQ42V0BLW0HM_aug.jpg,headphone
data/original_images/files/R4F3OHJYSQKM.jpg,files
data/original_images/headphone/HDGTLM88491K.jpg,headphone
data/original_images/ballpoint/R2IJRI9W6MSC.jpg,ballpoint
data/original_images/binder/JZTLF49Z0NIG.jpg,binder
data/original_images/binder/C2HUDD9XGRQA.jpg,binder
data/original_images/mug/H5RWWQOAGU4K.jpg,mug
data/original_images/mug/R7E50ZRVU0PL_aug.jpg,mug
data/original_images/mug/images - 2022-03-29T161200.997.jpg,mug
data/original_images/mouse/VEQYA1S57KJ7.jpg,mouse
data/original_images/mug/BTCIWDRDQU29_aug.jpg,mug
data/original_images/ballpoint/07GLZH2A1BDL.jpg,ballpoint
data/original_images/binder/9S61ZWWV0NBS.jpg,binder
data/original_images/ballpoint/5LLGT2OJ4J46.jpg,ballpoint
data/original_images/mug/XIC3PRLHZY54.jpg,mug
data/original_images/binder/KDKCEJNGHV5N.jpg,binder
data/original_images/mouse/K0GMCAEBXYM2.jpg,mouse
data/original_images/binder/31H48RFYU1RA.jpg,binder
data/original_images/ballpoint/33RE2TPGNWF4.jpg,ballpoint
data/original_images/mug/A30CI0R6RUHV_aug.jpg,mug
data/original_images/headphone/RTEXESEUK8N4.jpg,headphone
data/original_images/mouse/6LDL4J9SK468.jpg,mouse
data/original_images/headphone/TF25LIWCAKLF.jpg,headphone
data/original_images/mouse/AKRVIZHS1CL3.jpg,mouse
data/original_images/ballpoint/2HYQCFBHLX2X.jpg,ballpoint
data/original_images/binder/6EUS0YE0RV24.jpg,binder
data/original_images/files/YWW96YYRKQ6M_aug.jpg,files
data/original_images/headphone/image (11).jpeg,headphone
data/original_images/mouse/GMY4X0CUMTGV.jpg,mouse
data/original_images/mug/31HNHAN2ZGA8.jpg,mug
data/original_images/mouse/3KW0ZEHEGY5A.jpg,mouse
data/original_images/binder/4HBP1JR0W5FO.jpg,binder
data/original_images/mug/E1M6MSAP1CEN.jpg,mug
data/original_images/headphone/Z64JKH8ETIKH.jpg,headphone
data/original_images/headphone/GX33LK5TKETB.jpg,headphone
data/original_images/mouse/U0BTV6J71NTN.jpg,mouse
data/original_images/ballpoint/8JTK3GUMGQF5.jpg,ballpoint
data/original_images/binder/EV227FNHW27Y.jpg,binder
data/original_images/mug/5I2VLOXR3JQ3.jpg,mug
data/original_images/files/UGG6XC1KTWGE.jpg,files
data/original_images/mouse/VGU51L461PCG.jpg,mouse
data/original_images/binder/BN75EFFS3GDO_aug.jpg,binder
data/original_images/mug/images - 2022-03-30T104221.135.jpg,mug
data/original_images/files/6IGQ5P7U3JYM.jpg,files
data/original_images/mouse/SGR0K0V36AM6.jpg,mouse
data/original_images/mug/images (23).jpg,mug
data/original_images/headphone/3VOMURQD61TO.jpg,headphone
data/original_images/mouse/XC1E8UIG8I36.jpg,mouse
data/original_images/ballpoint/TU8A1R01MBGV.jpg,ballpoint
data/original_images/ballpoint/HX0WOE9O6PEB.jpg,ballpoint
data/original_images/headphone/D5GB66D1P32L.jpg,headphone
data/original_images/files/TMUQK6CK6B9U.jpg,files
data/original_images/headphone/B3N33NXLK9CH_aug.jpg,headphone
data/original_images/mouse/5FBOEEQZRQEH.jpg,mouse
data/original_images/headphone/images (6).jpeg,headphone
data/original_images/binder/SRLB6XC7ROWT_aug.jpg,binder
data/original_images/mouse/SXKXJXGMQR7G.jpg,mouse
data/original_images/ballpoint/SN7BJTVTGSI8.jpg,ballpoint
data/original_images/mouse/3XH66D406F4L.jpg,mouse
data/original_images/mug/BLWEZ465N603.jpg,mug
data/original_images/binder/0JP30LPL9KOQ.jpg,binder
data/original_images/files/JJT2FS969YIR.jpg,files
data/original_images/mug/images - 2022-03-29T155402.866.jpg,mug
data/original_images/binder/EO4N3KSA1FW0.jpg,binder
data/original_images/headphone/09J7WJUA3AGQ.jpg,headphone
data/original_images/mug/NDQC8GXLTNYS.jpg,mug
data/original_images/mouse/76F4LDP7QPHM.jpg,mouse
data/original_images/files/T72LG6UW6VIF_aug.jpg,files
data/original_images/binder/4228FBU9MDXV_aug.jpg,binder
data/original_images/files/TSL3PWA0XIJ0_aug.jpg,files
data/original_images/mouse/RYF0IPGDDOCZ.jpg,mouse
data/original_images/mouse/4I8OIWN5QGC2.jpg,mouse
data/original_images/mug/IZVUPOHY9D42.jpg,mug
data/original_images/mug/5YLISGEKMFBB.jpg,mug
data/original_images/headphone/74HRTPJOF0LW.jpg,headphone
data/original_images/files/BG18T7P59A5W.jpg,files
data/original_images/files/YWH2D91EQ0LU_aug.jpg,files
data/original_images/mug/VM5QE1QLVUCO.jpg,mug
data/original_images/ballpoint/93OZ6W3Z9LVJ.jpg,ballpoint
data/original_images/files/DX8RU2HIEEDL.jpg,files
data/original_images/ballpoint/BKLJ1YLDOKX6.jpg,ballpoint
data/original_images/mouse/TEVQPS5FY2AH.jpg,mouse
data/original_images/ballpoint/WOGW9Z7B6GC9.jpg,ballpoint
data/original_images/mug/YPQPVMS9TD11.jpg,mug
data/original_images/binder/OMGB89BYISQF.jpg,binder
data/original_images/mouse/UR6TWKZ60EBX.jpg,mouse
data/original_images/files/ZXBETPMSDFO6_aug.jpg,files
data/original_images/files/ZCUQGPVRWEDB_aug.jpg,files
data/original_images/files/YJFQVAHV2HGE.jpg,files
data/original_images/mouse/4QV1OLZ7D9QS.jpg,mouse
data/original_images/mouse/1J80WVH0H8WA.jpg,mouse
data/original_images/mouse/8PDKKRXL3AXD.jpg,mouse
data/original_images/headphone/69ZEC9L2L1VW.jpg,headphone
data/original_images/headphone/KJZ51YLM12B3_aug.jpg,headphone
data/original_images/ballpoint/QJJ0MA652ZKF.jpg,ballpoint
data/original_images/ballpoint/P6R97SKD66LI.jpg,ballpoint
data/original_images/mug/images - 2022-03-29T161200.816.jpg,mug
data/original_images/files/U9TLY3EP3N2B_aug.jpg,files
data/original_images/mug/ZIO7034OPP5J_aug.jpg,mug
data/original_images/headphone/Q1SMR6M8POFD.jpg,headphone
data/original_images/binder/0NYTQH1FI847.jpg,binder
data/original_images/mouse/40VZWFIN9A49.jpg,mouse
data/original_images/files/KNWVXI1K6D9N.jpg,files
data/original_images/mug/images - 2022-03-30T094707.521.jpg,mug
data/original_images/headphone/9GPI8FMB9ABD.jpg,headphone
data/original_images/mug/images - 2022-03-30T094105.031.jpg,mug
data/original_images/mug/RBW1G5UXFVSP.jpg,mug
data/original_images/mug/FIZ4F6W615S5.jpg,mug
data/original_images/ballpoint/FZW792WMJ0PW.jpg,ballpoint
data/original_images/ballpoint/IHPSA94Y2WQW.jpg,ballpoint
data/original_images/files/V0RK9QFOD69A.jpg,files
data/original_images/binder/H6YLPD2SREWZ_aug.jpg,binder
data/original_images/ballpoint/OPZZBP005UJC.jpg,ballpoint
data/original_images/headphone/695R1DSJ8HMS_aug.jpg,headphone
data/original_images/binder/PCCOPKREB6WG.jpg,binder
data/original_images/files/XYCR7868E87W.jpg,files
data/original_images/mug/YI3EHCXFEMSJ.jpg,mug
data/original_images/mouse/E7MYYEOAFER2.jpg,mouse
data/original_images/files/MWDE4276GWUG.jpg,files
data/original_images/files/ZROYQTHLU2BF.jpg,files
data/original_images/binder/U5S3Z6UGFM8R_aug.jpg,binder
data/original_images/files/JLEXC7TK167Q.jpg,files
data/original_images/binder/1YOS23IBJ02N.jpg,binder
data/original_images/mouse/MPIKBV4QI71W.jpg,mouse
data/original_images/mug/qwqwqwq.png,mug
data/original_images/binder/BKOI6SCMVTLR_aug.jpg,binder
data/original_images/files/KNGSA240AJLQ.jpg,files
data/original_images/files/0BCDKZHR8OSG.jpg,files
data/original_images/files/OMSL3LOCXWZV.jpg,files
data/original_images/mouse/8PN85XHJ5MFE.jpg,mouse
data/original_images/files/HTZG34HMV2DS.jpg,files
data/original_images/mouse/J5U9OH9ZOPC0.jpg,mouse
data/original_images/headphone/DVQBG7C8VUOA_aug.jpg,headphone
data/original_images/files/XYCR7868E87W_aug.jpg,files
data/original_images/headphone/images (32).jpeg,headphone
data/original_images/mouse/H9FLRIOT2TSP.jpg,mouse
data/original_images/binder/MLF7HKD9QET5.jpg,binder
data/original_images/mouse/AUTE02XQPO9M.jpg,mouse
data/original_images/headphone/GA136TWXRLZN.jpg,headphone
data/original_images/headphone/JTHKFSM9FKBQ.jpg,headphone
data/original_images/mug/images - 2022-03-30T094243.435.jpg,mug
data/original_images/headphone/3QA76FBH2NB9.jpg,headphone
data/original_images/files/KLSNV0F79RW1.jpg,files
data/original_images/ballpoint/R23Q4G5H6QQ3.jpg,ballpoint
data/original_images/files/6F60062V0443.jpg,files
data/original_images/ballpoint/LFH6XO8CJTCJ.jpg,ballpoint
data/original_images/binder/BS79CSM7Q1KW.jpg,binder
data/original_images/binder/EO4N3KSA1FW0_aug.jpg,binder
data/original_images/ballpoint/FCEK9NI9G7A4.jpg,ballpoint
data/original_images/headphone/F1OTCNBID9R6.jpg,headphone
data/original_images/files/W8PYE3RN2MAM_aug.jpg,files
data/original_images/mug/TJNUDGH930ZF.jpg,mug
data/original_images/binder/BZUFKHN0BP47.jpg,binder
data/original_images/ballpoint/21JAAD4MNF8O.jpg,ballpoint
data/original_images/mug/images (91).jpg,mug
data/original_images/headphone/8CJ3MWXCUU81.jpg,headphone
data/original_images/mug/images - 2022-03-30T094243.311.jpg,mug
data/original_images/mouse/642SW5EELA4E.jpg,mouse
data/original_images/mug/Screenshot 2022-03-30 100740zzzzz.png,mug
data/original_images/mug/TDN42PZPQ7P5.jpg,mug
data/original_images/ballpoint/54AXZV6D2YK6.jpg,ballpoint
data/original_images/binder/7W9LH071VCWU.jpg,binder
data/original_images/mouse/UGUEFR3L58HI.jpg,mouse
data/original_images/ballpoint/RD3W9DB4WRTV.jpg,ballpoint
data/original_images/headphone/Y3E0QUQ9ZVW5.jpg,headphone
data/original_images/mouse/3OHGCMTNXV38.jpg,mouse
data/original_images/files/LIEVF2KH9WKE.jpg,files
data/original_images/mouse/8YGV3MSYJJL0.jpg,mouse
data/original_images/headphone/images (181).jpeg,headphone
data/original_images/mug/Screenshot 2022-03-30 102125nnnnnnnnnnnnnnn.png,mug
data/original_images/mouse/AEC0PPEH9ZS3.jpg,mouse
data/original_images/ballpoint/9R8DAJH8EQLV.jpg,ballpoint
data/original_images/mug/Screenshot 2022-03-30 102022nnnnnnnnnnnnnnnnnnnnnnnnnnnnn.png,mug
data/original_images/files/5EMG7QMOF7VS.jpg,files
data/original_images/mug/images - 2022-03-30T093740.043.jpg,mug
data/original_images/mug/images - 2022-03-30T093930.496.jpg,mug
data/original_images/mug/RLF4VZAMEWKV.jpg,mug
data/original_images/headphone/EI9Q1RFAM3MH.jpg,headphone
data/original_images/mouse/IUMCOJR957HZ.jpg,mouse
data/original_images/files/NH1JYWJRZ8XG.jpg,files
data/original_images/headphone/OAB5S6875FYZ.jpg,headphone
data/original_images/headphone/XGWU39UFLBRZ_aug.jpg,headphone
data/original_images/files/L9IIY6VN3LUQ.jpg,files
data/original_images/binder/4ZVPOTPM6OWK.jpg,binder
data/original_images/mug/YEM14D7L26PD.jpg,mug
data/original_images/mug/1WUXJ5GLA212.jpg,mug
data/original_images/mouse/NUTNSB0HZ2CO.jpg,mouse
data/original_images/mouse/TKDLVE7GJ5EO.jpg,mouse
data/original_images/files/GAHRXI0S3FVH.jpg,files
data/original_images/ballpoint/HTQLNYA5Y70K.jpg,ballpoint
data/original_images/mouse/PBFGF3NN82B4.jpg,mouse
data/original_images/binder/S5V42E40R087_aug.jpg,binder
data/original_images/ballpoint/UTBJ8I84KHYZ.jpg,ballpoint
data/original_images/mouse/AK3PNTB3VJKR.jpg,mouse
data/original_images/headphone/HWSYOUUG35JX.jpg,headphone
data/original_images/mouse/ZH39451JM38H.jpg,mouse
data/original_images/mug/OMZZT7DNH6ZN.jpg,mug
data/original_images/binder/60V7ZB2BKIX1_aug.jpg,binder
data/original_images/headphone/FBYFB5G29FFZ.jpg,headphone
data/original_images/mug/Q1CRWKA555G9.jpg,mug
data/original_images/files/2H399FJI5O6W.jpg,files
data/original_images/binder/O42OL444PE73_aug.jpg,binder
data/original_images/mug/0J06N3CZ7K8U.jpg,mug
data/original_images/headphone/AHTNLAJWZBJP.jpg,headphone
data/original_images/binder/EUJIBN8OJUBQ_aug.jpg,binder
data/original_images/ballpoint/IMVEMTOWEYGI.jpg,ballpoint
data/original_images/mug/VVL029I056VW.jpg,mug
data/original_images/ballpoint/Q8EG6X4Z9XGT.jpg,ballpoint
data/original_images/mouse/S2E38I3G4W9F.jpg,mouse
data/original_images/mouse/HAUFPS23B64N.jpg,mouse
data/original_images/mouse/ZT14E47FZKJP.jpg,mouse
data/original_images/mug/images (94).jpg,mug
data/original_images/binder/3E63KA80V029.jpg,binder
data/original_images/headphone/46BB7OK63D1F_aug.jpg,headphone
data/original_images/binder/SKF5JVNHNXQX_aug.jpg,binder
data/original_images/headphone/AZS826WR1UDN.jpg,headphone
data/original_images/mug/PWI138RTB3G1.jpg,mug
data/original_images/ballpoint/3WWAC5MZE6MB.jpg,ballpoint
data/original_images/mug/HLHT7R9A0ZY0.jpg,mug
data/original_images/mouse/6GFKFCBGNPBH.jpg,mouse
data/original_images/mouse/G7RF5E8RFCQ3.jpg,mouse
data/original_images/ballpoint/TZ1L5RJ16Z9M.jpg,ballpoint
data/original_images/binder/KLR4M67SOTYK_aug.jpg,binder
data/original_images/mouse/3JDL7E4718FR.jpg,mouse
data/original_images/mouse/GBTGL19N55VF.jpg,mouse
data/original_images/ballpoint/I4ZKJEKWTF70.jpg,ballpoint
data/original_images/ballpoint/EN32MSFRWC8P.jpg,ballpoint
data/original_images/headphone/S6EPZUCBNX3M.jpg,headphone
data/original_images/binder/IBG8JZ9HP28R.jpg,binder
data/original_images/binder/YOXQJDQPI9CF.jpg,binder
data/original_images/ballpoint/WE0OVHSILTD7.jpg,ballpoint
data/original_images/mug/images - 2022-03-30T104221.095.jpg,mug
data/original_images/files/Y88I8ZCIUXJ8.jpg,files
data/original_images/mug/B4ONQOL4IEM3.jpg,mug
data/original_images/files/001DZ5330YKH.jpg,files
data/original_images/files/IEP9I6YS2CG4.jpg,files
data/original_images/mug/images - 2022-03-29T155402.964.jpg,mug
data/original_images/binder/0SJ6CZK3NUAO.jpg,binder
data/original_images/mug/images - 2022-03-30T104353.113.jpg,mug
data/original_images/binder/Q6CX1O9Z8CJQ.jpg,binder
data/original_images/binder/EI3XP043AOEK_aug.jpg,binder
data/original_images/headphone/images (83).jpeg,headphone
data/original_images/headphone/R9KXOX7QU15N.jpg,headphone
data/original_images/ballpoint/N60YWAR6HII2.jpg,ballpoint
data/original_images/ballpoint/1U1S7SLNOX1W.jpg,ballpoint
data/original_images/mouse/1XJ277QZM1OR.jpg,mouse
data/original_images/binder/K1P21NN4UMXC_aug.jpg,binder
data/original_images/files/YOBUV6T8CFZ2_aug.jpg,files
data/original_images/binder/TGUVVFG95YSO.jpg,binder
data/original_images/files/N08PM3UI4L2S.jpg,files
data/original_images/binder/F6OK9A5OU95B.jpg,binder
data/original_images/mug/OM7KXZRVQLM1.jpg,mug
data/original_images/files/BDSWOQ8DVX9W.jpg,files
data/original_images/headphone/09J7WJUA3AGQ_aug.jpg,headphone
data/original_images/ballpoint/J3IGCLUIY6IA.jpg,ballpoint
data/original_images/binder/3SAP8AA74N1U.jpg,binder
data/original_images/ballpoint/AJCDOE1KBXZU.jpg,ballpoint
data/original_images/headphone/TEVX1VS3KXQ6_aug.jpg,headphone
data/original_images/files/RDHVYQEMJD9V.jpg,files
data/original_images/mug/Screenshot 2022-03-30 100109nnnnnnnnnnnnnnnnnnn.png,mug
data/original_images/mouse/18PMVIHBHYQC.jpg,mouse
data/original_images/ballpoint/E7UFY4LYRBAR.jpg,ballpoint
data/original_images/mug/SUT0QP5ZMTEI_aug.jpg,mug
data/original_images/mouse/N0VMWH7GTSW4.jpg,mouse
data/original_images/headphone/images (99).jpeg,headphone
data/original_images/files/MOHT8Z6GWRYE.jpg,files
data/original_images/binder/4QI4D8B09SM4.jpg,binder
data/original_images/mug/images (8).jpg,mug
data/original_images/headphone/images (72).jpeg,headphone
data/original_images/headphone/TDHG1I2YFX4J.jpg,headphone
data/original_images/binder/EZOMF9B7GTI0.jpg,binder
data/original_images/binder/O2YUR27WPGV2.jpg,binder
data/original_images/binder/FPJKCMXDNKPX_aug.jpg,binder
data/original_images/binder/9ZQIU9HNBHT3.jpg,binder
data/original_images/mug/IW82MKFQOFPD.jpg,mug
data/original_images/files/SA2WXEXF1R1V.jpg,files
data/original_images/mug/7XEXJC9OR2O1.jpg,mug
data/original_images/mouse/MY4334PTNZ4E.jpg,mouse
data/original_images/files/WBITBS6WQLQ5.jpg,files
data/original_images/mouse/OD6P0M4JGBRG.jpg,mouse
data/original_images/ballpoint/5ZSE1HS75RSU.jpg,ballpoint
data/original_images/files/SY6NE5MHY8A1_aug.jpg,files
data/original_images/mug/images - 2022-03-30T093740.008.jpg,mug
data/original_images/ballpoint/M6A3BXVEOL4J.jpg,ballpoint
data/original_images/ballpoint/Q4237Z92LZY3.jpg,ballpoint
data/original_images/headphone/6LA243BNVLV3_aug.jpg,headphone
data/original_images/mouse/DC4J7CHA88KA.jpg,mouse
data/original_images/mug/images - 2022-03-29T155402.851.jpg,mug
data/original_images/ballpoint/7X9XZ0XXB489.jpg,ballpoint
data/original_images/ballpoint/ZYO4GLAK2MNV.jpg,ballpoint
data/original_images/mouse/SA9NFKSLF6X8.jpg,mouse
data/original_images/headphone/43M82F4B4MG4.jpg,headphone
data/original_images/mug/images - 2022-03-30T093844.166.jpg,mug
data/original_images/binder/TKKEE8QH6EYT_aug.jpg,binder
data/original_images/ballpoint/H709FNDQD1OO.jpg,ballpoint
data/original_images/binder/6WYUHJ0GWEAB.jpg,binder
data/original_images/binder/LRKQ0WPLDORJ_aug.jpg,binder
data/original_images/headphone/XR44YHYBXX7W_aug.jpg,headphone
data/original_images/mouse/443WXIW6O8XK.jpg,mouse
data/original_images/ballpoint/AWMUNDWZQHFS.jpg,ballpoint
data/original_images/headphone/GMOWKHX32IAI.jpg,headphone
data/original_images/files/2BBZMAD2EOCQ.jpg,files
data/original_images/mug/QBVSCKWEZMPO.jpg,mug
data/original_images/mouse/T5VGTJV2P8QS.jpg,mouse
data/original_images/mouse/9J13NNP8F25K.jpg,mouse
data/original_images/files/9UMFLFG9NM0O.jpg,files
data/original_images/binder/QD4IEHHP9K9K_aug.jpg,binder
data/original_images/mug/images - 2022-03-30T093844.127.jpg,mug
data/original_images/files/MUSPW2AYIDAN.jpg,files
data/original_images/ballpoint/RMZ878LPG0SM.jpg,ballpoint
data/original_images/mug/ENBSDYIYCI6Y_aug.jpg,mug
data/original_images/mouse/8FQALC5U1A7X.jpg,mouse
data/original_images/files/MY33MGL28QPT.jpg,files
data/original_images/mouse/A3PALYPNCFQ4.jpg,mouse
data/original_images/files/A3FD86AQTJD2.jpg,files
data/original_images/mug/JWNMM8247Z5O.jpg,mug
data/original_images/ballpoint/LQDDLEL1LYKP.jpg,ballpoint
data/original_images/mug/E4P31MHHDIIG.jpg,mug
data/original_images/ballpoint/CGVSM2RV0XUB.jpg,ballpoint
data/original_images/mug/VYVDS8WT9ZB5_aug.jpg,mug
data/original_images/ballpoint/12LMAHZ7KAPB.jpg,ballpoint
data/original_images/mug/images - 2022-03-30T104352.919.jpg,mug
data/original_images/headphone/JHUC6YNCPUQ4.jpg,headphone
data/original_images/binder/E2797JTNUIEF_aug.jpg,binder
data/original_images/binder/T6GVK8YNPI7W.jpg,binder
data/original_images/mouse/AAQJFHNY4ZJH.jpg,mouse
data/original_images/files/WQPPTEG1E3C2_aug.jpg,files
data/original_images/files/WFDVOEP77RX2.jpg,files
data/original_images/mouse/9TTL1T8AOIEP.jpg,mouse
data/original_images/ballpoint/XUCGQGYM3AWE.jpg,ballpoint
data/original_images/files/TERH98DEAVFL.jpg,files
data/original_images/headphone/BT5SXBCMV0T9_aug.jpg,headphone
data/original_images/mug/images - 2022-03-30T094104.913.jpg,mug
data/original_images/binder/ZJAJ475BBQQD.jpg,binder
data/original_images/files/GNMQTJ5VBJDB.jpg,files
data/original_images/mouse/RJCWCDFYG9B0.jpg,mouse
data/original_images/mug/Y2FSY565FGIK.jpg,mug
data/original_images/mug/XEAH9JVMMEKI.jpg,mug
data/original_images/mug/images (9).jpg,mug
data/original_images/mouse/MQTMQSN3IGD3.jpg,mouse
data/original_images/headphone/YAPORSBQL6L3.jpg,headphone
data/original_images/mouse/DO8V4DFA2SL7.jpg,mouse
data/original_images/mug/images (31).jpg,mug
data/original_images/ballpoint/99FV8XX0V52G.jpg,ballpoint
data/original_images/binder/2EQAZYJWGNGV.jpg,binder
data/original_images/files/SJXW2CB6AWOM_aug.jpg,files
data/original_images/mouse/V38RIOT084Y4.jpg,mouse
data/original_images/mouse/L6WE4GXS1PFL.jpg,mouse
data/original_images/mouse/JATLVILKLRJ7.jpg,mouse
data/original_images/files/UM3B3XTGPR2Q.jpg,files
data/original_images/binder/K9GWJNF8P20D.jpg,binder
data/original_images/files/HA4ANOFF9Y86.jpg,files
data/original_images/headphone/8V48Z2TP8JVP.jpg,headphone
data/original_images/mouse/DIHVIEX0TSN3.jpg,mouse
data/original_images/headphone/W75G4NKKO9W7_aug.jpg,headphone
data/original_images/binder/UEG56FEL5LUL.jpg,binder
data/original_images/mug/zxxxxxxxxxxxxxxxxxxxxxxxxxxxx - Copy.png,mug
data/original_images/files/2KD0X81I75JS.jpg,files
data/original_images/binder/ZF14Z4XTNY0Z.jpg,binder
data/original_images/files/IAYEUSSKV7IR.jpg,files
data/original_images/mouse/LDHJX6ZV0PIF.jpg,mouse
data/original_images/files/T9PH417P8YNV.jpg,files
data/original_images/binder/2PM2VL2CGX09.jpg,binder
data/original_images/mouse/GL5J691ULY0K.jpg,mouse
data/original_images/mug/images - 2022-03-30T104112.220.jpg,mug
data/original_images/binder/YSDEXWLK20II.jpg,binder
data/original_images/binder/D2O38FM92H8W.jpg,binder
data/original_images/binder/JZCKKD5HAU0R.jpg,binder
data/original_images/mouse/1XHZT446CHY9.jpg,mouse
data/original_images/mug/7U4T5O1FLFO9.jpg,mug
data/original_images/files/1QD39OUW17ID.jpg,files
data/original_images/headphone/QHA6FGID9OAN_aug.jpg,headphone
data/original_images/headphone/FZ1KQ17NZCCD_aug.jpg,headphone
data/original_images/headphone/6HR3VQDDWQKO.jpg,headphone
data/original_images/ballpoint/9HUW0VASMP3B.jpg,ballpoint
data/original_images/files/SV41HI075DZV_aug.jpg,files
data/original_images/mouse/CKNUCKWTHJ7G.jpg,mouse
data/original_images/files/VPGPB851X8GN.jpg,files
data/original_images/headphone/images (14).jpeg,headphone
data/original_images/mug/F3VUV51J9UHL.jpg,mug
data/original_images/mug/D4P2GGRP792I.jpg,mug
data/original_images/mouse/6MI2WO403555.jpg,mouse
data/original_images/headphone/KXTAV8DZIAB3_aug.jpg,headphone
data/original_images/files/SPN2E5K53NPH_aug.jpg,files
data/original_images/headphone/EIKHN46WI6J2.jpg,headphone
data/original_images/files/3FILS8FIV1YU.jpg,files
data/original_images/files/694SJUQ064WI.jpg,files
data/original_images/mug/images - 2022-03-29T161201.004.jpg,mug
data/original_images/mug/M3LUYS7UNAWJ_aug.jpg,mug
data/original_images/files/MWHTPFCA0F72.jpg,files
data/original_images/mouse/LGXWG29ZS9R5.jpg,mouse
data/original_images/ballpoint/8JNCY7PGFAFQ.jpg,ballpoint
data/original_images/files/9YZEUHDTM2ET.jpg,files
data/original_images/binder/3KRW9TIZPCCJ.jpg,binder
data/original_images/mouse/8V8D5VI0G1SA.jpg,mouse
data/original_images/files/G9BBLQN6J4UH.jpg,files
data/original_images/ballpoint/5YL9HZ6KN060.jpg,ballpoint
data/original_images/mug/images - 2022-03-29T160313.633.jpg,mug
data/original_images/headphone/2536AT0IX7O4_aug.jpg,headphone
data/original_images/files/R5VLW63DXM1W.jpg,files
data/original_images/ballpoint/HQ280OFB1KFN.jpg,ballpoint
data/original_images/mug/7I1L3UJSB2JA.jpg,mug
data/original_images/binder/QDNJH9XQV3F0.jpg,binder
data/original_images/files/WMK9YOGDHE4V_aug.jpg,files
data/original_images/binder/MWGI8R8KI0SV_aug.jpg,binder
data/original_images/mug/W1L7TRCLKV79.jpg,mug
data/original_images/files/K0JK4QU34B5S.jpg,files
data/original_images/binder/GVSAZ3TBXCFO.jpg,binder
data/original_images/binder/U3T26RXZC5MW.jpg,binder
data/original_images/files/66U52ZOPIAEJ.jpg,files
data/original_images/mug/ETA7TUSP23T8.jpg,mug
data/original_images/mouse/JG3PAM39M3TG.jpg,mouse
data/original_images/binder/SB2JXV92WEGP_aug.jpg,binder
data/original_images/binder/TMUH4C91OVKR.jpg,binder
data/original_images/mug/Z1CXKALEZ2CN_aug.jpg,mug
data/original_images/mouse/0WXK1QL7WT8B.jpg,mouse
data/original_images/binder/NZ835YC1SNLQ.jpg,binder
data/original_images/ballpoint/Y21SRH6XIAK6.jpg,ballpoint
data/original_images/mug/images - 2022-03-30T094104.953.jpg,mug
data/original_images/files/UGBEJCC3ASKK_aug.jpg,files
data/original_images/files/4BY2P4QEJTOY.jpg,files
data/original_images/files/B4SW779FWEY9.jpg,files
data/original_images/binder/OWX2GM2DPUE5.jpg,binder
data/original_images/binder/B4WUOVKNJ7EC_aug.jpg,binder
data/original_images/files/YUTZR1ZK2D63.jpg,files
data/original_images/mouse/0ZYSB8Y3U7GT.jpg,mouse
data/original_images/mug/images - 2022-03-30T093740.136.jpg,mug
data/original_images/ballpoint/CS8F2XOGTQMF.jpg,ballpoint
data/original_images/mouse/YIPJNIKDZRDX.jpg,mouse
data/original_images/files/ZVWBHCYW9V7O.jpg,files
data/original_images/mouse/ZWAKZYDU4VEQ.jpg,mouse
data/original_images/headphone/5V8L7WB5ASA3.jpg,headphone
data/original_images/mouse/4B9VMZA2IJFV.jpg,mouse
data/original_images/mouse/G4VGTS86UQN3.jpg,mouse
data/original_images/files/DANXSST9XJ5W.jpg,files
data/original_images/binder/AQ59R1PZDJKQ_aug.jpg,binder
data/original_images/mug/images - 2022-03-30T094243.271.jpg,mug
data/original_images/ballpoint/BRGA0O4GCKAF.jpg,ballpoint
data/original_images/files/TR3QDYF0TFCH_aug.jpg,files
data/original_images/binder/9LG2NXV963WX.jpg,binder
data/original_images/binder/C2HUDD9XGRQA_aug.jpg,binder
data/original_images/headphone/TGU6YWPUQNEA_aug.jpg,headphone
data/original_images/mouse/EH2JVA3DPGED.jpg,mouse
data/original_images/binder/PDJEN5ELB6CL.jpg,binder
data/original_images/headphone/WTOS1O65GSSC_aug.jpg,headphone
data/original_images/mug/DWEK6ZL77MTW_aug.jpg,mug
data/original_images/mug/D98CSP8OAI8J.jpg,mug
data/original_images/ballpoint/VD1WEYRIOS0A.jpg,ballpoint
data/original_images/mug/8GX553RC75NN.jpg,mug
data/original_images/mug/images - 2022-03-30T104353.021.jpg,mug
data/original_images/mouse/65VWKKOY1YF1.jpg,mouse
data/original_images/files/CNLP1PCRL65W.jpg,files
data/original_images/ballpoint/IJBAGE2JEXWZ.jpg,ballpoint
data/original_images/binder/8VX70RL6NBTM.jpg,binder
data/original_images/headphone/SCTNALBS0RIA.jpg,headphone
data/original_images/ballpoint/Q515CMO3ELJY.jpg,ballpoint
data/original_images/mouse/40CNOM5JXBTT.jpg,mouse
data/original_images/headphone/BEIWFLHD1K7M.jpg,headphone
data/original_images/mug/GFXMF3B80W4U_aug.jpg,mug
data/original_images/mouse/8ME69T73OZOE.jpg,mouse
data/original_images/mouse/N8704Z9QHLKY.jpg,mouse
data/original_images/headphone/V9CGDP37D4LB.jpg,headphone
data/original_images/ballpoint/SIR6BC8ZAGCV.jpg,ballpoint
data/original_images/mug/4BN0YFQB34XQ.jpg,mug
data/original_images/ballpoint/Y41ARX268PXB.jpg,ballpoint
data/original_images/binder/Q032I6IH14MN_aug.jpg,binder
data/original_images/headphone/images (113).jpeg,headphone
data/original_images/ballpoint/HELW8P153CAM.jpg,ballpoint
data/original_images/files/4PXBJOU99ESN.jpg,files
data/original_images/mouse/TI7W65RTE9JY.jpg,mouse
data/original_images/headphone/EIEUVHE9ML9E.jpg,headphone
data/original_images/mouse/U6Q5A6D8OLIE.jpg,mouse
data/original_images/binder/N9M5RF61HBAT_aug.jpg,binder
data/original_images/binder/GI3P1HZ6LQUZ.jpg,binder
data/original_images/binder/761NLGKANE1N.jpg,binder
data/original_images/mug/NTN3N9B54B60.jpg,mug
data/original_images/binder/MNLAXGNHMDIV.jpg,binder
data/original_images/ballpoint/3D4C323OQBTQ.jpg,ballpoint
data/original_images/mouse/ZBHK8JPQVMV6.jpg,mouse
data/original_images/files/VC2FFCOZRXXW_aug.jpg,files
data/original_images/headphone/images (111).jpeg,headphone
data/original_images/ballpoint/MZGOUEHHF3R0.jpg,ballpoint
data/original_images/binder/PXWB3PVM0L34.jpg,binder
data/original_images/headphone/JCAALKZ1E9DM.jpg,headphone
data/original_images/files/VWN8GQUKUNMP.jpg,files
data/original_images/ballpoint/X3MLY1ECKN49.jpg,ballpoint
data/original_images/ballpoint/B2J941LSDHHC.jpg,ballpoint
data/original_images/mug/00YR6XBAJ9B1.jpg,mug
data/original_images/headphone/images (24).jpeg,headphone
data/original_images/files/NKEWF9RJHJJU.jpg,files
data/original_images/mug/7ME46ES5QF6B_aug.jpg,mug
data/original_images/ballpoint/CEEQBE8012A8.jpg,ballpoint
data/original_images/files/GOA5CA957K2G.jpg,files
data/original_images/headphone/images (1).jpeg,headphone
data/original_images/mug/8Z11AF9VT3RW.jpg,mug
data/original_images/mouse/JBXDJDQQSBPB.jpg,mouse
data/original_images/mug/images (47).jpg,mug
data/original_images/mug/4O6LO2C0GYCI.jpg,mug
data/original_images/mug/8LU8QXZMKJNU.jpg,mug
data/original_images/binder/2RM95734W5U7.jpg,binder
data/original_images/headphone/LZ1WTCAB9ZM9.jpg,headphone
data/original_images/headphone/4B0NR4A6OY5E.jpg,headphone
data/original_images/binder/EY9EJIUL4QBD_aug.jpg,binder
data/original_images/ballpoint/V3GNFQDMQWTK.jpg,ballpoint
data/original_images/mouse/FGH12XWBD03V.jpg,mouse
data/original_images/mouse/R6EJE7BLQ2EL.jpg,mouse
data/original_images/mug/images (11).png,mug
data/original_images/binder/LOMV17ZKB7Y7.jpg,binder
data/original_images/files/FKJJYV5URKZV.jpg,files
data/original_images/binder/KRLRJW5IJEWA.jpg,binder
data/original_images/headphone/EI4LJL9T00KQ.jpg,headphone
data/original_images/headphone/24XIVJQXB2ZH_aug.jpg,headphone
data/original_images/headphone/FA5MQJ5Y6JOE.jpg,headphone
data/original_images/mouse/R6HPI6RSVFGE.jpg,mouse
data/original_images/mug/images - 2022-03-29T161201.035.jpg,mug
data/original_images/mug/VGWU4RT2XPVM.jpg,mug
data/original_images/mug/images (70).jpg,mug
data/original_images/files/NWO649G4091X.jpg,files
data/original_images/ballpoint/VC6ENPCOGF11.jpg,ballpoint
data/original_images/binder/Q3R6IINC82OU.jpg,binder
data/original_images/mug/EOKTQQLXSTV7.jpg,mug
data/original_images/mug/0R1IK6LYZPOK.jpg,mug
data/original_images/mouse/6C98KRJO21QJ.jpg,mouse
data/original_images/files/I3RJ86IOSH6F.jpg,files
data/original_images/mug/94US31ZMJ8JI_aug.jpg,mug
data/original_images/ballpoint/1DT04FTOK9OG.jpg,ballpoint
data/original_images/binder/L7UDEKJRLCV8_aug.jpg,binder
data/original_images/ballpoint/7FS5COGTEAXH.jpg,ballpoint
data/original_images/binder/CPV1YRPOIP44.jpg,binder
data/original_images/mug/images - 2022-03-29T160531.700.jpg,mug
data/original_images/ballpoint/6R15VGJRL7SL.jpg,ballpoint
data/original_images/ballpoint/PH7853WHGHZP.jpg,ballpoint
data/original_images/mouse/57NNPNOH7PAT.jpg,mouse
data/original_images/files/H5BSZ8SRQ7O0.jpg,files
data/original_images/binder/E04U3AXI17TP.jpg,binder
data/original_images/binder/J6MQRSMAKK8C.jpg,binder
data/original_images/ballpoint/NWRE646Q554K.jpg,ballpoint
data/original_images/binder/J05HVMFY9TUC.jpg,binder
data/original_images/binder/16X76J183LKV.jpg,binder
data/original_images/mug/images (49).jpg,mug
data/original_images/mouse/RLUHEKILGGNG.jpg,mouse
data/original_images/headphone/F497OH1K6Z4O.jpg,headphone
data/original_images/mug/HQ9TXOURM5KC.jpg,mug
data/original_images/binder/OF4JT3GNGJ3V.jpg,binder
data/original_images/binder/CBZCATUWU1MD_aug.jpg,binder
data/original_images/ballpoint/1OWNHPGP9OIL.jpg,ballpoint
data/original_images/mug/images (20).jpg,mug
data/original_images/files/VT9UUS12TTSQ.jpg,files
data/original_images/ballpoint/H6MMA7CV8LHZ.jpg,ballpoint
data/original_images/mug/FU5C9XHZM420.jpg,mug
data/original_images/mug/images - 2022-03-30T104006.280.jpg,mug
data/original_images/mug/images - 2022-03-30T104353.085.jpg,mug
data/original_images/ballpoint/AV1QMXWGI5D6.jpg,ballpoint
data/original_images/ballpoint/UJ7096WDUVT5.jpg,ballpoint
data/original_images/mug/QBQ3JUX6OUR4_aug.jpg,mug
data/original_images/headphone/2W37S12P57KK_aug.jpg,headphone
data/original_images/headphone/8WD3XKVHZH63.jpg,headphone
data/original_images/binder/SH0PNRIAGTF2.jpg,binder
data/original_images/mouse/874LL7GDK9TV.jpg,mouse
data/original_images/binder/1EMELGPE6AOP.jpg,binder
data/original_images/ballpoint/39MUNB8C78Q5.jpg,ballpoint
data/original_images/mouse/L5VXOLJPKRG0.jpg,mouse
data/original_images/binder/PNPJQ4X9DT93.jpg,binder
data/original_images/mug/QFD3WWYG3CS2.jpg,mug
data/original_images/files/JEO703WZE4ZC.jpg,files
data/original_images/binder/JDRD220VG2C7_aug.jpg,binder
data/original_images/binder/DIJ8AWNW1Y9T.jpg,binder
data/original_images/binder/OT2ET4VKO9ND_aug.jpg,binder
data/original_images/mug/images - 2022-03-30T094104.983.jpg,mug
data/original_images/mug/OIMNZDV4GXZJ_aug.jpg,mug
data/original_images/files/LFJ3F4RNVVB0.jpg,files
data/original_images/files/C25MZLEBPUHP.jpg,files
data/original_images/headphone/Q9ZB7ZKY8X7N.jpg,headphone
data/original_images/mug/SU0D9VC16GXU_aug.jpg,mug
data/original_images/mouse/4EFD3VAW5X4J.jpg,mouse
data/original_images/headphone/7DX7M6R37HBD.jpg,headphone
data/original_images/mouse/KCY0M7ONY1L0.jpg,mouse
data/original_images/binder/2GTWDKFUI48O.jpg,binder
data/original_images/files/1TU3MIWDB4OG.jpg,files
data/original_images/ballpoint/PW6IV1PRJJIR.jpg,ballpoint
data/original_images/mouse/MOWTV7Y5GT2W.jpg,mouse
data/original_images/ballpoint/VTUYHCS20VNO.jpg,ballpoint
data/original_images/files/JT82K1J4UICU.jpg,files
data/original_images/files/CJUWOWM7QOJW.jpg,files
data/original_images/binder/MVNM53DTWQS3_aug.jpg,binder
data/original_images/binder/R5ZK3EDOOV9X_aug.jpg,binder
data/original_images/binder/J6G1ABYKHM7A.jpg,binder
data/original_images/mug/sdddddddddddd - Copy.png,mug
data/original_images/ballpoint/MA5BIEEHAUDX.jpg,ballpoint
data/original_images/ballpoint/VVB207JNYBID.jpg,ballpoint
data/original_images/binder/SRLB6XC7ROWT.jpg,binder
data/original_images/ballpoint/OUEXL8YYKAB3.jpg,ballpoint
data/original_images/binder/B9RHO1WIPW25_aug.jpg,binder
data/original_images/mouse/GH11H1GWBKVS.jpg,mouse
data/original_images/mug/S3NFBNVZIN4Z.jpg,mug
data/original_images/files/3KRNHCFTJ1VN.jpg,files
data/original_images/mouse/DURX8MW9FFJL.jpg,mouse
data/original_images/mug/6LDOJKKXSIUW.jpg,mug
data/original_images/binder/6TEZDJW2RWN3.jpg,binder
data/original_images/ballpoint/PGKDVSZB7PS0.jpg,ballpoint
data/original_images/files/9GM06T5JA1SW.jpg,files
data/original_images/ballpoint/F0QKXUAOFP2J.jpg,ballpoint
data/original_images/mouse/8Y98ATCO8ALH.jpg,mouse
data/original_images/ballpoint/WU7EQU270T18.jpg,ballpoint
data/original_images/ballpoint/OJ1NPIDU8SXG.jpg,ballpoint
data/original_images/mug/images - 2022-03-29T160313.603.jpg,mug
data/original_images/mouse/W2AAFPETUOUK.jpg,mouse
data/original_images/headphone/2D9PTNZBDYRY.jpg,headphone
data/original_images/mug/YELKOUVGRCB4.jpg,mug
data/original_images/headphone/image (13).jpeg,headphone
data/original_images/mouse/UANCPLIFT0A1.jpg,mouse
data/original_images/mouse/1CITOXIVFTZV.jpg,mouse
data/original_images/headphone/images (66).jpeg,headphone
data/original_images/ballpoint/BXJEOYUL77QD.jpg,ballpoint
data/original_images/files/A1SJI4D9MOOS.jpg,files
data/original_images/headphone/891485490NCT.jpg,headphone
data/original_images/mug/0QYTMVYA965X.jpg,mug
data/original_images/files/3XGR6QM6X7M7.jpg,files
data/original_images/binder/2CJQWDEK6G98.jpg,binder
data/original_images/files/W9S01Z33YYII.jpg,files
data/original_images/ballpoint/4HV6E90FLZ7Y.jpg,ballpoint
data/original_images/files/58SMCG2PYZ4H.jpg,files
data/original_images/files/57Z49CYGW8FX.jpg,files
data/original_images/mug/images - 2022-03-29T161200.770.jpg,mug
data/original_images/binder/05OCSTERKZER.jpg,binder
data/original_images/files/HPBDFLXF5HT2.jpg,files
data/original_images/ballpoint/RAFB1CVEBZFS.jpg,ballpoint
data/original_images/headphone/V1ZVG55LUE78_aug.jpg,headphone
data/original_images/mug/Screenshot 2022-03-30 103548ppppppppp.png,mug
data/original_images/headphone/DPW1BI3GGHL8.jpg,headphone
data/original_images/mug/61WYQDKJVKQW.jpg,mug
data/original_images/mug/3LWXY4GFPSWS.jpg,mug
data/original_images/ballpoint/7QF247MLYH9Z.jpg,ballpoint
data/original_images/mouse/K5ZV1JNWSGHY.jpg,mouse
data/original_images/files/WS4PI0CRNOSE_aug.jpg,files
data/original_images/files/A26MILVGNX8H.jpg,files
data/original_images/ballpoint/UH15OSK53XMZ.jpg,ballpoint
data/original_images/headphone/3EVY9QWQW08A.jpg,headphone
data/original_images/files/1E9O70EHX2VT.jpg,files
data/original_images/files/XZJ8HXZ051I3.jpg,files
data/original_images/mug/XD4IXE4TOO91.jpg,mug
data/original_images/ballpoint/WJ7QGWIMQACS.jpg,ballpoint
data/original_images/binder/ZBHGGX3CAQS3.jpg,binder
data/original_images/files/G19ME0CC6SWR.jpg,files
data/original_images/mug/images - 2022-03-29T161629.359.jpg,mug
data/original_images/mug/images - 2022-03-30T093740.051.jpg,mug
data/original_images/headphone/images (61).jpeg,headphone
data/original_images/files/SV41HI075DZV.jpg,files
data/original_images/mouse/FG0PAUVVZT14.jpg,mouse
data/original_images/binder/OJXR0F2CYWUU.jpg,binder
data/original_images/mouse/44PMTBN2KCRP.jpg,mouse
data/original_images/ballpoint/7PCFDYLV5B83.jpg,ballpoint
data/original_images/files/2B4FBRGZV628.jpg,files
data/original_images/binder/9PJ01SDXHYBX.jpg,binder
data/original_images/files/RU8HH5QRS2ZN.jpg,files
data/original_images/mouse/CHYZ0T7X1QPU.jpg,mouse
data/original_images/mouse/AJIOY8OTI5BP.jpg,mouse
data/original_images/mouse/SAD75HSBURJ0.jpg,mouse
data/original_images/mug/Screenshot 2022-03-30 102009bbbbbbbbb.png,mug
data/original_images/ballpoint/UTMGLI39VJ9C.jpg,ballpoint
data/original_images/headphone/XT0BRFBLWKMY_aug.jpg,headphone
data/original_images/mouse/S9P8FS5B7FOA.jpg,mouse
data/original_images/mouse/963CXL7URG4L.jpg,mouse
data/original_images/files/XMBZZ2DRYSII.jpg,files
data/original_images/ballpoint/SGYSLF7VEXJZ.jpg,ballpoint
data/original_images/binder/JQ4RMT1F8TYE.jpg,binder
data/original_images/files/WMK9YOGDHE4V.jpg,files
data/original_images/mouse/S4IW3TMHAIW6.jpg,mouse
data/original_images/mug/images (50).jpg,mug
data/original_images/mug/7G8PTZMWEII1.jpg,mug
data/original_images/files/1SF6NSFOKE7Q.jpg,files
data/original_images/ballpoint/1T944LGLGO9D.jpg,ballpoint
data/original_images/files/OP1A9Q21MZTN.jpg,files
data/original_images/binder/RGZBYHBMTO13.jpg,binder
data/original_images/mug/8XX94ZJJ2S3Q_aug.jpg,mug
data/original_images/headphone/9SSNCLVLMKOM.jpg,headphone
data/original_images/binder/1ZXNANEGYF03.jpg,binder
data/original_images/files/YRS4RSMDDK9K.jpg,files
data/original_images/binder/1ABEULX64BB7.jpg,binder
data/original_images/binder/S46UIS9F9K37.jpg,binder
data/original_images/files/Z6E6X9P7GFH5.jpg,files
data/original_images/ballpoint/SGWF7VDGJB0V.jpg,ballpoint
data/original_images/mug/images - 2022-03-30T104352.949.jpg,mug
data/original_images/mug/images - 2022-03-29T155402.679.jpg,mug
data/original_images/headphone/8U5NQTPMFZSD.jpg,headphone
data/original_images/headphone/0O5VTXBQCZLU.jpg,headphone
data/original_images/headphone/WL6WHCW1PX7Q.jpg,headphone
data/original_images/binder/BFB2EVH6GV03.jpg,binder
data/original_images/headphone/XT0BRFBLWKMY.jpg,headphone
data/original_images/binder/28LDZLR373QF.jpg,binder
data/original_images/mug/images - 2022-03-29T160531.664.jpg,mug
data/original_images/mouse/U4DORQYKJO9K.jpg,mouse
data/original_images/binder/B2W621VBBKGT.jpg,binder
data/original_images/ballpoint/8QQB4UZ4BH30.jpg,ballpoint
data/original_images/ballpoint/EGWSGMUBYPSV.jpg,ballpoint
data/original_images/mug/OIMNZDV4GXZJ.jpg,mug
data/original_images/binder/MFD0SEFFRF4E.jpg,binder
data/original_images/headphone/3CYMVVBDAGGT.jpg,headphone
data/original_images/mug/images (19).jpg,mug
data/original_images/binder/S6ULDHDIQ0GJ_aug.jpg,binder
data/original_images/ballpoint/25V27MAN03NB.jpg,ballpoint
data/original_images/headphone/KXTAV8DZIAB3.jpg,headphone
data/original_images/headphone/MQOHJ6SGILD4.jpg,headphone
data/original_images/mug/XWYUPT73V74T.jpg,mug
data/original_images/headphone/6MGWDUJL40XT.jpg,headphone
data/original_images/mouse/Y6T58AC3OS4B.jpg,mouse
data/original_images/ballpoint/L80CUUPI565Z.jpg,ballpoint
data/original_images/headphone/L5AOG2NWCATN_aug.jpg,headphone
data/original_images/mug/images - 2022-03-30T094029.884.jpg,mug
data/original_images/files/VFAB548J2548.jpg,files
data/original_images/binder/229WIVHU9B5E.jpg,binder
data/original_images/headphone/2W37S12P57KK.jpg,headphone
data/original_images/binder/G03WQHT7O1RZ.jpg,binder
data/original_images/headphone/ISG54ZIGM20P_aug.jpg,headphone
data/original_images/mug/images - 2022-03-29T161629.321.jpg,mug
data/original_images/mouse/JQC9441ETP5F.jpg,mouse
data/original_images/ballpoint/LEG5CBWDM11P.jpg,ballpoint
data/original_images/files/EHX4F0MTF9G6.jpg,files
data/original_images/files/BA95DU9DSMQ4.jpg,files
data/original_images/files/JVBEGK1B1408.jpg,files
data/original_images/mouse/45DG6GYTWOGV.jpg,mouse
data/original_images/mouse/H64ALNEGFX0A.jpg,mouse
data/original_images/mug/images - 2022-03-29T160313.587.jpg,mug
data/original_images/ballpoint/ZQBU08506KUD.jpg,ballpoint
data/original_images/headphone/E0VQCSTA64S7.jpg,headphone
data/original_images/mug/images - 2022-03-30T094357.272.jpg,mug
data/original_images/headphone/T35P7FSJIQ21.jpg,headphone
data/original_images/mug/images - 2022-03-30T094243.273.jpg,mug
data/original_images/headphone/S3LZV7E091O5_aug.jpg,headphone
data/original_images/files/YKYO6JWQYUI3_aug.jpg,files
data/original_images/mouse/XOYFQOMZIWNB.jpg,mouse
data/original_images/mouse/O695PXYOHDJY.jpg,mouse
data/original_images/mouse/UZ04D1H1RKT0.jpg,mouse
data/original_images/mug/HISA6DKDWN7L.jpg,mug
data/original_images/binder/EY9EJIUL4QBD.jpg,binder
data/original_images/mouse/G1OMW8GHRI6T.jpg,mouse
data/original_images/files/RKDGM6W7K8AX.jpg,files
data/original_images/mouse/M73Q8J563MNP.jpg,mouse
data/original_images/files/A4CZ5M1IHN0S.jpg,files
data/original_images/mouse/CZJBJWWRIITH.jpg,mouse
data/original_images/mug/T9KQSACQJR3R.jpg,mug
data/original_images/binder/OY10A0CWKPWB.jpg,binder
data/original_images/mouse/AG07LZK5EZHT.jpg,mouse
data/original_images/mug/images - 2022-03-29T155402.608.jpg,mug
data/original_images/files/0ZG6N5C1ZJZ2.jpg,files
data/original_images/ballpoint/MAOYYYTYIFXE.jpg,ballpoint
data/original_images/binder/RL02NRNDQRV9_aug.jpg,binder
data/original_images/binder/C4BMVJC4LC2B.jpg,binder
data/original_images/mug/Screenshot 2022-03-30 101435zxxxxxxxxxxxxxxxxxxx.png,mug
data/original_images/mug/images - 2022-03-30T104006.178.jpg,mug
data/original_images/files/ZDXYESQ3JTED.jpg,files
data/original_images/mug/Z9SEY9A30097_aug.jpg,mug
data/original_images/mouse/F6OGCCB9CHQ9.jpg,mouse
data/original_images/headphone/FKG4DP4UBSYV_aug.jpg,headphone
data/original_images/binder/PB6IPC4CDGJY_aug.jpg,binder
data/original_images/mug/images - 2022-03-29T161629.312.jpg,mug
data/original_images/mouse/87Z2YVAN4JX0.jpg,mouse
data/original_images/ballpoint/M5TGOSJC7D3A.jpg,ballpoint
data/original_images/binder/KJWO2ISN0XJH.jpg,binder
data/original_images/headphone/images (3).jpeg,headphone
data/original_images/ballpoint/GDF4HN64XB91.jpg,ballpoint
data/original_images/files/PUQDSAF3929H_aug.jpg,files
data/original_images/headphone/G57V4S749YTY_aug.jpg,headphone
data/original_images/files/57BKPBQF3KQT.jpg,files
data/original_images/mug/FNZT6EMSVZ1F.jpg,mug
data/original_images/binder/D7JGNB6WQRJK.jpg,binder
data/original_images/headphone/X470YYPXQRLB_aug.jpg,headphone
data/original_images/binder/0DSYBFSD0G2M.jpg,binder
data/original_images/binder/NF5ZK0MNYGEJ.jpg,binder
data/original_images/binder/GOO2GLCHLDV6.jpg,binder
data/original_images/ballpoint/WW4WCECV1HE9.jpg,ballpoint
data/original_images/ballpoint/3SGYTWJFFHVH.jpg,ballpoint
data/original_images/mug/bbbbbbbbbbbbbbbbbb.png,mug
data/original_images/files/E1IUHAAZ7WH2.jpg,files
data/original_images/mug/26BOR3C1RPSF.jpg,mug
data/original_images/mouse/3NWMK0Q77OLD.jpg,mouse
data/original_images/ballpoint/E0364SL38HZM.jpg,ballpoint
data/original_images/files/DDLWKUNWKAJ8.jpg,files
data/original_images/files/B4LKVISLCQ3Q.jpg,files
data/original_images/mouse/NXG6VY03S9UR.jpg,mouse
data/original_images/mug/images - 2022-03-30T093740.095.jpg,mug
data/original_images/headphone/YI5P24VDSLYN.jpg,headphone
data/original_images/mug/KV4H6OCYJT32.jpg,mug
data/original_images/ballpoint/2RRFTP1ERURL.jpg,ballpoint
data/original_images/headphone/G0XPEJDTK9SA_aug.jpg,headphone
data/original_images/ballpoint/BCXLUL9AS1A4.jpg,ballpoint
data/original_images/binder/3HRXOVPZK0AU.jpg,binder
data/original_images/headphone/RENPNF7M3YUG.jpg,headphone
data/original_images/headphone/DRJBQTTF9QWA.jpg,headphone
data/original_images/mouse/PF43DPMGGO85.jpg,mouse
data/original_images/files/PRMER39UIH07.jpg,files
data/original_images/files/S8LHMYACZOS6.jpg,files
data/original_images/ballpoint/7IREGXRZMR1D.jpg,ballpoint
data/original_images/mouse/Z5YF51BSUXPK.jpg,mouse
data/original_images/headphone/images (138).jpeg,headphone
data/original_images/mug/images - 2022-03-30T093930.421.jpg,mug
data/original_images/mug/J16BVLA1DVGU.jpg,mug
data/original_images/headphone/Q17K8U6QKZG2.jpg,headphone
data/original_images/mouse/GDAQW4S0C71K.jpg,mouse
data/original_images/files/BU5XPXV7B86I.jpg,files
data/original_images/mouse/8A6DUEVUHUZN.jpg,mouse
data/original_images/ballpoint/KIJ2BOQ2KA3S.jpg,ballpoint
data/original_images/mug/images - 2022-03-30T094707.483.jpg,mug
data/original_images/mouse/16R7MNKS5WQS.jpg,mouse
data/original_images/mug/images - 2022-03-29T160313.556.jpg,mug
data/original_images/headphone/images (27).jpeg,headphone
data/original_images/ballpoint/QNTXSMO3WG7W.jpg,ballpoint
data/original_images/files/WC0C6CG7UYH8.jpg,files
data/original_images/headphone/FA4K09T0EXE6.jpg,headphone
data/original_images/mug/9999999999.png,mug
data/original_images/files/A21PFTD3Z8PU.jpg,files
data/original_images/mouse/G8OTQHMD9E5E.jpg,mouse
data/original_images/mug/images (6).jpg,mug
data/original_images/headphone/M3UQ6J8PKD12.jpg,headphone
data/original_images/binder/MDTF2P8UEGR4.jpg,binder
data/original_images/mug/DS9520F77JSF_aug.jpg,mug
data/original_images/files/EPK2S3T7IWPL.jpg,files
data/original_images/headphone/29055D8HRYCC_aug.jpg,headphone
data/original_images/mug/9UOA16RPSQQT_aug.jpg,mug
data/original_images/binder/MEONK5XTF34R.jpg,binder
data/original_images/mouse/UH7KKHVW3WCQ.jpg,mouse
data/original_images/binder/AJ4VB4H647NL.jpg,binder
data/original_images/files/VU90K7FECEW6.jpg,files
data/original_images/mug/Screenshot 2022-03-30 101316zxxxxxxxxxxxxx.png,mug
data/original_images/binder/B9VOJ1F2PDE4.jpg,binder
data/original_images/mug/nnnnnnnnnnnnnnnnnnnnnnnnnnnnnnn.png,mug
data/original_images/mug/D0VJPCK9SM6Y.jpg,mug
data/original_images/binder/GTUBX7E1S7IR_aug.jpg,binder
data/original_images/mouse/CQYLI7I6PZEK.jpg,mouse
data/original_images/mug/2Z2L44EXLDMM.jpg,mug
data/original_images/files/TPWPYU82UUAD.jpg,files
data/original_images/mug/nnnnnnnnnnnnnnnn.png,mug
data/original_images/ballpoint/POVDPIN442EN.jpg,ballpoint
data/original_images/binder/PI57DILAVOAR_aug.jpg,binder
data/original_images/mouse/EJXMAS3N1QVV.jpg,mouse
data/original_images/binder/A3KCDHOPMVP3.jpg,binder
data/original_images/mug/IXXA169TDYN0_aug.jpg,mug
data/original_images/ballpoint/BQFFQV8SLM9G.jpg,ballpoint
data/original_images/ballpoint/95SHLCU7U0Z5.jpg,ballpoint
data/original_images/binder/OTN9FCCIGJ49.jpg,binder
data/original_images/binder/P1CHP54R2Y4X_aug.jpg,binder
data/original_images/mug/NFI1Z2E9H4VC.jpg,mug
data/original_images/mouse/OJV34FW922PK.jpg,mouse
data/original_images/mouse/HAEXD5136BRG.jpg,mouse
data/original_images/mouse/MRMXWD67V1PR.jpg,mouse
data/original_images/binder/G2WOAVTPBH18_aug.jpg,binder
data/original_images/binder/T1F2NVYZHCQ1.jpg,binder
data/original_images/files/K6PRAMD23FOV.jpg,files
data/original_images/binder/G9EZFM3ZOYOT.jpg,binder
data/original_images/files/RQFW02QZ12U8.jpg,files
data/original_images/mouse/ZIG2U15GFDPJ.jpg,mouse
data/original_images/binder/P25GJ34G03L2.jpg,binder
data/original_images/files/TRFRD6I4NIW8_aug.jpg,files
data/original_images/mouse/GPFC2W1H2XTI.jpg,mouse
data/original_images/binder/R55JKBI7ZWUY.jpg,binder
data/original_images/ballpoint/DLUAA4OAUMFA.jpg,ballpoint
data/original_images/mug/images - 2022-03-30T104112.177.jpg,mug
data/original_images/files/41JRKULS7KSV.jpg,files
data/original_images/mug/PDXPWOOM6ZM8_aug.jpg,mug
data/original_images/files/UGHZUJ8U75P9_aug.jpg,files
data/original_images/binder/RU7BXI807WGV.jpg,binder
data/original_images/mug/images - 2022-03-30T104353.025.jpg,mug
data/original_images/mouse/88MB5RE0108T.jpg,mouse
data/original_images/ballpoint/LK9O7VH23TE7.jpg,ballpoint
data/original_images/mug/images - 2022-03-30T093740.070.jpg,mug
data/original_images/mug/0T4CHWN24BG0.jpg,mug
data/original_images/headphone/HH1V3KHKKA8C.jpg,headphone
data/original_images/headphone/CG1O9AQFXC3V.jpg,headphone
data/original_images/mug/36WN5ENH9UBV_aug.jpg,mug
data/original_images/mug/Screenshot 2022-03-30 095537mmmmmmmm.png,mug
data/original_images/headphone/VDXZ0ZP278U7.jpg,headphone
data/original_images/binder/GJHDWSGJAKG2.jpg,binder
data/original_images/files/RH841AL38SM5.jpg,files
data/original_images/binder/BHEZJXEVNL0L.jpg,binder
data/original_images/headphone/9OUFZY17UHBP.jpg,headphone
data/original_images/ballpoint/29IBT3YFRL9Q.jpg,ballpoint
data/original_images/ballpoint/WRDP8RJ5V97Q.jpg,ballpoint
data/original_images/mug/AB5TKASWU2PE_aug.jpg,mug
data/original_images/ballpoint/QZOR0X3JUQRM.jpg,ballpoint
data/original_images/mug/images - 2022-03-30T094104.991.jpg,mug
data/original_images/headphone/images (73).jpeg,headphone
data/original_images/binder/D6N812Y5R40O_aug.jpg,binder
data/original_images/ballpoint/2J7U7NI3DMEL.jpg,ballpoint
data/original_images/mug/images - 2022-03-29T155124.941.jpg,mug
data/original_images/mug/194V82OT2CEA_aug.jpg,mug
data/original_images/mouse/7BUBHE57OUK3.jpg,mouse
data/original_images/files/Z9Y3NXC4AEBN.jpg,files
data/original_images/ballpoint/XDGHHLP7M1GW.jpg,ballpoint
data/original_images/binder/ZB76LXIFTAGG.jpg,binder
data/original_images/mouse/JGNVJZ482JEL.jpg,mouse
data/original_images/headphone/5H6ZV34SQ7DZ.jpg,headphone
data/original_images/files/AVWT0AA90210.jpg,files
data/original_images/mug/images - 2022-03-29T155402.583.jpg,mug
data/original_images/ballpoint/PZ8LQ4KCE0AT.jpg,ballpoint
data/original_images/binder/GTXCH085WORV.jpg,binder
data/original_images/mouse/BQZUS4QAZXEX.jpg,mouse
data/original_images/ballpoint/73529ELBG8AR.jpg,ballpoint
data/original_images/mouse/S2ALLEENOKU4.jpg,mouse
data/original_images/mug/YHLV21KGN3NB.jpg,mug
data/original_images/mouse/TET0D8OKBC7B.jpg,mouse
data/original_images/binder/14Q8IXXJKH27.jpg,binder
data/original_images/binder/3SAZP115VJR7.jpg,binder
data/original_images/mouse/0JFLDIW1U8SU.jpg,mouse
data/original_images/ballpoint/MQQEBP5CAXQ3.jpg,ballpoint
data/original_images/files/RO9GH27LN9HR.jpg,files
data/original_images/binder/5ZTLZJ3HCXUY.jpg,binder
data/original_images/mouse/7J20U6S6I5MP.jpg,mouse
data/original_images/binder/PZGY3GEPBP5S.jpg,binder
data/original_images/ballpoint/O3IDA7KMALJL.jpg,ballpoint
data/original_images/binder/P43L199H9168.jpg,binder
data/original_images/ballpoint/ENV65OE31RP6.jpg,ballpoint
data/original_images/binder/YOXQJDQPI9CF_aug.jpg,binder
data/original_images/binder/OIT6F4X8BAE2.jpg,binder
data/original_images/mug/images (99).jpg,mug
data/original_images/ballpoint/K7OTBEJTBDZW.jpg,ballpoint
data/original_images/headphone/O6TB8Y5C4WWK.jpg,headphone
data/original_images/mug/images - 2022-03-30T104257.872.jpg,mug
data/original_images/mouse/UN4BGLFXQ4Y8.jpg,mouse
data/original_images/ballpoint/UVSPEPXQSB41.jpg,ballpoint
data/original_images/mouse/88DDHLLPQJS2.jpg,mouse
data/original_images/ballpoint/AD406L2TE56M.jpg,ballpoint
data/original_images/ballpoint/NCPVDDLHE2EP.jpg,ballpoint
data/original_images/binder/R67B1FZ5VGVC.jpg,binder
data/original_images/ballpoint/CR9WGKVAA01T.jpg,ballpoint
data/original_images/headphone/VJB7X4UIEG49_aug.jpg,headphone
data/original_images/files/YNZHS7Q82HXH.jpg,files
data/original_images/binder/5K1JCV6P3E9Y.jpg,binder
data/original_images/files/S5VJSKQ9671X.jpg,files
data/original_images/mug/ON7ANZZ9BNBZ_aug.jpg,mug
data/original_images/files/LEGCE2RL9IRP.jpg,files
data/original_images/mouse/LDYXAK0MPHSJ.jpg,mouse
data/original_images/mug/MIOL0VP9D40E.jpg,mug
data/original_images/ballpoint/QV09U9KX1WFX.jpg,ballpoint
data/original_images/binder/QMZ04W33Z717.jpg,binder
data/original_images/headphone/2UCUKIVCGNJ6.jpg,headphone
data/original_images/mug/images - 2022-03-30T104353.186.jpg,mug
data/original_images/files/TQNGK08C9YFW_aug.jpg,files
data/original_images/binder/OF4JT3GNGJ3V_aug.jpg,binder
data/original_images/files/9XKGUC629E9M.jpg,files
data/original_images/ballpoint/C3Z62WX47BZN.jpg,ballpoint
data/original_images/files/92UFX7UYEE3E.jpg,files
data/original_images/mouse/1V9DA9OWEBHE.jpg,mouse
data/original_images/files/C0ELA3OFE702.jpg,files
data/original_images/binder/T535S272EYPG_aug.jpg,binder
data/original_images/binder/ORRWM7J4NFV4_aug.jpg,binder
data/original_images/files/R9HK6D2HP8QP.jpg,files
data/original_images/ballpoint/N6L1TF86VRVQ.jpg,ballpoint
data/original_images/binder/6ZNHK69KQLYY.jpg,binder
data/original_images/headphone/2536AT0IX7O4.jpg,headphone
data/original_images/ballpoint/S4X30FPVKQYU.jpg,ballpoint
data/original_images/files/NO3FC4K367SQ.jpg,files
data/original_images/headphone/0UAJXG2ILV3X.jpg,headphone
data/original_images/headphone/COZ9D11ZNDGX.jpg,headphone
data/original_images/headphone/PHZ8U1FNPP4I.jpg,headphone
data/original_images/headphone/9VBIXI824426_aug.jpg,headphone
data/original_images/headphone/M05PS7DA3MZS.jpg,headphone
data/original_images/ballpoint/TT013Z7OECLZ.jpg,ballpoint
data/original_images/files/ZYIK9QDLUVF5.jpg,files
data/original_images/mug/S8XAXR4GGHXW_aug.jpg,mug
data/original_images/binder/FPY203B8KB84.jpg,binder
data/original_images/mouse/GZ3VASFDFKNR.jpg,mouse
data/original_images/mouse/504TAOYGPY9T.jpg,mouse
data/original_images/headphone/MZ1ALG3FRYA3_aug.jpg,headphone
data/original_images/headphone/WR9OS9YOJGJS.jpg,headphone
data/original_images/ballpoint/FUEJ5JLOXFH5.jpg,ballpoint
data/original_images/ballpoint/Y1IG3MU6Y18N.jpg,ballpoint
data/original_images/mug/images - 2022-03-29T161629.328.jpg,mug
data/original_images/ballpoint/VEN0S3AXBZQL.jpg,ballpoint
data/original_images/files/RU16YHHG6D0J.jpg,files
data/original_images/binder/NQ07YBR1QJ89_aug.jpg,binder
data/original_images/files/XLK6PPRX6R6N_aug.jpg,files
data/original_images/mouse/H5JZFHB5U2QQ.jpg,mouse
data/original_images/ballpoint/JZX7ES5Z848U.jpg,ballpoint
data/original_images/headphone/D9COW647F3C9.jpg,headphone
data/original_images/headphone/TTNNVUEL0O2E.jpg,headphone
data/original_images/mouse/2BW8I11W1GVM.jpg,mouse
data/original_images/binder/TW1LMM6SU6CY.jpg,binder
data/original_images/headphone/images (166).jpeg,headphone
data/original_images/files/4OJ7Y2K1BJ07.jpg,files
data/original_images/ballpoint/6UPJZ2YOOCYO.jpg,ballpoint
data/original_images/headphone/28IVW8QNCABD.jpg,headphone
data/original_images/mug/images - 2022-03-29T161629.381.jpg,mug
data/original_images/binder/H9OZTHWLZQ4X.jpg,binder
data/original_images/mug/images - 2022-03-29T155403.041.jpg,mug
data/original_images/binder/57J3DSHK5F31.jpg,binder
data/original_images/mouse/FSXITR02Z27B.jpg,mouse
data/original_images/mug/TBQ3W0ROB0MR.jpg,mug
data/original_images/mouse/BNFXF36HBO9F.jpg,mouse
data/original_images/ballpoint/S1PDA9G62HB3.jpg,ballpoint
data/original_images/mug/OXSEDWZ35NCN.jpg,mug
data/original_images/binder/I3485BT0KYVM_aug.jpg,binder
data/original_images/ballpoint/RYELW1C49NSC.jpg,ballpoint
data/original_images/headphone/images (95).jpeg,headphone
data/original_images/mug/UL52X9R7UY2C.jpg,mug
data/original_images/binder/2X9PIS72HKUD.jpg,binder
data/original_images/mug/MRZUWD0P483O_aug.jpg,mug
data/original_images/headphone/KHAYH6CFANR7.jpg,headphone
data/original_images/mug/7FNMT3QNGR6E.jpg,mug
data/original_images/headphone/images (16).jpeg,headphone
data/original_images/files/39ATO3Y75ABD.jpg,files
data/original_images/mug/images - 2022-03-29T161201.020.jpg,mug
data/original_images/ballpoint/3FVGG350704A.jpg,ballpoint
data/original_images/files/JW5BYEXS5FN3.jpg,files
data/original_images/headphone/9PDSJUYRP90F.jpg,headphone
data/original_images/mouse/OYZFE4TGW6WE.jpg,mouse
data/original_images/binder/ODI8Q0DBZSY9_aug.jpg,binder
data/original_images/mug/Screenshot 2022-03-30 100323zzzzzzzzzzzzz.png,mug
data/original_images/mouse/FL44NJN5WSO8.jpg,mouse
data/original_images/mug/TEU9HDROB2S0.jpg,mug
data/original_images/files/W9S01Z33YYII_aug.jpg,files
data/original_images/mug/images - 2022-03-30T094104.971.jpg,mug
data/original_images/files/6U9W2JTHI0J1.jpg,files
data/original_images/binder/96BUZINAZWNR.jpg,binder
data/original_images/headphone/images (183).jpeg,headphone
data/original_images/mouse/DTZU630BHN10.jpg,mouse
data/original_images/mouse/T37GYMCKKJ5U.jpg,mouse
data/original_images/headphone/IL3ITHWC9EKE_aug.jpg,headphone
data/original_images/binder/ZGBPORBBBC4R.jpg,binder
data/original_images/mouse/NXS520MX4HHS.jpg,mouse
data/original_images/ballpoint/R9RTQG4JR4DS.jpg,ballpoint
data/original_images/mug/F8IOEIRKV5CB.jpg,mug
data/original_images/mouse/UH9RA7YHYS9E.jpg,mouse
data/original_images/binder/KSWKY0ZSGBSW.jpg,binder
data/original_images/files/PPWAPJSHPI30_aug.jpg,files
data/original_images/binder/RQMPJOSANWRK_aug.jpg,binder
data/original_images/ballpoint/TQKJ5Y7XB2S4.jpg,ballpoint
data/original_images/ballpoint/E38HC03DLJGI.jpg,ballpoint
data/original_images/mouse/W1OT25YC1N5T.jpg,mouse
data/original_images/mug/FM83ZEA1V3YN_aug.jpg,mug
data/original_images/mouse/GMAKJ7NLBUQH.jpg,mouse
data/original_images/mug/images - 2022-03-29T161200.712.jpg,mug
data/original_images/headphone/EYB9MKK6BRFT_aug.jpg,headphone
data/original_images/mug/5LMQADW781C0.jpg,mug
data/original_images/files/E6MG6CFMJCKP.jpg,files
data/original_images/mug/GZ8HQVGTYPHH.jpg,mug
data/original_images/ballpoint/YYYR88OW9OOP.jpg,ballpoint
data/original_images/binder/SBZT9FN0P3D0_aug.jpg,binder
data/original_images/ballpoint/KUVQ81ORRKV3.jpg,ballpoint
data/original_images/headphone/LA8JCYIY85DW.jpg,headphone
data/original_images/files/WDNE7NGGKNW1.jpg,files
data/original_images/headphone/8VYO3W1XXHFW.jpg,headphone
data/original_images/mouse/538TCKNLH6SG.jpg,mouse
data/original_images/mug/AB5TKASWU2PE.jpg,mug
data/original_images/binder/3IK49VUGH8RH.jpg,binder
data/original_images/mug/6AZDH2V8BILG.jpg,mug
data/original_images/binder/RN3AJXNTZ5Q0.jpg,binder
data/original_images/mug/JZ5PNVZKO0G5.jpg,mug
data/original_images/ballpoint/ITL9WPMSZWS1.jpg,ballpoint
data/original_images/files/YJ3B62WO3E6N.jpg,files
data/original_images/ballpoint/SSH2L3W71GQR.jpg,ballpoint
data/original_images/files/HGSUGSZ3D6YQ.jpg,files
data/original_images/mug/images - 2022-03-29T155402.864.jpg,mug
data/original_images/mug/images - 2022-03-30T104112.192.jpg,mug
data/original_images/mouse/RGZJB0S4E1ER.jpg,mouse
data/original_images/mouse/38QKYHY4652Q.jpg,mouse
data/original_images/files/925MK3COOXAQ.jpg,files
data/original_images/files/OBZX99FM7M80.jpg,files
data/original_images/headphone/KH0ZINOKAJUQ.jpg,headphone
data/original_images/binder/AB9Z6WW69BMW.jpg,binder
data/original_images/mouse/HGBYN5U6QK5E.jpg,mouse
data/original_images/binder/Q5TM2P5ZEGR1.jpg,binder
data/original_images/files/ICC5EJN14H4Y.jpg,files
data/original_images/ballpoint/FTKWBJT9LS09.jpg,ballpoint
data/original_images/mug/442Z5C1BWY4D.jpg,mug
data/original_images/mug/images - 2022-03-29T160531.718.jpg,mug
data/original_images/mouse/YJA8SF5VF3WU.jpg,mouse
data/original_images/binder/ZZQGNDSNG7NZ.jpg,binder
data/original_images/mug/9DJMXCI8TDCP.jpg,mug
data/original_images/mouse/4PAM6Q8MTRXC.jpg,mouse
data/original_images/mug/images - 2022-03-29T160313.544.jpg,mug
data/original_images/headphone/UDU455FISOWK.jpg,headphone
data/original_images/ballpoint/8DNK6KO89H6C.jpg,ballpoint
data/original_images/mug/KNZROSLOM8SK.jpg,mug
data/original_images/headphone/HM8YA0UVHN8V.jpg,headphone
data/original_images/binder/YXMV1ES90IJJ.jpg,binder
data/original_images/files/JCK6HT35RQCW.jpg,files
data/original_images/binder/RN9HZSXRQKVZ.jpg,binder
data/original_images/files/A949QSXAUP8N.jpg,files
data/original_images/headphone/70HD4CGVXVZG.jpg,headphone
data/original_images/ballpoint/YWSHGJ1AMMCZ.jpg,ballpoint
data/original_images/mouse/WTBPDCGQ94LR.jpg,mouse
data/original_images/headphone/KYF8XH7YYXF9.jpg,headphone
data/original_images/binder/I2UX7L1RPL8M.jpg,binder
data/original_images/binder/MPRVLW2SMIPB.jpg,binder
data/original_images/files/AISV43LL7OEQ.jpg,files
data/original_images/mug/761WQX3FAA9M.jpg,mug
data/original_images/binder/JILHYJ87XM4M.jpg,binder
data/original_images/binder/JPZM0GFLKOBZ.jpg,binder
data/original_images/mouse/UWU1K2VGJCOP.jpg,mouse
data/original_images/mouse/JHEBYDHODYFF.jpg,mouse
data/original_images/mug/Screenshot 2022-03-30 101354xzzzzzzzz.png,mug
data/original_images/ballpoint/2HKWYQP6W96U.jpg,ballpoint
data/original_images/ballpoint/CRG2Q4OFYTYN.jpg,ballpoint
data/original_images/headphone/LXETSG9X4K4Y.jpg,headphone
data/original_images/headphone/K6AYJ916CLO2.jpg,headphone
data/original_images/headphone/4VVX51CFLJ6D.jpg,headphone
data/original_images/binder/LHD4UWLK3QQR_aug.jpg,binder
data/original_images/ballpoint/O4YEZ143HBQX.jpg,ballpoint
data/original_images/ballpoint/GTW00F5NHBFZ.jpg,ballpoint
data/original_images/ballpoint/M96SV3U5J5BQ.jpg,ballpoint
data/original_images/mouse/9Q0EE7TWOQRH.jpg,mouse
data/original_images/ballpoint/NZVUWDEHMI4S.jpg,ballpoint
data/original_images/binder/GSICSKBHIPZT_aug.jpg,binder
data/original_images/mug/Screenshot 2022-03-30 103535nnnnnnnn.png,mug
data/original_images/mug/ETCO6CAISGKQ_aug.jpg,mug
data/original_images/headphone/6LA243BNVLV3.jpg,headphone
data/original_images/files/GWL6J3M1EH1Q.jpg,files
data/original_images/mouse/HNCOUQVLKO3F.jpg,mouse
data/original_images/mug/WPU9WYJZWA37.jpg,mug
data/original_images/headphone/images (170).jpeg,headphone
data/original_images/mug/7ME46ES5QF6B.jpg,mug
data/original_images/binder/OELXC31ENGE7_aug.jpg,binder
data/original_images/binder/APZFVHER988J.jpg,binder
data/original_images/mug/U1SUCTT795GD_aug.jpg,mug
data/original_images/headphone/ZYW4C53LVGFL.jpg,headphone
data/original_images/ballpoint/IH3JTLXGB69V.jpg,ballpoint
data/original_images/binder/DIZRN0MJKC8Z.jpg,binder
data/original_images/binder/O42OL444PE73.jpg,binder
data/original_images/ballpoint/IR76BZFFGW3V.jpg,ballpoint
data/original_images/ballpoint/2PYIN1179LBD.jpg,ballpoint
data/original_images/headphone/images (89).jpeg,headphone
data/original_images/mug/2G21ZFDRK1H0.jpg,mug
data/original_images/mouse/A673Y7SDBHYP.jpg,mouse
data/original_images/headphone/OHASL8LH3U7R.jpg,headphone
data/original_images/mug/UYTLM9E4JL34.jpg,mug
data/original_images/mug/Screenshot 2022-03-30 101506454545.png,mug
data/original_images/files/8PVSXMXK9V6T.jpg,files
data/original_images/binder/DJ2903FB39QP.jpg,binder
data/original_images/files/VG4VJ2NIRD2E_aug.jpg,files
data/original_images/files/G62Q7LS4FXJP.jpg,files
data/original_images/files/MFBOAQZWKKR7.jpg,files
data/original_images/mouse/8B72WQN7UNC3.jpg,mouse
data/original_images/mug/2NFQZX27F667.jpg,mug
data/original_images/ballpoint/203KTR2D67PY.jpg,ballpoint
data/original_images/mug/UB4E5FHCY44C.jpg,mug
data/original_images/files/OOCZCVNK99U0.jpg,files
data/original_images/binder/A1MRZ04PXD9T_aug.jpg,binder
data/original_images/headphone/WFM7V2GVNKCD_aug.jpg,headphone
data/original_images/binder/3MN5Y842UTBU.jpg,binder
data/original_images/binder/KOZ8V0OHAWV2.jpg,binder
data/original_images/files/ZL3IEIL1WQMH_aug.jpg,files
data/original_images/binder/TFXQ4LA1RGMR.jpg,binder
data/original_images/files/WCA9WMC2FDM9.jpg,files
data/original_images/mug/images - 2022-03-30T104353.156.jpg,mug
data/original_images/binder/4GY6VWFSENTK.jpg,binder
data/original_images/mug/images - 2022-03-30T094104.859.jpg,mug
data/original_images/mouse/EUB83IDXSF7F.jpg,mouse
data/original_images/binder/8275BGKQ7ZXJ.jpg,binder
data/original_images/binder/HNJOW70H6HBV.jpg,binder
data/original_images/files/UGHZUJ8U75P9.jpg,files
data/original_images/mug/1XJXTCH79A8K.jpg,mug
data/original_images/ballpoint/Z6CQXJGJQEY2.jpg,ballpoint
data/original_images/mouse/ZPJGI1JXQ67P.jpg,mouse
data/original_images/binder/G31MKEY89L02_aug.jpg,binder
data/original_images/binder/OTKJ064W7EYK_aug.jpg,binder
data/original_images/binder/I43Q0FOCBNC6.jpg,binder
data/original_images/files/61K3YG4MDTEJ.jpg,files
data/original_images/mouse/3DQHTGA1F1DE.jpg,mouse
data/original_images/files/YBWBL1WUZXA8.jpg,files
data/original_images/headphone/BBL5JOBAEDUI.jpg,headphone
data/original_images/mouse/J0VQF9Z29J6H.jpg,mouse
data/original_images/files/EWTWL1ZM80EJ.jpg,files
data/original_images/files/7TSGCNT3UJRK.jpg,files
data/original_images/mug/images (33).jpg,mug
data/original_images/ballpoint/T4BXCKR76QP2.jpg,ballpoint
data/original_images/ballpoint/XWD766LIZUHA.jpg,ballpoint
data/original_images/mouse/BI5PWY3ROZQS.jpg,mouse
data/original_images/mouse/HESGGV8F3AYA.jpg,mouse
data/original_images/binder/CBJNGBI3MKTL.jpg,binder
data/original_images/mug/images - 2022-03-30T093740.234.jpg,mug
data/original_images/mug/8XYHXIEVWE9X.jpg,mug
data/original_images/files/U677C1W3ZE9F.jpg,files
data/original_images/headphone/RFVR232CVFHH.jpg,headphone
data/original_images/headphone/NPR2KQVMZB1E.jpg,headphone
data/original_images/binder/SLLT0IYZ0U5L_aug.jpg,binder
data/original_images/files/41R8ESUWMCS1.jpg,files
data/original_images/binder/5K7M02KNUOXZ.jpg,binder
data/original_images/mouse/DALRXAQMAHCR.jpg,mouse
data/original_images/binder/F13ZI2AV4SNK.jpg,binder
data/original_images/ballpoint/JYH01YL6RULY.jpg,ballpoint
data/original_images/files/NMWJY2BNP4T1.jpg,files
data/original_images/binder/8VGIH7HD6ZMF.jpg,binder
data/original_images/mug/9NJC9RIW81HZ_aug.jpg,mug
data/original_images/ballpoint/1H3RBQEDNT6X.jpg,ballpoint
data/original_images/binder/SBZT9FN0P3D0.jpg,binder
data/original_images/headphone/YTI7VMYVUTTA_aug.jpg,headphone
data/original_images/mug/images - 2022-03-29T155402.582.jpg,mug
data/original_images/binder/Q3R6IINC82OU_aug.jpg,binder
data/original_images/headphone/G57V4S749YTY.jpg,headphone
data/original_images/headphone/AYZ6IPZ2YTUL.jpg,headphone
data/original_images/binder/7D8UD8R1IFK5.jpg,binder
data/original_images/mouse/8FEFETFPGUYK.jpg,mouse
data/original_images/files/510ZD6G8NZI5.jpg,files
data/original_images/ballpoint/J7JO9JSC4QGE.jpg,ballpoint
data/original_images/ballpoint/FYKFOITGOFRO.jpg,ballpoint
data/original_images/mug/CPTZPMZY0YG6.jpg,mug
data/original_images/mug/GLATNQI3A8VU.jpg,mug
data/original_images/headphone/59E41ZRR940T.jpg,headphone
data/original_images/ballpoint/JF19G2PTB8XV.jpg,ballpoint
data/original_images/mouse/J19SOIM8WL22.jpg,mouse
data/original_images/files/5OBNM4Y0QA2E.jpg,files
data/original_images/files/PI0WPKXQ3C9K.jpg,files
data/original_images/files/V8XSNWRKFE4N.jpg,files
data/original_images/files/YDMOBG13BUKY_aug.jpg,files
data/original_images/headphone/8P9OLXXKJ60D.jpg,headphone
data/original_images/binder/AQ9LA3BLIUOI.jpg,binder
data/original_images/mug/images - 2022-03-30T104352.860.jpg,mug
data/original_images/mouse/9NPV0KYVT1C4.jpg,mouse
data/original_images/files/CUYNW16ZE3ZC.jpg,files
data/original_images/files/TPWPYU82UUAD_aug.jpg,files
data/original_images/ballpoint/8O1RUNOPRL58.jpg,ballpoint
data/original_images/mouse/NE0KJVYDO2AC.jpg,mouse
data/original_images/mug/Y2FSY565FGIK_aug.jpg,mug
data/original_images/headphone/0CVE6T214FIN_aug.jpg,headphone
data/original_images/headphone/7PLNPMNZO16G.jpg,headphone
data/original_images/ballpoint/GSQCD9KVW6QZ.jpg,ballpoint
data/original_images/ballpoint/0JDMW133LTVE.jpg,ballpoint
data/original_images/mouse/3NDSP73LHRRJ.jpg,mouse
data/original_images/binder/M15VOE0AOUDO.jpg,binder
data/original_images/mug/cup.PNG,mug
data/original_images/mug/GFXMF3B80W4U.jpg,mug
data/original_images/ballpoint/LDIX4UECMIYH.jpg,ballpoint
data/original_images/mug/Screenshot 2022-03-30 102557qwwwwwwwwww.png,mug
data/original_images/binder/Q2FLWSOGBY3L.jpg,binder
data/original_images/files/9Y1C7APV2KHD.jpg,files
data/original_images/files/RYOVGCFLVPI6.jpg,files
data/original_images/mug/IGGW1US1PZDA.jpg,mug
data/original_images/mouse/Y98VQLFMLCWO.jpg,mouse
data/original_images/files/09EYEL82T472.jpg,files
data/original_images/headphone/T0CT76MF8M6X_aug.jpg,headphone
data/original_images/files/7XKZSHX0LX3G.jpg,files
data/original_images/files/5LA5YIG6W1II.jpg,files
data/original_images/mouse/525ZJGD0W95F.jpg,mouse
data/original_images/mug/Screenshot 2022-03-30 0956230000.png,mug
data/original_images/mug/9LEAVE9XDXGM_aug.jpg,mug
data/original_images/mug/Screenshot 2022-03-30 103055nn.png,mug
data/original_images/files/LKNX4XGJKMR1.jpg,files
data/original_images/files/HT4R83ZSLO44.jpg,files
data/original_images/mouse/QVZWGR0K5QP6.jpg,mouse
data/original_images/files/LU6FYWPHXSFB.jpg,files
data/original_images/mug/images (65).jpg,mug
data/original_images/ballpoint/KB8F51KUH457.jpg,ballpoint
data/original_images/mouse/1IKCAMJDY2BP.jpg,mouse
data/original_images/mouse/KQIDYT4FLK70.jpg,mouse
data/original_images/files/HZLK90NMEOGV.jpg,files
data/original_images/headphone/JLS9Q1EN0OA8_aug.jpg,headphone
data/original_images/headphone/images (151).jpeg,headphone
data/original_images/mouse/FKKMOR64TDF5.jpg,mouse
data/original_images/binder/L3DZBA0CMEZ2_aug.jpg,binder
data/original_images/files/HUGNK966UED4.jpg,files
data/original_images/headphone/T8PV6SW3YBW0.jpg,headphone
data/original_images/mug/Screenshot 2022-03-30 104814nnnnnnn.png,mug
data/original_images/headphone/images (100).jpeg,headphone
data/original_images/ballpoint/QYEL72SGO714.jpg,ballpoint
data/original_images/ballpoint/0092AX2XNIDE.jpg,ballpoint
data/original_images/ballpoint/AYXW25KT2SM3.jpg,ballpoint
data/original_images/files/F47YVAQ3M3KH.jpg,files
data/original_images/mug/4GQEHL9W9CRJ.jpg,mug
data/original_images/headphone/MG2TU3463GKT.jpg,headphone
data/original_images/mug/images - 2022-03-30T104353.089.jpg,mug
data/original_images/ballpoint/9SC82HICTFAG.jpg,ballpoint
data/original_images/mug/2CE6SXZZHVON.jpg,mug
data/original_images/files/67Y5TC69B1HE.jpg,files
data/original_images/files/VJERNF5W4DA8.jpg,files
data/original_images/mug/MK6UOYONZNAS.jpg,mug
data/original_images/mug/X3VTNNU7NVP9.jpg,mug
data/original_images/binder/PTIRX1GB1AOG.jpg,binder
data/original_images/binder/HD44LYBMRM1F.jpg,binder
data/original_images/mouse/YG4WVPHGLO8P.jpg,mouse
data/original_images/mouse/1RPSJ2NLB71Q.jpg,mouse
data/original_images/headphone/ZSSMO7SRKJS8_aug.jpg,headphone
data/original_images/headphone/UEGFEME7SQ1N.jpg,headphone
data/original_images/files/4QTWMER3I7JJ.jpg,files
data/original_images/files/T5BGYIHB4HZ3.jpg,files
data/original_images/binder/RZCG5PVHHJEA.jpg,binder
data/original_images/headphone/76BE3Q19GFEL.jpg,headphone
data/original_images/binder/P1JMO71QC4MQ.jpg,binder
data/original_images/binder/KUWJQNR16UDM.jpg,binder
data/original_images/headphone/images (8).jpeg,headphone
data/original_images/headphone/images (157).jpeg,headphone
data/original_images/files/5BOCUL9J69L4.jpg,files
data/original_images/headphone/images (22).jpeg,headphone
data/original_images/ballpoint/D31IO2EQRO12.jpg,ballpoint
data/original_images/binder/HOKXF0LFRWX6_aug.jpg,binder
data/original_images/binder/HB2I2RCVEAHV.jpg,binder
data/original_images/mug/DLSFMUHIAX08_aug.jpg,mug
data/original_images/ballpoint/67L244K71PC6.jpg,ballpoint
data/original_images/headphone/9G6RHLLEAKI0_aug.jpg,headphone
data/original_images/files/UJI5LI5K736Y.jpg,files
data/original_images/mug/7XEXJC9OR2O1_aug.jpg,mug
data/original_images/binder/Z1JZDIQLVXZE_aug.jpg,binder
data/original_images/mug/YBHHXHVHGVRN.jpg,mug
data/original_images/headphone/A8LBV25R73GN.jpg,headphone
data/original_images/mug/K0JO1OMNLSR0.jpg,mug
data/original_images/mug/6WV4SVHVPRMV.jpg,mug
data/original_images/binder/73D3RNV7TS7Y.jpg,binder
data/original_images/ballpoint/Q05C85JBTKSL.jpg,ballpoint
data/original_images/files/NWVHQZ27FOVM.jpg,files
data/original_images/ballpoint/H8A3NKRUJP0M.jpg,ballpoint
data/original_images/files/FRDGM94YLWT8.jpg,files
data/original_images/files/OB0LWC5VESPK.jpg,files
data/original_images/files/TZFXHV1QMFRU.jpg,files
data/original_images/mug/images - 2022-03-29T155402.551.jpg,mug
data/original_images/files/TEYL5IS0MRQ2.jpg,files
data/original_images/headphone/GNVPCPIZOHO8.jpg,headphone
data/original_images/binder/QUBTE51IXRNU.jpg,binder
data/original_images/ballpoint/A4X95ZQZ5B8B.jpg,ballpoint
data/original_images/headphone/DS97KWYRQXPH.jpg,headphone
data/original_images/mouse/4Z9XCCMP3ECK.jpg,mouse
data/original_images/mouse/BY1NZE0RPSTT.jpg,mouse
data/original_images/files/VNX5JOGQ7LW0_aug.jpg,files
data/original_images/mug/Y1XIBY88LD1E.jpg,mug
data/original_images/binder/F1JDMSYG9B4V.jpg,binder
data/original_images/ballpoint/3AT9LFQ0676B.jpg,ballpoint
data/original_images/mug/XY0TLCKKA4Y1_aug.jpg,mug
data/original_images/headphone/images.jpeg,headphone
data/original_images/headphone/W8C72Z2YO6I8_aug.jpg,headphone
data/original_images/mug/4SW61IINGY6K.jpg,mug
data/original_images/binder/B2W621VBBKGT_aug.jpg,binder
data/original_images/ballpoint/61PM7H2A37QC.jpg,ballpoint
data/original_images/mouse/UIGUBE1OONUG.jpg,mouse
data/original_images/headphone/KMEWAGECY3K8.jpg,headphone
data/original_images/mug/2AG0IPTCPMML.jpg,mug
data/original_images/headphone/EL0KCUSNR7K3_aug.jpg,headphone
data/original_images/binder/D2YIQKCK373B.jpg,binder
data/original_images/mouse/D7MZVQF51KVG.jpg,mouse
data/original_images/binder/6X3ZUVX8MDI3.jpg,binder
data/original_images/headphone/SKRUZVXOHEOC.jpg,headphone
data/original_images/files/V242VTMXRZ65_aug.jpg,files
data/original_images/mouse/R8H92G1JYS6P.jpg,mouse
data/original_images/mouse/HUC4YTQB8X6G.jpg,mouse
data/original_images/mug/images - 2022-03-30T094243.319.jpg,mug
data/original_images/ballpoint/0W8YA76XU7Y7.jpg,ballpoint
data/original_images/ballpoint/XQLWUUE51ZU0.jpg,ballpoint
data/original_images/mug/images - 2022-03-30T093740.215.jpg,mug
data/original_images/mug/TW1JBWV5KKCU_aug.jpg,mug
data/original_images/binder/B1B6PDCCIV8D.jpg,binder
data/original_images/mug/U4MLNK9FSCVN_aug.jpg,mug
data/original_images/binder/THPE6YU0OED7.jpg,binder
data/original_images/mouse/FLGUXAXJCVSH.jpg,mouse
data/original_images/files/YXRELVI2JS0H.jpg,files
data/original_images/ballpoint/DHEV846HHEEX.jpg,ballpoint
data/original_images/files/U1CGFQM8TRSD_aug.jpg,files
data/original_images/binder/QKUE1I9IPYH4.jpg,binder
data/original_images/files/S5YEUA8W0AXX_aug.jpg,files
data/original_images/headphone/35TEY4Q9SI36.jpg,headphone
data/original_images/binder/H9O8XWZ8SQOO.jpg,binder
data/original_images/files/OHJT9D6NBI2Q.jpg,files
data/original_images/mouse/HL3KANY8MZ41.jpg,mouse
data/original_images/binder/Z1JZDIQLVXZE.jpg,binder
data/original_images/ballpoint/JCK8VNVPGKLZ.jpg,ballpoint
data/original_images/mouse/N4PAQTG0JHPJ.jpg,mouse
data/original_images/mouse/4AK0P91S6KKT.jpg,mouse
data/original_images/files/J9M79LVQTAEO.jpg,files
data/original_images/mouse/0QZ1DJGGZ8EN.jpg,mouse
data/original_images/binder/5NODBQJQ2YIP.jpg,binder
data/original_images/mouse/HO6164A4EI3M.jpg,mouse
data/original_images/mug/UVF71K5N6DVH.jpg,mug
data/original_images/mug/images - 2022-03-29T155402.495.jpg,mug
data/original_images/files/VOLOZ97R02ZR.jpg,files
data/original_images/ballpoint/CIEW0G98T8SF.jpg,ballpoint
data/original_images/mouse/M5YNF13ASL0X.jpg,mouse
data/original_images/ballpoint/EC23UXOVEJ8Q.jpg,ballpoint
data/original_images/mouse/3S45YP0M6S26.jpg,mouse
data/original_images/ballpoint/WA1FOFLOS4M8.jpg,ballpoint
data/original_images/files/90MBV9AWWKJX.jpg,files
data/original_images/binder/T01RT1AQDALV.jpg,binder
data/original_images/ballpoint/3522NFCT6L3K.jpg,ballpoint
data/original_images/mouse/VSSQ29Z5L8IM.jpg,mouse
data/original_images/mug/images - 2022-03-30T103924.658.jpg,mug
data/original_images/mug/images - 2022-03-30T094104.912.jpg,mug
data/original_images/files/ES9NYO8CK3FF.jpg,files
data/original_images/binder/BQVZNOCYEFK7.jpg,binder
data/original_images/headphone/FAD3RGOZDW7X.jpg,headphone
data/original_images/binder/Q3WSY8ETJXZH_aug.jpg,binder
data/original_images/mug/images - 2022-03-30T094243.424.jpg,mug
data/original_images/mug/7LYGOZGSWWYU.jpg,mug
data/original_images/headphone/images (110).jpeg,headphone
data/original_images/headphone/image (12).jpeg,headphone
data/original_images/mug/T4I7ZPMD0IF1.jpg,mug
data/original_images/mouse/A17KZC8D5Q6L.jpg,mouse
data/original_images/mouse/3UCATA18YHH1.jpg,mouse
data/original_images/mug/uuuuuuuuuuuu.png,mug
data/original_images/mug/15UZP2DLRU3R.jpg,mug
data/original_images/ballpoint/70I7T3ON3O4O.jpg,ballpoint
data/original_images/mouse/6T9B8FDTAFPH.jpg,mouse
data/original_images/ballpoint/V3OEB3GY1CX4.jpg,ballpoint
data/original_images/binder/27FRL1991K0E.jpg,binder
data/original_images/files/34JT6W9BTRCP.jpg,files
data/original_images/files/R50S47JVS1D0.jpg,files
data/original_images/files/7GCCQZ309Z1Z.jpg,files
data/original_images/ballpoint/GYWKECL4QAVC.jpg,ballpoint
data/original_images/ballpoint/N2II7FOOWJCT.jpg,ballpoint
data/original_images/headphone/QNUJIEW5IZD1_aug.jpg,headphone
data/original_images/binder/9OOI868ZDO87.jpg,binder
data/original_images/binder/SVA6BGB80ETN.jpg,binder
data/original_images/ballpoint/AGIMPOHZC93U.jpg,ballpoint
data/original_images/headphone/NYD81BP107Z1_aug.jpg,headphone
data/original_images/mug/JKSD2CFVMW3A_aug.jpg,mug
data/original_images/files/1AWO4LR2JJ3K.jpg,files
data/original_images/ballpoint/34INYPZVWM2U.jpg,ballpoint
data/original_images/binder/L3025JFWGT2V_aug.jpg,binder
data/original_images/ballpoint/P407QMQWBN86.jpg,ballpoint
data/original_images/mug/9G2CWS6KL1JC.jpg,mug
data/original_images/ballpoint/VRAUOAU771XB.jpg,ballpoint
data/original_images/mouse/8WYZITZ9J7PQ.jpg,mouse
data/original_images/files/6H4C6NV8YTTX.jpg,files
data/original_images/ballpoint/PLIHMJMMYL5B.jpg,ballpoint
data/original_images/mug/Screenshot 2022-03-30 100756zzzzzzzzzzzz.png,mug
data/original_images/binder/07LRRDDMSLL2.jpg,binder
data/original_images/headphone/KOGQ13DCYYL0.jpg,headphone
data/original_images/ballpoint/16C9F7T1ATYP.jpg,ballpoint
data/original_images/files/3ZON2P4FV059.jpg,files
data/original_images/mug/images - 2022-03-30T094243.266.jpg,mug
data/original_images/mug/3UCCW1XPWAXV.jpg,mug
data/original_images/files/84UUKX4NVCZE.jpg,files
data/original_images/ballpoint/ZL8KFAPH1WIQ.jpg,ballpoint
data/original_images/mug/8XYHXIEVWE9X_aug.jpg,mug
data/original_images/ballpoint/BBBC45AZF76F.jpg,ballpoint
data/original_images/binder/5WJ9H9TUR7YO.jpg,binder
data/original_images/files/P2A1U1ASI4JW.jpg,files
data/original_images/binder/TQLDK7B1KMRC.jpg,binder
data/original_images/ballpoint/USUDBHCB891M.jpg,ballpoint
data/original_images/binder/OY5IT7091ANK.jpg,binder
data/original_images/binder/SYCRKP5Q5VSQ_aug.jpg,binder
data/original_images/files/92JXJPCAJIK6.jpg,files
data/original_images/binder/7WEZPOY49SAM.jpg,binder
data/original_images/headphone/IPRSLI42OYQ3.jpg,headphone
data/original_images/files/G43T6Z194ANX.jpg,files
data/original_images/mug/images - 2022-03-29T161201.000.jpg,mug
data/original_images/mouse/EQPXN73UH08K.jpg,mouse
data/original_images/headphone/XF6NNGG3IH95_aug.jpg,headphone
data/original_images/mug/1TJT52QW3AT3.jpg,mug
data/original_images/files/OWQOMTFU1X50.jpg,files
data/original_images/mouse/SRF15ESOB8C1.jpg,mouse
data/original_images/files/6X5EVCR3ZLQJ.jpg,files
data/original_images/binder/O8KJNLY2FSI2_aug.jpg,binder
data/original_images/mouse/TS6M2W0AQRVZ.jpg,mouse
data/original_images/mug/KWTH8BMJPDW7.jpg,mug
data/original_images/ballpoint/PBWTDS1E8BCW.jpg,ballpoint
data/original_images/ballpoint/0VOF9OZ4HBCW.jpg,ballpoint
data/original_images/mug/images - 2022-03-30T094243.330.jpg,mug
data/original_images/ballpoint/PVAZ7M0JFBYS.jpg,ballpoint
data/original_images/headphone/KD73D64FMPZX_aug.jpg,headphone
data/original_images/binder/7KJO54Z15AY3.jpg,binder
data/original_images/ballpoint/TKUL6M4TWCR6.jpg,ballpoint
data/original_images/headphone/PV7ELBWKMDGZ.jpg,headphone
data/original_images/ballpoint/CH7TGD7R0QFF.jpg,ballpoint
data/original_images/mug/Y850FCO9XL0D.jpg,mug
data/original_images/mouse/Y67CQTDQ6TI3.jpg,mouse
data/original_images/binder/M7O07GELMDLJ_aug.jpg,binder
data/original_images/headphone/XAFE96XOBWAV_aug.jpg,headphone
data/original_images/headphone/3TJJ2U31YLN5.jpg,headphone
data/original_images/files/TUNJCUDA5QQO_aug.jpg,files
data/original_images/binder/PYAWAEWGU617_aug.jpg,binder
data/original_images/mouse/MSG0MWDPH76I.jpg,mouse
data/original_images/mouse/0GR9EH03VB4P.jpg,mouse
data/original_images/mug/BH3BBG27ZC9B.jpg,mug
data/original_images/headphone/SGNBQES6NF7D.jpg,headphone
data/original_images/mug/O73Z710M49N9.jpg,mug
data/original_images/mug/images - 2022-03-30T094206.873.jpg,mug
data/original_images/files/ZHC2SUXV2HIB.jpg,files
data/original_images/files/VDD7GEL80INQ.jpg,files
data/original_images/files/A921EELBOPI7.jpg,files
data/original_images/mug/IAQB7C9M1I1E_aug.jpg,mug
data/original_images/files/PZL3C3AN7X87.jpg,files
data/original_images/binder/CVEVWXS3OWV4.jpg,binder
data/original_images/files/X45ES2QEEOJD.jpg,files
data/original_images/mug/IEBLRKOP9B7H.jpg,mug
data/original_images/headphone/images (65).jpeg,headphone
data/original_images/mouse/56SZYSKOFNHD.jpg,mouse
data/original_images/binder/R75N0Z7ONXUR.jpg,binder
data/original_images/binder/IHKHBALGH4LK.jpg,binder
data/original_images/binder/D74JH9SO3KOI.jpg,binder
data/original_images/binder/SIPRT5AL1RWY_aug.jpg,binder
data/original_images/ballpoint/JUP0JDVGL1GN.jpg,ballpoint
data/original_images/binder/1TIOT4EL74W4.jpg,binder
data/original_images/binder/ZJXWJ797DOTY_aug.jpg,binder
data/original_images/mouse/PKC3SSZPC7Z0.jpg,mouse
data/original_images/mouse/5HMHESIE6VQ4.jpg,mouse
data/original_images/files/MZELPVLWJ873.jpg,files
data/original_images/headphone/8P4X1F7IGO31_aug.jpg,headphone
data/original_images/mug/0E25BSFCG1OC.jpg,mug
data/original_images/binder/OH9ZML3T7NSL_aug.jpg,binder
data/original_images/ballpoint/PCZW0WSJOVAW.jpg,ballpoint
data/original_images/files/RLPX249D61D8.jpg,files
data/original_images/mug/images - 2022-03-30T094029.814.jpg,mug
data/original_images/binder/LWNUW8CNINS1.jpg,binder
data/original_images/mug/images - 2022-03-29T161629.286.jpg,mug
data/original_images/binder/L7UDEKJRLCV8.jpg,binder
data/original_images/mouse/ZV9GYSIYBTFH.jpg,mouse
data/original_images/files/LFKW1XEB36ER.jpg,files
data/original_images/files/7L5W4YG4C2DV.jpg,files
data/original_images/mug/images - 2022-03-30T094243.378.jpg,mug
data/original_images/headphone/FIW17XSFD7QD.jpg,headphone
data/original_images/mug/images (26).jpg,mug
data/original_images/binder/27NGNC5XYGU5.jpg,binder
data/original_images/headphone/0IKUB8018M70.jpg,headphone
data/original_images/mug/images - 2022-03-30T103924.718.jpg,mug
data/original_images/headphone/FQ1H076QF3DM.jpg,headphone
data/original_images/files/JL3NCWZP8MNI.jpg,files
data/original_images/headphone/5MQ1V28PPB67.jpg,headphone
data/original_images/mug/FUMGSJRVXBO4.jpg,mug
data/original_images/headphone/images (119).jpeg,headphone
data/original_images/ballpoint/2LMOK06E1L0I.jpg,ballpoint
data/original_images/files/4ZJO0PYYH284.jpg,files
data/original_images/binder/ZFLCDDQI0ORS.jpg,binder
data/original_images/binder/QPJDVXFCIDOG.jpg,binder
data/original_images/ballpoint/U7QO35M8MR8O.jpg,ballpoint
data/original_images/binder/A10HLWCARM88.jpg,binder
data/original_images/mug/Y4QOQB9S96BF_aug.jpg,mug
data/original_images/headphone/EIEUVHE9ML9E_aug.jpg,headphone
data/original_images/mouse/36JV90ZO46IG.jpg,mouse
data/original_images/headphone/4COHL3592RM9.jpg,headphone
data/original_images/binder/F1OMLS05BBG3.jpg,binder
data/original_images/mug/4WPW854529UK.jpg,mug
data/original_images/headphone/8CJ3MWXCUU81_aug.jpg,headphone
data/original_images/headphone/W6HORSAV5P9S_aug.jpg,headphone
data/original_images/mouse/6ICZD0STDZ80.jpg,mouse
data/original_images/ballpoint/6WV8FH1FCU93.jpg,ballpoint
data/original_images/mouse/617S08FWNOXS.jpg,mouse
data/original_images/mug/Screenshot 2022-03-30 1011018888888888888888.png,mug
data/original_images/ballpoint/JXPD1KNHAR5S.jpg,ballpoint
data/original_images/binder/6BBPDLQ6OQBO.jpg,binder
data/original_images/mug/images - 2022-03-29T161200.802.jpg,mug
data/original_images/binder/Z5ORT97VGAS8.jpg,binder
data/original_images/headphone/NYD81BP107Z1.jpg,headphone
data/original_images/binder/NYJ049UJHAQQ_aug.jpg,binder
data/original_images/mug/YL5Z59CAV40Z.jpg,mug
data/original_images/ballpoint/H5C78WO9BAYQ.jpg,ballpoint
data/original_images/files/IBQGW7SQFA5F.jpg,files
data/original_images/mouse/CYYDT9Z5FDBO.jpg,mouse
data/original_images/ballpoint/NTOBCPE6B9P2.jpg,ballpoint
data/original_images/mug/WGHALKZWYBMV.jpg,mug
data/original_images/binder/R67B1FZ5VGVC_aug.jpg,binder
data/original_images/headphone/W6HORSAV5P9S.jpg,headphone
data/original_images/files/GPTGNE6Q9XMV.jpg,files
data/original_images/mug/8PO5G1D3SCUP.jpg,mug
data/original_images/headphone/PX6ODX8799N8.jpg,headphone
data/original_images/mouse/L5BQFAMZ5QA1.jpg,mouse
data/original_images/mouse/O3PG75YPYP2Z.jpg,mouse
data/original_images/mouse/34XV7J2GSWYH.jpg,mouse
data/original_images/mug/ODNGWBWC2NAR.jpg,mug
data/original_images/mouse/UFI3Z67UYB4S.jpg,mouse
data/original_images/ballpoint/9K8J2O2428CB.jpg,ballpoint
data/original_images/binder/13MZH8NEUASM.jpg,binder
data/original_images/files/ZN1UD8YEHJM0.jpg,files
data/original_images/binder/SUXK3Q26YV5L_aug.jpg,binder
data/original_images/mug/X8PPNY02E48W.jpg,mug
data/original_images/binder/64A3D1JNX50F.jpg,binder
data/original_images/mouse/THLCEJ5E3NZP.jpg,mouse
data/original_images/mug/H89BFNLM0M7Z.jpg,mug
data/original_images/binder/GE50GYTOJ6VL.jpg,binder
data/original_images/headphone/RQNI9Z2ZRG1O.jpg,headphone
data/original_images/ballpoint/DUOXDXAJRB2Q.jpg,ballpoint
data/original_images/mug/images - 2022-03-30T093844.173.jpg,mug
data/original_images/files/90ZZF3W9ON5I.jpg,files
data/original_images/ballpoint/V9KF3OWDJAKD.jpg,ballpoint
data/original_images/mug/Screenshot 2022-03-30 10111666666666666666.png,mug
data/original_images/mouse/8DD429GO5ETB.jpg,mouse
data/original_images/headphone/Y03CH5IGXK2Z.jpg,headphone
data/original_images/mouse/R2NOB0DODUHE.jpg,mouse
data/original_images/mouse/4F3238KFBB6Y.jpg,mouse
data/original_images/ballpoint/CX995WJH7S2M.jpg,ballpoint
data/original_images/headphone/6Y4H2N4CFYDJ.jpg,headphone
data/original_images/ballpoint/1TPNLOTCAO6U.jpg,ballpoint
data/original_images/mouse/E7W9NVFF7HKX.jpg,mouse
data/original_images/mouse/9F526Y61TZE7.jpg,mouse
data/original_images/ballpoint/D6DR43TKU20K.jpg,ballpoint
data/original_images/files/V46NHVVYNNQ9.jpg,files
data/original_images/mug/images - 2022-03-30T094104.972.jpg,mug
data/original_images/mouse/1VOSK2NU9YTQ.jpg,mouse
data/original_images/binder/QD4IEHHP9K9K.jpg,binder
data/original_images/headphone/L3X4MYGZV7YT_aug.jpg,headphone
data/original_images/ballpoint/L2IP2X8DCRY3.jpg,ballpoint
data/original_images/binder/0GC7CZC4BVW1.jpg,binder
data/original_images/files/6U72845P6I5A.jpg,files
data/original_images/mouse/355J510ZKQZN.jpg,mouse
data/original_images/ballpoint/SZM1LKBEREG5.jpg,ballpoint
data/original_images/headphone/83T7XTM1OXFJ_aug.jpg,headphone
data/original_images/mouse/332MHL97726J.jpg,mouse
data/original_images/mug/images - 2022-03-30T104352.943.jpg,mug
data/original_images/binder/HCA8NLAV9FWH.jpg,binder
data/original_images/ballpoint/K1WCILXE1MBQ.jpg,ballpoint
data/original_images/mug/TKCB23DYBTIZ.jpg,mug
data/original_images/ballpoint/EM360XLDT4G4.jpg,ballpoint
data/original_images/binder/AXPSFP3DM3VU.jpg,binder
data/original_images/files/P7KMVPBNRK24.jpg,files
data/original_images/headphone/images (31).jpeg,headphone
data/original_images/files/M5DYM6ZR5VGU.jpg,files
data/original_images/mouse/NU5S36OBM9AF.jpg,mouse
data/original_images/mouse/PQFXH86AISIG.jpg,mouse
data/original_images/binder/DI0JY7ETDAGY_aug.jpg,binder
data/original_images/files/FAKAKHX53XJD.jpg,files
data/original_images/headphone/2G9XRAL1GGK0_aug.jpg,headphone
data/original_images/mouse/82ULS49VTR2O.jpg,mouse
data/original_images/files/WFLUHCI3PRZO_aug.jpg,files
data/original_images/headphone/WN70AOYU0GEO_aug.jpg,headphone
data/original_images/mouse/ZHZ4TI2LW9ZA.jpg,mouse
data/original_images/mouse/Z7PEFHK1MOC3.jpg,mouse
data/original_images/files/KKMXI654JGKO.jpg,files
data/original_images/mouse/JWSQYKD7SCFD.jpg,mouse
data/original_images/mug/images (68).jpg,mug
data/original_images/ballpoint/4X9Q70PI5VEP.jpg,ballpoint
data/original_images/mug/Screenshot 2022-03-30 104602mmmmmmmm.png,mug
data/original_images/files/G0ZC65WXKNG2.jpg,files
data/original_images/binder/MS39VSQXEGJ5.jpg,binder
data/original_images/ballpoint/H9EQ1OK3JPST.jpg,ballpoint
data/original_images/files/5IF6B74KJVVA.jpg,files
data/original_images/mouse/690J9ZO6HP9D.jpg,mouse
data/original_images/headphone/B7HNZDRDM5GN_aug.jpg,headphone
data/original_images/headphone/CX36LJ9SWFQ8.jpg,headphone
data/original_images/mug/Screenshot 2022-03-30 102242mm k k.png,mug
data/original_images/ballpoint/99G08WX7CWDF.jpg,ballpoint
data/original_images/files/TBMKJ2LL7B2M.jpg,files
data/original_images/mug/D0VJPCK9SM6Y_aug.jpg,mug
data/original_images/binder/BZT4WUO0DSZF.jpg,binder
data/original_images/ballpoint/0U5W2A1GV0HT.jpg,ballpoint
data/original_images/mug/images - 2022-03-30T094243.270.jpg,mug
data/original_images/mug/3SA4K6TC3L8T.jpg,mug
data/original_images/headphone/images (96).jpeg,headphone
data/original_images/files/21IR529CB89K.jpg,files
data/original_images/binder/PM6FCXURLXZT.jpg,binder
data/original_images/files/4NDN5XMJI2E5.jpg,files
data/original_images/binder/F70GC8IC4RYX.jpg,binder
data/original_images/mug/XTQTG3FZCI6T.jpg,mug
data/original_images/binder/GV65D3VCWE0F.jpg,binder
data/original_images/files/U9TLY3EP3N2B.jpg,files
data/original_images/mouse/2JIVE49S75DZ.jpg,mouse
data/original_images/files/IA3LG4LXNSCJ.jpg,files
data/original_images/headphone/56SCNEDD0ERI_aug.jpg,headphone
data/original_images/headphone/AAVUVAZO9Z0N.jpg,headphone
data/original_images/files/9JU9P0YAZ18M.jpg,files
data/original_images/files/UDQ5ZOE2TC0A.jpg,files
data/original_images/mug/assssssss.png,mug
data/original_images/binder/MKZPVGX7HAFH.jpg,binder
data/original_images/headphone/ZXTDC1XT7G4X.jpg,headphone
data/original_images/mug/images - 2022-03-29T155402.567.jpg,mug
data/original_images/headphone/images (75).jpeg,headphone
data/original_images/mug/images - 2022-03-29T161629.367.jpg,mug
data/original_images/mug/9FLLKN6QOT41.jpg,mug
data/original_images/mouse/3L76V2R0JVC6.jpg,mouse
data/original_images/files/EI526CXGNW8M.jpg,files
data/original_images/binder/7HAGUUL2R6EC.jpg,binder
data/original_images/headphone/image (3).jpeg,headphone
data/original_images/headphone/images (163).jpeg,headphone
data/original_images/headphone/46BB7OK63D1F.jpg,headphone
data/original_images/binder/48THHHMRUKUF.jpg,binder
data/original_images/headphone/EJB8H8LQF8DE.jpg,headphone
data/original_images/headphone/55L3O36SD5JY.jpg,headphone
data/original_images/files/3URSOY91CJN8.jpg,files
data/original_images/mouse/RI6D4ZZVJRGT.jpg,mouse
data/original_images/mouse/PFYLSENGOQ8F.jpg,mouse
data/original_images/files/AAVHWWAAUM6W.jpg,files
data/original_images/headphone/G5A6ONDB8FL6.jpg,headphone
data/original_images/files/WD4YG74NMPJP_aug.jpg,files
data/original_images/binder/TBZX845VPKF8.jpg,binder
data/original_images/files/UDQ5ZOE2TC0A_aug.jpg,files
data/original_images/binder/NF5JXMNE8RXG.jpg,binder
data/original_images/ballpoint/W5IR08HXWPSE.jpg,ballpoint
data/original_images/headphone/images (67).jpeg,headphone
data/original_images/files/Y403BIJROR7C.jpg,files
data/original_images/files/85V1ZEV8TD07.jpg,files
data/original_images/files/1LVP6C9T3ZYP.jpg,files
data/original_images/files/OJ9DLJH7ME70.jpg,files
data/original_images/binder/TXR94DNLD8OI.jpg,binder
data/original_images/binder/0SRCKTXU8ICQ.jpg,binder
data/original_images/binder/GVSAZ3TBXCFO_aug.jpg,binder
data/original_images/binder/ZTGZLG7WTPEW.jpg,binder
data/original_images/mug/FY54SSJ0ETAN.jpg,mug
data/original_images/ballpoint/PBHHM393ADWV.jpg,ballpoint
data/original_images/binder/92WPX3YURFEL.jpg,binder
data/original_images/mouse/1AO8CC8LB83B.jpg,mouse
data/original_images/files/BTUCIHJQJSDM.jpg,files
data/original_images/mug/1B8L5GOPQPNW.jpg,mug
data/original_images/files/YLMA7UVBPI4F.jpg,files
data/original_images/binder/ZTGZLG7WTPEW_aug.jpg,binder
data/original_images/headphone/F82MGV6FZ3H8_aug.jpg,headphone
data/original_images/mug/images - 2022-03-30T094636.141.jpg,mug
data/original_images/mouse/7JBTTNZHAVR1.jpg,mouse
data/original_images/files/T5BGYIHB4HZ3_aug.jpg,files
data/original_images/mouse/FOKA4FNTHJBM.jpg,mouse
data/original_images/ballpoint/VQ0N9TT5OHXU.jpg,ballpoint
data/original_images/headphone/4B0NR4A6OY5E_aug.jpg,headphone
data/original_images/headphone/83XYJM2OJAL7.jpg,headphone
data/original_images/mug/HCWWCG05VK21.jpg,mug
data/original_images/ballpoint/5EX5UKVPBNO9.jpg,ballpoint
data/original_images/mug/KBBHXJI5LZ3J.jpg,mug
data/original_images/files/GQ334D2RDNGU.jpg,files
data/original_images/mug/X9ZHBBDL84VP.jpg,mug
data/original_images/ballpoint/47N99F3LHKP6.jpg,ballpoint
data/original_images/binder/9NE1YZRCNBAO.jpg,binder
data/original_images/files/C12FG1MWS1WO.jpg,files
data/original_images/mug/A9U4K1D5KLPM.jpg,mug
data/original_images/mug/S0ZNB4KTX3ST.jpg,mug
data/original_images/mug/images - 2022-03-29T161629.266.jpg,mug
data/original_images/headphone/WFM7V2GVNKCD.jpg,headphone
data/original_images/mug/QQUC1RP5HSLQ_aug.jpg,mug
data/original_images/mug/images - 2022-03-29T160313.561.jpg,mug
data/original_images/headphone/BHVWK0LCWB03.jpg,headphone
data/original_images/headphone/G1TNDM7W7XKI_aug.jpg,headphone
data/original_images/headphone/0HMKCC0HT4ST_aug.jpg,headphone
data/original_images/binder/U1O4VKPDN4ZM_aug.jpg,binder
data/original_images/mouse/ENSBTUS97S8X.jpg,mouse
data/original_images/ballpoint/BZCCV554H1HD.jpg,ballpoint
data/original_images/ballpoint/XD0QXMCFNPMW.jpg,ballpoint
data/original_images/mouse/EEMYJWSU0O87.jpg,mouse
data/original_images/mug/Screenshot 2022-03-30 102230mm.png,mug
data/original_images/mug/DUVWOUZC9I74.jpg,mug
data/original_images/files/0IX72NK7SVHI.jpg,files
data/original_images/binder/IKZUM3MUH9VS.jpg,binder
data/original_images/mug/9W7SYJN8FVLB.jpg,mug
data/original_images/mug/MACENOJDHZ4E.jpg,mug
data/original_images/mouse/VRA668WR5MLO.jpg,mouse
data/original_images/headphone/1Q46S1TA0UQB.jpg,headphone
data/original_images/mug/images - 2022-03-29T161629.253.jpg,mug
data/original_images/files/DOEBJH5XL0Z8.jpg,files
data/original_images/headphone/03U8AWA2MO9Y_aug.jpg,headphone
data/original_images/binder/O232YZFD6RCV.jpg,binder
data/original_images/files/UJ52NXCAKHIZ.jpg,files
data/original_images/binder/GTXCH085WORV_aug.jpg,binder
data/original_images/files/7YM9RR3PFJO8.jpg,files
data/original_images/mug/78H8UNBEFTVN_aug.jpg,mug
data/original_images/headphone/BMFTB6IIBE9F_aug.jpg,headphone
data/original_images/mug/RL1KAZBBAAX1.jpg,mug
data/original_images/binder/1NZ2A9HWTPWM.jpg,binder
data/original_images/binder/RBLPX8ZCSTRQ_aug.jpg,binder
data/original_images/mug/XJXZUDQKIRE8_aug.jpg,mug
data/original_images/ballpoint/YNX24EZKJUU8.jpg,ballpoint
data/original_images/headphone/BRKX9EH3I8K7.jpg,headphone
data/original_images/mouse/V7TEGYGWL3QF.jpg,mouse
data/original_images/files/YGSUZFCT6KMB.jpg,files
data/original_images/ballpoint/RONWZ7HK7UBC.jpg,ballpoint
data/original_images/files/UU6O90LQCVOB.jpg,files
data/original_images/binder/KRL3N0GNP8TA_aug.jpg,binder
data/original_images/headphone/11F6EPZYAGZU_aug.jpg,headphone
data/original_images/binder/ANKIDXNSRSLK.jpg,binder
data/original_images/ballpoint/Z4NRP4VW74NA.jpg,ballpoint
data/original_images/mug/H70QX9E20MVS_aug.jpg,mug
data/original_images/ballpoint/0VGS2FIWG4XL.jpg,ballpoint
data/original_images/headphone/W2G1K2ZTR2C9.jpg,headphone
data/original_images/ballpoint/0COT3SS4W6M2.jpg,ballpoint
data/original_images/headphone/USZ6UXG9WOCC.jpg,headphone
data/original_images/binder/7GNZYL7LCGKE.jpg,binder
data/original_images/headphone/Y6W5BWGXW9DK_aug.jpg,headphone
data/original_images/files/CFPYKG0JFD4G.jpg,files
data/original_images/headphone/97UGGF6A411C.jpg,headphone
data/original_images/ballpoint/3LBGNSMU067R.jpg,ballpoint
data/original_images/binder/7RZQDDCAQJVG.jpg,binder
data/original_images/binder/HO3T4KRZBI5Q.jpg,binder
data/original_images/ballpoint/XSVZOGCFGFU6.jpg,ballpoint
data/original_images/files/CQVVZZP3BOE1.jpg,files
data/original_images/ballpoint/6U00WA6IRI2A.jpg,ballpoint
data/original_images/files/PUWWL1LFZKCE.jpg,files
data/original_images/files/6ASGIO6U6QR9.jpg,files
data/original_images/files/7755OERE3RBI.jpg,files
data/original_images/mouse/RBW0YO13Q4H2.jpg,mouse
data/original_images/files/312F1RVUZ61H.jpg,files
data/original_images/files/3PRPTV5HF88I.jpg,files
data/original_images/ballpoint/041BBKO5AHIE.jpg,ballpoint
data/original_images/mug/NATKYV1EMLB9_aug.jpg,mug
data/original_images/mug/B8KKDKUS2LXQ.jpg,mug
data/original_images/binder/8HYD5DXZWE4X.jpg,binder
data/original_images/mouse/32LFBSWD7YTJ.jpg,mouse
data/original_images/binder/CBZCATUWU1MD.jpg,binder
data/original_images/binder/3C9K8C5NTL5D.jpg,binder
data/original_images/ballpoint/VJYW07THGQOZ.jpg,ballpoint
data/original_images/mouse/Y9JPY4XL9Z4S.jpg,mouse
data/original_images/ballpoint/F0W3S6M3RHEW.jpg,ballpoint
data/original_images/ballpoint/9ZU5XYF19VDC.jpg,ballpoint
data/original_images/ballpoint/DIUDIRZA17ZN.jpg,ballpoint
data/original_images/binder/QMSY6715IGDW.jpg,binder
data/original_images/binder/I11W8DE4IATH.jpg,binder
data/original_images/ballpoint/ZN1V5K8IK9OG.jpg,ballpoint
data/original_images/files/T3I3Z9R9IDN1.jpg,files
data/original_images/mug/KNWFHBOBK795.jpg,mug
data/original_images/binder/FLB75UP4F9BW_aug.jpg,binder
data/original_images/files/EOCFIUCZAY7V.jpg,files
data/original_images/mug/6BFWNEODMBZP.jpg,mug
data/original_images/ballpoint/H2W0K8MQZE5W.jpg,ballpoint
data/original_images/binder/6JII6ZQBRWE5.jpg,binder
data/original_images/mouse/03DS76ZT7GVB.jpg,mouse
data/original_images/binder/TNPMO6FIAAKB.jpg,binder
data/original_images/files/QBP7SYUVT814_aug.jpg,files
data/original_images/ballpoint/RUKE7B7U3V4Y.jpg,ballpoint
data/original_images/headphone/CSJ23FH8KC36.jpg,headphone
data/original_images/mug/images - 2022-03-30T103924.640 (2).jpg,mug
data/original_images/ballpoint/2B12ORAJOXPK.jpg,ballpoint
data/original_images/files/UYI1TN2QPJ02.jpg,files
data/original_images/ballpoint/F0MA71COU1JF.jpg,ballpoint
data/original_images/ballpoint/6VD4R7QLKK14.jpg,ballpoint
data/original_images/binder/1UOKMHPNNSC3.jpg,binder
data/original_images/mug/UA29KMDI55HN.jpg,mug
data/original_images/ballpoint/H5V0JKJI9XWD.jpg,ballpoint
data/original_images/headphone/C4TRGOJBX8D0.jpg,headphone
data/original_images/mouse/G1QNL6J9Q1F9.jpg,mouse
data/original_images/headphone/KD73D64FMPZX.jpg,headphone
data/original_images/mouse/5K6HEGW1IDJ9.jpg,mouse
data/original_images/files/G5XB0GO8MEV3.jpg,files
data/original_images/binder/4YXKSM8D1ZME.jpg,binder
data/original_images/ballpoint/VYB4QI1OXDF7.jpg,ballpoint
data/original_images/binder/Q22BHQ2QHWZQ_aug.jpg,binder
data/original_images/headphone/F5T3I7I45VUF_aug.jpg,headphone
data/original_images/headphone/L5AOG2NWCATN.jpg,headphone
data/original_images/files/HW0UGTHXKUML.jpg,files
data/original_images/files/BSE9J3SSEVS4.jpg,files
data/original_images/mug/8GISNGZFX0AQ.jpg,mug
data/original_images/binder/A0FVIFVSFIMX.jpg,binder
data/original_images/files/JZVOQA9FAKP1.jpg,files
data/original_images/ballpoint/SJRWX8XZ4IOP.jpg,ballpoint
data/original_images/mouse/32QW29NHKZ4X.jpg,mouse
data/original_images/binder/6RB3ZH7AAF2C.jpg,binder
data/original_images/ballpoint/X78MHSL5BXNG.jpg,ballpoint
data/original_images/files/I1N3PS0SENE5.jpg,files
data/original_images/files/KJBI7VUZWQN0.jpg,files
data/original_images/mug/images - 2022-03-29T155402.430.jpg,mug
data/original_images/headphone/L0RTDYHEMBVS.jpg,headphone
data/original_images/ballpoint/6QVE442GGTCX.jpg,ballpoint
data/original_images/mouse/JQ9P19MS9XE5.jpg,mouse
data/original_images/binder/FYEJFVQEW9Z0.jpg,binder
data/original_images/ballpoint/G324JADJQKG0.jpg,ballpoint
data/original_images/files/NBR31YW90YRJ.jpg,files
data/original_images/mouse/7T0V8ZJS9H93.jpg,mouse
data/original_images/ballpoint/W1K9AZTWTB8P.jpg,ballpoint
data/original_images/mug/IIGDFHM2HQAO.jpg,mug
data/original_images/binder/PIFYLFIZIBVZ_aug.jpg,binder
data/original_images/headphone/image (5).jpeg,headphone
data/original_images/mug/F6VW5JBNDS3R.jpg,mug
data/original_images/mug/images - 2022-03-29T161629.338.jpg,mug
data/original_images/mouse/JK30KNVRAFXP.jpg,mouse
data/original_images/mouse/UFWG1DITH54S.jpg,mouse
data/original_images/files/1P8YLFPWZU7T.jpg,files
data/original_images/binder/7YUT3PB53IDE.jpg,binder
data/original_images/mug/images - 2022-03-30T094707.477.jpg,mug
data/original_images/mouse/J51INMBGT7UW.jpg,mouse
data/original_images/headphone/SLKQI1HR68HO.jpg,headphone
data/original_images/headphone/EL0KCUSNR7K3.jpg,headphone
data/original_images/mug/Screenshot 2022-03-30 095142dsdsd.png,mug
data/original_images/mouse/B4WFV4M3F4DR.jpg,mouse
data/original_images/binder/849Y2M1SUTPW.jpg,binder
data/original_images/files/AH56NRKZOYZ9.jpg,files
data/original_images/mug/images - 2022-03-30T104352.851.jpg,mug
data/original_images/binder/EI3XP043AOEK.jpg,binder
data/original_images/ballpoint/45OZQIBMK2AK.jpg,ballpoint
data/original_images/mug/9665HVYKORQT_aug.jpg,mug
data/original_images/ballpoint/FGXBL65GVNL2.jpg,ballpoint
data/original_images/mouse/326J6HKD8Y2O.jpg,mouse
data/original_images/mouse/G8AE5TLKB92Y.jpg,mouse
data/original_images/ballpoint/HLGXJNNBEGQ2.jpg,ballpoint
data/original_images/mug/HIAF72R8S4G5.jpg,mug
data/original_images/mug/94US31ZMJ8JI.jpg,mug
data/original_images/headphone/FZ1KQ17NZCCD.jpg,headphone
data/original_images/headphone/1YRL64JRG8OM.jpg,headphone
data/original_images/files/AKKLZQWXLTUY.jpg,files
data/original_images/files/S9PT20PUYPBO.jpg,files
data/original_images/binder/H239LTH06E97.jpg,binder
data/original_images/mouse/JRGJMX8M795Z.jpg,mouse
data/original_images/mouse/ITSPZNSSU3ZD.jpg,mouse
data/original_images/binder/LT5RDCZ858PZ.jpg,binder
data/original_images/mug/images - 2022-03-29T160531.821.jpg,mug
data/original_images/ballpoint/SMTM2RYJNS7A.jpg,ballpoint
data/original_images/mouse/X5WQV32XZDTY.jpg,mouse
data/original_images/ballpoint/Y6OHEZJYYPLU.jpg,ballpoint
data/original_images/headphone/8RQCE91AWRY8.jpg,headphone
data/original_images/mug/3RHOFTTB303R.jpg,mug
data/original_images/mouse/E7ZDY5OS5TR4.jpg,mouse
data/original_images/mouse/37T9EIFV8UW8.jpg,mouse
data/original_images/files/S1ZBVGN5PRE8.jpg,files
data/original_images/headphone/7VOC6QYD6DUS.jpg,headphone
data/original_images/files/NJLDKP9PD4B4.jpg,files
data/original_images/binder/2ZJE2CWHY4ZD.jpg,binder
data/original_images/headphone/6WA7W5J78SG0.jpg,headphone
data/original_images/mug/Screenshot 2022-03-30 09531487777.png,mug
data/original_images/mug/019RJ3NZRLZQ.jpg,mug
data/original_images/mouse/TJ2EJ65YRCCH.jpg,mouse
data/original_images/binder/2A2FAM8ZAICB.jpg,binder
data/original_images/binder/BHCQ0C6R9J9J.jpg,binder
data/original_images/binder/DE2YQN10UXDE.jpg,binder
data/original_images/headphone/V2VIGEGZ55KQ.jpg,headphone
data/original_images/mouse/XAFVA7ARDY7S.jpg,mouse
data/original_images/mug/CTZB0L1QNF5T_aug.jpg,mug
data/original_images/mouse/M8XEA41FDTIB.jpg,mouse
data/original_images/binder/93H4LM1AKSP5.jpg,binder
data/original_images/binder/DXIXVDVZZXEU_aug.jpg,binder
data/original_images/binder/DSQTJMCUQK46_aug.jpg,binder
data/original_images/headphone/images (38).jpeg,headphone
data/original_images/headphone/480FP9UQX78A_aug.jpg,headphone
data/original_images/binder/DU45XSK2U07X.jpg,binder
data/original_images/binder/85IYBQGQUUEB.jpg,binder
data/original_images/mug/images (69).jpg,mug
data/original_images/binder/GE50GYTOJ6VL_aug.jpg,binder
data/original_images/mouse/PFAUY63BQO9V.jpg,mouse
data/original_images/files/IERMLO3DDVDK.jpg,files
data/original_images/mug/images (100).jpg,mug
data/original_images/headphone/H47UGRK779DD.jpg,headphone
data/original_images/headphone/POXIU4DPCIJH.jpg,headphone
data/original_images/mug/76O5KXHN5V26_aug.jpg,mug
data/original_images/mug/NFMEES3SVP9I_aug.jpg,mug
data/original_images/headphone/images (101).jpeg,headphone
data/original_images/mug/images - 2022-03-29T161629.402.jpg,mug
data/original_images/ballpoint/ULEL4VRJIAJE.jpg,ballpoint
data/original_images/binder/7553D9IUULQF_aug.jpg,binder
data/original_images/binder/OVKCFBOL6R59_aug.jpg,binder
data/original_images/ballpoint/RHB30URCJ4WQ.jpg,ballpoint
data/original_images/files/D6W2RA2XZ1IV.jpg,files
data/original_images/files/8SP0M9C3K6IR.jpg,files
data/original_images/mouse/Y4B95TPEMXAW.jpg,mouse
data/original_images/binder/L60Z6LKGBCXS.jpg,binder
data/original_images/mouse/PDMTS4JBZQMU.jpg,mouse
data/original_images/ballpoint/JGGJTKZ5ZCXD.jpg,ballpoint
data/original_images/ballpoint/GTKH7X03N357.jpg,ballpoint
data/original_images/mouse/AJESLHLDZGRM.jpg,mouse
data/original_images/headphone/9GPDNLSUUSI4_aug.jpg,headphone
data/original_images/mug/6W7GUQJHMVN5.jpg,mug
data/original_images/files/U7QBGD2AU13Q.jpg,files
data/original_images/ballpoint/SNSDSLQ7BQ1M.jpg,ballpoint
data/original_images/headphone/G6HI87IPAHCL.jpg,headphone
data/original_images/mug/images - 2022-03-29T160935.665.jpg,mug
data/original_images/mug/ENBSDYIYCI6Y.jpg,mug
data/original_images/ballpoint/3HR6C81LZLTG.jpg,ballpoint
data/original_images/ballpoint/O5RUIW8WAW7J.jpg,ballpoint
data/original_images/files/4QV971YA84QR.jpg,files
data/original_images/mug/EUPSJLV5X0VX.jpg,mug
data/original_images/ballpoint/MB2OK5E981NG.jpg,ballpoint
data/original_images/headphone/5462J3IDU7YX.jpg,headphone
data/original_images/headphone/AYZ6IPZ2YTUL_aug.jpg,headphone
data/original_images/mug/images - 2022-03-30T093844.165.jpg,mug
data/original_images/files/9GHZKWL3PJOE.jpg,files
data/original_images/headphone/images (52).jpeg,headphone
data/original_images/mug/22FH5GC6DSAZ_aug.jpg,mug
data/original_images/mouse/I922J0BN693M.jpg,mouse
data/original_images/ballpoint/APALKPWM9UTW.jpg,ballpoint
data/original_images/mug/images (5).png,mug
data/original_images/binder/9SE9VA2SJ0LM.jpg,binder
data/original_images/files/OA6WQ129064K.jpg,files
data/original_images/binder/99JAYXPYPINW_aug.jpg,binder
data/original_images/binder/ELKZI8TMBDR6.jpg,binder
data/original_images/files/QI77NMSOAIAD.jpg,files
data/original_images/mouse/3TBXJOC3ODV6.jpg,mouse
data/original_images/headphone/DVQBG7C8VUOA.jpg,headphone
data/original_images/ballpoint/ZJW1BW5H6PEK.jpg,ballpoint
data/original_images/files/X45ES2QEEOJD_aug.jpg,files
data/original_images/mouse/NU194S8NOA9Y.jpg,mouse
data/original_images/files/3HMXQTLK9IPJ.jpg,files
data/original_images/mouse/AGEVM05QRJ6E.jpg,mouse
data/original_images/files/BI2Q4D7W3QNR.jpg,files
data/original_images/binder/96EO37OI9R2P.jpg,binder
data/original_images/files/0IXSJDQQW7SD.jpg,files
data/original_images/binder/SDE50ZZ49WQX.jpg,binder
data/original_images/headphone/WYVMOV19CAZF.jpg,headphone
data/original_images/binder/28F7LJ57CHE4.jpg,binder
data/original_images/ballpoint/GOCPSL77A9VC.jpg,ballpoint
data/original_images/mug/7LYGOZGSWWYU_aug.jpg,mug
data/original_images/binder/ZOLT4I9Q13ZR.jpg,binder
data/original_images/files/0QS6KVKRLSE3.jpg,files
data/original_images/headphone/7G4L7XDC2YYU.jpg,headphone
data/original_images/files/R0D2H4L5YVGS.jpg,files
data/original_images/mug/GQ7MW375NF90.jpg,mug
data/original_images/ballpoint/MJCNKTF9ELDT.jpg,ballpoint
data/original_images/mouse/JHV1MXMRYXVI.jpg,mouse
data/original_images/mouse/W4KX1XJ6D084.jpg,mouse
data/original_images/mug/images (25).jpg,mug
data/original_images/binder/KWZLGM7DGF7A.jpg,binder
data/original_images/mouse/F7V6S2B8X89R.jpg,mouse
data/original_images/headphone/1IUI89D113QR.jpg,headphone
data/original_images/binder/HB3ED1FA5MF0.jpg,binder
data/original_images/mug/images - 2022-03-30T094357.180.jpg,mug
data/original_images/files/4YX1H43EKNP5.jpg,files
data/original_images/files/YGXBAPR497WD.jpg,files
data/original_images/binder/I0C0177A210G.jpg,binder
data/original_images/mouse/E9ZMGPPWYW50.jpg,mouse
data/original_images/headphone/images (150).jpeg,headphone
data/original_images/headphone/24XIVJQXB2ZH.jpg,headphone
data/original_images/mug/IXIOM8HXC04T.jpg,mug
data/original_images/mouse/PIWXWVC25HC2.jpg,mouse
data/original_images/binder/20B4ZW7X85HL.jpg,binder
data/original_images/binder/C2QXAXQLU02T.jpg,binder
data/original_images/mouse/U7W02TNYS4Y2.jpg,mouse
data/original_images/binder/SC0W4HBU5MGU.jpg,binder
data/original_images/ballpoint/7TEJVGIJTBN1.jpg,ballpoint
data/original_images/binder/4KIAEZC0CME1.jpg,binder
data/original_images/files/QCSDYJBC2VH0.jpg,files
data/original_images/mouse/984DIXHF97NK.jpg,mouse
data/original_images/headphone/SKGAUW2FLIKX.jpg,headphone
data/original_images/ballpoint/9UTCXE1J0CZG.jpg,ballpoint
data/original_images/binder/IK5THIWL0CW2.jpg,binder
data/original_images/mug/images - 2022-03-29T160935.706.jpg,mug
data/original_images/mug/3PL6VAGT75AI.jpg,mug
data/original_images/mug/K7Y4LZJB3FW8.jpg,mug
data/original_images/mouse/75AI57ZJVXX9.jpg,mouse
data/original_images/ballpoint/XKKS4F3L4HR5.jpg,ballpoint
data/original_images/ballpoint/LNLW4CBQ3GY4.jpg,ballpoint
data/original_images/mug/images - 2022-03-29T161200.733.jpg,mug
data/original_images/files/BK6XU8KDTLE4.jpg,files
data/original_images/files/2D7T4V0HCK8L.jpg,files
data/original_images/binder/H6O6U7IUG45H.jpg,binder
data/original_images/files/ZUN87S1VUPUR.jpg,files
data/original_images/headphone/RENPNF7M3YUG_aug.jpg,headphone
data/original_images/files/CRCMQKMC9ZE5.jpg,files
data/original_images/mug/T7WGGVSSVKFR.jpg,mug
data/original_images/files/QOLMSG2D9ZK5.jpg,files
data/original_images/binder/PB023PYE8GS4.jpg,binder
data/original_images/mug/1ZQ500C2V7TU.jpg,mug
data/original_images/mug/T03KQYMCCHYA.jpg,mug
data/original_images/files/F4T1G6MXCZ10.jpg,files
data/original_images/headphone/MV4YBYYTSZSS.jpg,headphone
data/original_images/headphone/6JXLT85UEDYR.jpg,headphone
data/original_images/headphone/images (125).jpeg,headphone
data/original_images/mug/zzzzzzzzzzzzzz.png,mug
data/original_images/headphone/3EQPDGD8DPTM.jpg,headphone
data/original_images/mouse/KY71MVN9NNKC.jpg,mouse
data/original_images/mug/ASFEJIFAWZL5_aug.jpg,mug
data/original_images/ballpoint/OQ9SHA70N5NU.jpg,ballpoint
data/original_images/ballpoint/KKLZD2AHS8LV.jpg,ballpoint
data/original_images/ballpoint/WRE7Q9I47SZ3.jpg,ballpoint
data/original_images/files/X1KWJEP271UG.jpg,files
data/original_images/mouse/M7KAUX1LLWGC.jpg,mouse
data/original_images/binder/PV6WKSSC82EN_aug.jpg,binder
data/original_images/mug/T506C5MCMBE0.jpg,mug
data/original_images/headphone/L45F0Q7CWCFQ.jpg,headphone
data/original_images/ballpoint/XMN0355AQI9H.jpg,ballpoint
data/original_images/headphone/TOWNAJB6M9XJ.jpg,headphone
data/original_images/files/2H1JFUWDK9FL.jpg,files
data/original_images/mouse/LCZMFYQXMIBQ.jpg,mouse
data/original_images/mouse/W2A0XNF2X8RM.jpg,mouse
data/original_images/headphone/371VH47RJWEO_aug.jpg,headphone
data/original_images/headphone/images (175).jpeg,headphone
data/original_images/headphone/images (59).jpeg,headphone
data/original_images/ballpoint/7DXQU82ZQI8A.jpg,ballpoint
data/original_images/files/637PTA67W188.jpg,files
data/original_images/files/L3QKDDO19P2P.jpg,files
data/original_images/mug/images - 2022-03-29T160531.788.jpg,mug
data/original_images/headphone/8NK668IWT4KS_aug.jpg,headphone
data/original_images/mouse/E07CQJYY4P6S.jpg,mouse
data/original_images/mouse/QXTMYT6PWEKZ.jpg,mouse
data/original_images/mouse/MBHH0NK1BD2R.jpg,mouse
data/original_images/binder/5L5L1WPGVOEV.jpg,binder
data/original_images/files/WQPPTEG1E3C2.jpg,files
data/original_images/mug/OJR68ARAR4F3_aug.jpg,mug
data/original_images/binder/HX68FXSG6AVE.jpg,binder
data/original_images/ballpoint/LLOF271JQ4VJ.jpg,ballpoint
data/original_images/binder/SHBXB6NOCOGE_aug.jpg,binder
data/original_images/headphone/4A41DS64YZVB_aug.jpg,headphone
data/original_images/mug/9DJMXCI8TDCP_aug.jpg,mug
data/original_images/binder/TYTHYZDTC36A.jpg,binder
data/original_images/headphone/ZUI90I2R1FO1.jpg,headphone
data/original_images/ballpoint/H9SABJO5AL8C.jpg,ballpoint
data/original_images/mug/RLF4VZAMEWKV_aug.jpg,mug
data/original_images/mouse/LEL619GTZMVV.jpg,mouse
data/original_images/files/G7IOG06JI13T.jpg,files
data/original_images/binder/NI5O9ZQVVXGC.jpg,binder
data/original_images/mouse/P6TYPIVKEAZN.jpg,mouse
data/original_images/mouse/B94O4ZOS3WDS.jpg,mouse
data/original_images/mug/images - 2022-03-29T161200.742.jpg,mug
data/original_images/headphone/80V22WRUUN4S_aug.jpg,headphone
data/original_images/mouse/KQ96SEGSHTHR.jpg,mouse
data/original_images/files/MS9B1X1T1AKR.jpg,files
data/original_images/headphone/XGWU39UFLBRZ.jpg,headphone
data/original_images/binder/K61ZUQIG8YGS_aug.jpg,binder
data/original_images/mug/S051I5BCCMX5.jpg,mug
data/original_images/headphone/97UGGF6A411C_aug.jpg,headphone
data/original_images/binder/193USCVRCBTP.jpg,binder
data/original_images/mouse/CS2H8TQCOKGT.jpg,mouse
data/original_images/headphone/XYAGXKJNQ48U.jpg,headphone
data/original_images/ballpoint/76D65XGFH4IC.jpg,ballpoint
data/original_images/headphone/LYXUXCDUL4M7_aug.jpg,headphone
data/original_images/mug/O42EYFQZGHFT.jpg,mug
data/original_images/mouse/9Z131SCZ11KS.jpg,mouse
data/original_images/ballpoint/LBNC9F2PB5WG.jpg,ballpoint
data/original_images/files/WD4YG74NMPJP.jpg,files
data/original_images/binder/GLU58YS3YRTP.jpg,binder
data/original_images/mug/V6CDXUVN60RT.jpg,mug
data/original_images/mouse/G3LTT141OK8R.jpg,mouse
data/original_images/files/4DUFN0DP7X3Q.jpg,files
data/original_images/binder/5B1QDQIMKSIT.jpg,binder
data/original_images/files/4O0O495B9YIS.jpg,files
data/original_images/binder/BRT24YAWE0NR.jpg,binder
data/original_images/binder/DJ2903FB39QP_aug.jpg,binder
data/original_images/files/7CEFMNC0SU2Z.jpg,files
data/original_images/mouse/0VJITJRWHS5G.jpg,mouse
data/original_images/files/SYY8Z2TG1D3A.jpg,files
data/original_images/mouse/6WWU4IDXQI9O.jpg,mouse
data/original_images/files/J6VR5H7U32EY.jpg,files
